DEBUG - 2025-11-19 13:15:53 --> Session: Class initialized using 'CodeIgniter\Session\Handlers\FileHandler' driver.
DEBUG - 2025-11-19 13:16:52 --> Session: Class initialized using 'CodeIgniter\Session\Handlers\FileHandler' driver.
ERROR - 2025-11-19 13:18:17 --> mysqli_sql_exception: Unknown column 'fecha_edit' in 'field list' in C:\xampp\htdocs\pos\system\Database\MySQLi\Connection.php:327
Stack trace:
#0 C:\xampp\htdocs\pos\system\Database\MySQLi\Connection.php(327): mysqli->query('UPDATE `configu...', 0)
#1 C:\xampp\htdocs\pos\system\Database\BaseConnection.php(729): CodeIgniter\Database\MySQLi\Connection->execute('UPDATE `configu...')
#2 C:\xampp\htdocs\pos\system\Database\BaseConnection.php(646): CodeIgniter\Database\BaseConnection->simpleQuery('UPDATE `configu...')
#3 C:\xampp\htdocs\pos\system\Database\BaseBuilder.php(2521): CodeIgniter\Database\BaseConnection->query('UPDATE `configu...', Array, false)
#4 C:\xampp\htdocs\pos\system\Model.php(461): CodeIgniter\Database\BaseBuilder->update()
#5 C:\xampp\htdocs\pos\system\BaseModel.php(1025): CodeIgniter\Model->doUpdate(Array, Array)
#6 C:\xampp\htdocs\pos\system\Model.php(860): CodeIgniter\BaseModel->update(Array, Array)
#7 C:\xampp\htdocs\pos\app\Controllers\Configuracion.php(63): CodeIgniter\Model->update(Array, Array)
#8 C:\xampp\htdocs\pos\system\CodeIgniter.php(933): App\Controllers\Configuracion->actualizar()
#9 C:\xampp\htdocs\pos\system\CodeIgniter.php(507): CodeIgniter\CodeIgniter->runController(Object(App\Controllers\Configuracion))
#10 C:\xampp\htdocs\pos\system\CodeIgniter.php(354): CodeIgniter\CodeIgniter->handleRequest(NULL, Object(Config\Cache), false)
#11 C:\xampp\htdocs\pos\system\Boot.php(363): CodeIgniter\CodeIgniter->run()
#12 C:\xampp\htdocs\pos\system\Boot.php(68): CodeIgniter\Boot::runCodeIgniter(Object(CodeIgniter\CodeIgniter))
#13 C:\xampp\htdocs\pos\public\index.php(59): CodeIgniter\Boot::bootWeb(Object(Config\Paths))
#14 {main}
CRITICAL - 2025-11-19 13:18:17 --> CodeIgniter\Database\Exceptions\DatabaseException: Unknown column 'fecha_edit' in 'field list'
[Method: POST, Route: configuracion/actualizar]
in SYSTEMPATH\Database\BaseConnection.php on line 684.
 1 SYSTEMPATH\Database\BaseBuilder.php(2521): CodeIgniter\Database\BaseConnection->query('UPDATE `configuracion` SET `valor` = :valor:, `fecha_edit` = :fecha_edit:
WHERE `configuracion`.`id` IN :configuracion.id:', [...], false)
 2 SYSTEMPATH\Model.php(461): CodeIgniter\Database\BaseBuilder->update()
 3 SYSTEMPATH\BaseModel.php(1025): CodeIgniter\Model->doUpdate([...], [...])
 4 SYSTEMPATH\Model.php(860): CodeIgniter\BaseModel->update([...], [...])
 5 APPPATH\Controllers\Configuracion.php(63): CodeIgniter\Model->update([...], [...])
 6 SYSTEMPATH\CodeIgniter.php(933): App\Controllers\Configuracion->actualizar()
 7 SYSTEMPATH\CodeIgniter.php(507): CodeIgniter\CodeIgniter->runController(Object(App\Controllers\Configuracion))
 8 SYSTEMPATH\CodeIgniter.php(354): CodeIgniter\CodeIgniter->handleRequest(null, Object(Config\Cache), false)
 9 SYSTEMPATH\Boot.php(363): CodeIgniter\CodeIgniter->run()
10 SYSTEMPATH\Boot.php(68): CodeIgniter\Boot::runCodeIgniter(Object(CodeIgniter\CodeIgniter))
11 FCPATH\index.php(59): CodeIgniter\Boot::bootWeb(Object(Config\Paths))
CRITICAL - 2025-11-19 13:18:17 --> [Caused by] CodeIgniter\Database\Exceptions\DatabaseException: Unknown column 'fecha_edit' in 'field list'
in SYSTEMPATH\Database\MySQLi\Connection.php on line 332.
 1 SYSTEMPATH\Database\BaseConnection.php(729): CodeIgniter\Database\MySQLi\Connection->execute('UPDATE `configuracion` SET `valor` = \'Tienda CDP 1\', `fecha_edit` = \'2025-11-19 13:18:17\'
WHERE `configuracion`.`id` IN (\'tienda_nombre\')')
 2 SYSTEMPATH\Database\BaseConnection.php(646): CodeIgniter\Database\BaseConnection->simpleQuery('UPDATE `configuracion` SET `valor` = \'Tienda CDP 1\', `fecha_edit` = \'2025-11-19 13:18:17\'
WHERE `configuracion`.`id` IN (\'tienda_nombre\')')
 3 SYSTEMPATH\Database\BaseBuilder.php(2521): CodeIgniter\Database\BaseConnection->query('UPDATE `configuracion` SET `valor` = :valor:, `fecha_edit` = :fecha_edit:
WHERE `configuracion`.`id` IN :configuracion.id:', [...], false)
 4 SYSTEMPATH\Model.php(461): CodeIgniter\Database\BaseBuilder->update()
 5 SYSTEMPATH\BaseModel.php(1025): CodeIgniter\Model->doUpdate([...], [...])
 6 SYSTEMPATH\Model.php(860): CodeIgniter\BaseModel->update([...], [...])
 7 APPPATH\Controllers\Configuracion.php(63): CodeIgniter\Model->update([...], [...])
 8 SYSTEMPATH\CodeIgniter.php(933): App\Controllers\Configuracion->actualizar()
 9 SYSTEMPATH\CodeIgniter.php(507): CodeIgniter\CodeIgniter->runController(Object(App\Controllers\Configuracion))
10 SYSTEMPATH\CodeIgniter.php(354): CodeIgniter\CodeIgniter->handleRequest(null, Object(Config\Cache), false)
11 SYSTEMPATH\Boot.php(363): CodeIgniter\CodeIgniter->run()
12 SYSTEMPATH\Boot.php(68): CodeIgniter\Boot::runCodeIgniter(Object(CodeIgniter\CodeIgniter))
13 FCPATH\index.php(59): CodeIgniter\Boot::bootWeb(Object(Config\Paths))
CRITICAL - 2025-11-19 13:18:17 --> [Caused by] mysqli_sql_exception: Unknown column 'fecha_edit' in 'field list'
in SYSTEMPATH\Database\MySQLi\Connection.php on line 327.
 1 SYSTEMPATH\Database\MySQLi\Connection.php(327): mysqli->query('UPDATE `configuracion` SET `valor` = \'Tienda CDP 1\', `fecha_edit` = \'2025-11-19 13:18:17\'
WHERE `configuracion`.`id` IN (\'tienda_nombre\')', 0)
 2 SYSTEMPATH\Database\BaseConnection.php(729): CodeIgniter\Database\MySQLi\Connection->execute('UPDATE `configuracion` SET `valor` = \'Tienda CDP 1\', `fecha_edit` = \'2025-11-19 13:18:17\'
WHERE `configuracion`.`id` IN (\'tienda_nombre\')')
 3 SYSTEMPATH\Database\BaseConnection.php(646): CodeIgniter\Database\BaseConnection->simpleQuery('UPDATE `configuracion` SET `valor` = \'Tienda CDP 1\', `fecha_edit` = \'2025-11-19 13:18:17\'
WHERE `configuracion`.`id` IN (\'tienda_nombre\')')
 4 SYSTEMPATH\Database\BaseBuilder.php(2521): CodeIgniter\Database\BaseConnection->query('UPDATE `configuracion` SET `valor` = :valor:, `fecha_edit` = :fecha_edit:
WHERE `configuracion`.`id` IN :configuracion.id:', [...], false)
 5 SYSTEMPATH\Model.php(461): CodeIgniter\Database\BaseBuilder->update()
 6 SYSTEMPATH\BaseModel.php(1025): CodeIgniter\Model->doUpdate([...], [...])
 7 SYSTEMPATH\Model.php(860): CodeIgniter\BaseModel->update([...], [...])
 8 APPPATH\Controllers\Configuracion.php(63): CodeIgniter\Model->update([...], [...])
 9 SYSTEMPATH\CodeIgniter.php(933): App\Controllers\Configuracion->actualizar()
10 SYSTEMPATH\CodeIgniter.php(507): CodeIgniter\CodeIgniter->runController(Object(App\Controllers\Configuracion))
11 SYSTEMPATH\CodeIgniter.php(354): CodeIgniter\CodeIgniter->handleRequest(null, Object(Config\Cache), false)
12 SYSTEMPATH\Boot.php(363): CodeIgniter\CodeIgniter->run()
13 SYSTEMPATH\Boot.php(68): CodeIgniter\Boot::runCodeIgniter(Object(CodeIgniter\CodeIgniter))
14 FCPATH\index.php(59): CodeIgniter\Boot::bootWeb(Object(Config\Paths))
ERROR - 2025-11-19 13:21:32 --> mysqli_sql_exception: You have an error in your SQL syntax; check the manual that corresponds to your MariaDB server version for the right syntax to use near '= '2025-11-19 13:21:32'
WHERE `configuracion`.`id` IN ('tienda_nombre')' at line 1 in C:\xampp\htdocs\pos\system\Database\MySQLi\Connection.php:327
Stack trace:
#0 C:\xampp\htdocs\pos\system\Database\MySQLi\Connection.php(327): mysqli->query('UPDATE `configu...', 0)
#1 C:\xampp\htdocs\pos\system\Database\BaseConnection.php(729): CodeIgniter\Database\MySQLi\Connection->execute('UPDATE `configu...')
#2 C:\xampp\htdocs\pos\system\Database\BaseConnection.php(646): CodeIgniter\Database\BaseConnection->simpleQuery('UPDATE `configu...')
#3 C:\xampp\htdocs\pos\system\Database\BaseBuilder.php(2521): CodeIgniter\Database\BaseConnection->query('UPDATE `configu...', Array, false)
#4 C:\xampp\htdocs\pos\system\Model.php(461): CodeIgniter\Database\BaseBuilder->update()
#5 C:\xampp\htdocs\pos\system\BaseModel.php(1025): CodeIgniter\Model->doUpdate(Array, Array)
#6 C:\xampp\htdocs\pos\system\Model.php(860): CodeIgniter\BaseModel->update(Array, Array)
#7 C:\xampp\htdocs\pos\app\Controllers\Configuracion.php(63): CodeIgniter\Model->update(Array, Array)
#8 C:\xampp\htdocs\pos\system\CodeIgniter.php(933): App\Controllers\Configuracion->actualizar()
#9 C:\xampp\htdocs\pos\system\CodeIgniter.php(507): CodeIgniter\CodeIgniter->runController(Object(App\Controllers\Configuracion))
#10 C:\xampp\htdocs\pos\system\CodeIgniter.php(354): CodeIgniter\CodeIgniter->handleRequest(NULL, Object(Config\Cache), false)
#11 C:\xampp\htdocs\pos\system\Boot.php(363): CodeIgniter\CodeIgniter->run()
#12 C:\xampp\htdocs\pos\system\Boot.php(68): CodeIgniter\Boot::runCodeIgniter(Object(CodeIgniter\CodeIgniter))
#13 C:\xampp\htdocs\pos\public\index.php(59): CodeIgniter\Boot::bootWeb(Object(Config\Paths))
#14 {main}
CRITICAL - 2025-11-19 13:21:32 --> CodeIgniter\Database\Exceptions\DatabaseException: You have an error in your SQL syntax; check the manual that corresponds to your MariaDB server version for the right syntax to use near '= '2025-11-19 13:21:32'
WHERE `configuracion`.`id` IN ('tienda_nombre')' at line 1
[Method: POST, Route: configuracion/actualizar]
in SYSTEMPATH\Database\BaseConnection.php on line 684.
 1 SYSTEMPATH\Database\BaseBuilder.php(2521): CodeIgniter\Database\BaseConnection->query('UPDATE `configuracion` SET `valor` = :valor:,  = ::
WHERE `configuracion`.`id` IN :configuracion.id:', [...], false)
 2 SYSTEMPATH\Model.php(461): CodeIgniter\Database\BaseBuilder->update()
 3 SYSTEMPATH\BaseModel.php(1025): CodeIgniter\Model->doUpdate([...], [...])
 4 SYSTEMPATH\Model.php(860): CodeIgniter\BaseModel->update([...], [...])
 5 APPPATH\Controllers\Configuracion.php(63): CodeIgniter\Model->update([...], [...])
 6 SYSTEMPATH\CodeIgniter.php(933): App\Controllers\Configuracion->actualizar()
 7 SYSTEMPATH\CodeIgniter.php(507): CodeIgniter\CodeIgniter->runController(Object(App\Controllers\Configuracion))
 8 SYSTEMPATH\CodeIgniter.php(354): CodeIgniter\CodeIgniter->handleRequest(null, Object(Config\Cache), false)
 9 SYSTEMPATH\Boot.php(363): CodeIgniter\CodeIgniter->run()
10 SYSTEMPATH\Boot.php(68): CodeIgniter\Boot::runCodeIgniter(Object(CodeIgniter\CodeIgniter))
11 FCPATH\index.php(59): CodeIgniter\Boot::bootWeb(Object(Config\Paths))
CRITICAL - 2025-11-19 13:21:32 --> [Caused by] CodeIgniter\Database\Exceptions\DatabaseException: You have an error in your SQL syntax; check the manual that corresponds to your MariaDB server version for the right syntax to use near '= '2025-11-19 13:21:32'
WHERE `configuracion`.`id` IN ('tienda_nombre')' at line 1
in SYSTEMPATH\Database\MySQLi\Connection.php on line 332.
 1 SYSTEMPATH\Database\BaseConnection.php(729): CodeIgniter\Database\MySQLi\Connection->execute('UPDATE `configuracion` SET `valor` = \'Tienda CDP 1\',  = \'2025-11-19 13:21:32\'
WHERE `configuracion`.`id` IN (\'tienda_nombre\')')
 2 SYSTEMPATH\Database\BaseConnection.php(646): CodeIgniter\Database\BaseConnection->simpleQuery('UPDATE `configuracion` SET `valor` = \'Tienda CDP 1\',  = \'2025-11-19 13:21:32\'
WHERE `configuracion`.`id` IN (\'tienda_nombre\')')
 3 SYSTEMPATH\Database\BaseBuilder.php(2521): CodeIgniter\Database\BaseConnection->query('UPDATE `configuracion` SET `valor` = :valor:,  = ::
WHERE `configuracion`.`id` IN :configuracion.id:', [...], false)
 4 SYSTEMPATH\Model.php(461): CodeIgniter\Database\BaseBuilder->update()
 5 SYSTEMPATH\BaseModel.php(1025): CodeIgniter\Model->doUpdate([...], [...])
 6 SYSTEMPATH\Model.php(860): CodeIgniter\BaseModel->update([...], [...])
 7 APPPATH\Controllers\Configuracion.php(63): CodeIgniter\Model->update([...], [...])
 8 SYSTEMPATH\CodeIgniter.php(933): App\Controllers\Configuracion->actualizar()
 9 SYSTEMPATH\CodeIgniter.php(507): CodeIgniter\CodeIgniter->runController(Object(App\Controllers\Configuracion))
10 SYSTEMPATH\CodeIgniter.php(354): CodeIgniter\CodeIgniter->handleRequest(null, Object(Config\Cache), false)
11 SYSTEMPATH\Boot.php(363): CodeIgniter\CodeIgniter->run()
12 SYSTEMPATH\Boot.php(68): CodeIgniter\Boot::runCodeIgniter(Object(CodeIgniter\CodeIgniter))
13 FCPATH\index.php(59): CodeIgniter\Boot::bootWeb(Object(Config\Paths))
CRITICAL - 2025-11-19 13:21:32 --> [Caused by] mysqli_sql_exception: You have an error in your SQL syntax; check the manual that corresponds to your MariaDB server version for the right syntax to use near '= '2025-11-19 13:21:32'
WHERE `configuracion`.`id` IN ('tienda_nombre')' at line 1
in SYSTEMPATH\Database\MySQLi\Connection.php on line 327.
 1 SYSTEMPATH\Database\MySQLi\Connection.php(327): mysqli->query('UPDATE `configuracion` SET `valor` = \'Tienda CDP 1\',  = \'2025-11-19 13:21:32\'
WHERE `configuracion`.`id` IN (\'tienda_nombre\')', 0)
 2 SYSTEMPATH\Database\BaseConnection.php(729): CodeIgniter\Database\MySQLi\Connection->execute('UPDATE `configuracion` SET `valor` = \'Tienda CDP 1\',  = \'2025-11-19 13:21:32\'
WHERE `configuracion`.`id` IN (\'tienda_nombre\')')
 3 SYSTEMPATH\Database\BaseConnection.php(646): CodeIgniter\Database\BaseConnection->simpleQuery('UPDATE `configuracion` SET `valor` = \'Tienda CDP 1\',  = \'2025-11-19 13:21:32\'
WHERE `configuracion`.`id` IN (\'tienda_nombre\')')
 4 SYSTEMPATH\Database\BaseBuilder.php(2521): CodeIgniter\Database\BaseConnection->query('UPDATE `configuracion` SET `valor` = :valor:,  = ::
WHERE `configuracion`.`id` IN :configuracion.id:', [...], false)
 5 SYSTEMPATH\Model.php(461): CodeIgniter\Database\BaseBuilder->update()
 6 SYSTEMPATH\BaseModel.php(1025): CodeIgniter\Model->doUpdate([...], [...])
 7 SYSTEMPATH\Model.php(860): CodeIgniter\BaseModel->update([...], [...])
 8 APPPATH\Controllers\Configuracion.php(63): CodeIgniter\Model->update([...], [...])
 9 SYSTEMPATH\CodeIgniter.php(933): App\Controllers\Configuracion->actualizar()
10 SYSTEMPATH\CodeIgniter.php(507): CodeIgniter\CodeIgniter->runController(Object(App\Controllers\Configuracion))
11 SYSTEMPATH\CodeIgniter.php(354): CodeIgniter\CodeIgniter->handleRequest(null, Object(Config\Cache), false)
12 SYSTEMPATH\Boot.php(363): CodeIgniter\CodeIgniter->run()
13 SYSTEMPATH\Boot.php(68): CodeIgniter\Boot::runCodeIgniter(Object(CodeIgniter\CodeIgniter))
14 FCPATH\index.php(59): CodeIgniter\Boot::bootWeb(Object(Config\Paths))
ERROR - 2025-11-19 13:29:26 --> mysqli_sql_exception: You have an error in your SQL syntax; check the manual that corresponds to your MariaDB server version for the right syntax to use near '= '2025-11-19 13:29:26'
WHERE `configuracion`.`id` IN ('tienda_nombre')' at line 1 in C:\xampp\htdocs\pos\system\Database\MySQLi\Connection.php:327
Stack trace:
#0 C:\xampp\htdocs\pos\system\Database\MySQLi\Connection.php(327): mysqli->query('UPDATE `configu...', 0)
#1 C:\xampp\htdocs\pos\system\Database\BaseConnection.php(729): CodeIgniter\Database\MySQLi\Connection->execute('UPDATE `configu...')
#2 C:\xampp\htdocs\pos\system\Database\BaseConnection.php(646): CodeIgniter\Database\BaseConnection->simpleQuery('UPDATE `configu...')
#3 C:\xampp\htdocs\pos\system\Database\BaseBuilder.php(2521): CodeIgniter\Database\BaseConnection->query('UPDATE `configu...', Array, false)
#4 C:\xampp\htdocs\pos\system\Model.php(461): CodeIgniter\Database\BaseBuilder->update()
#5 C:\xampp\htdocs\pos\system\BaseModel.php(1025): CodeIgniter\Model->doUpdate(Array, Array)
#6 C:\xampp\htdocs\pos\system\Model.php(860): CodeIgniter\BaseModel->update(Array, Array)
#7 C:\xampp\htdocs\pos\app\Controllers\Configuracion.php(63): CodeIgniter\Model->update(Array, Array)
#8 C:\xampp\htdocs\pos\system\CodeIgniter.php(933): App\Controllers\Configuracion->actualizar()
#9 C:\xampp\htdocs\pos\system\CodeIgniter.php(507): CodeIgniter\CodeIgniter->runController(Object(App\Controllers\Configuracion))
#10 C:\xampp\htdocs\pos\system\CodeIgniter.php(354): CodeIgniter\CodeIgniter->handleRequest(NULL, Object(Config\Cache), false)
#11 C:\xampp\htdocs\pos\system\Boot.php(363): CodeIgniter\CodeIgniter->run()
#12 C:\xampp\htdocs\pos\system\Boot.php(68): CodeIgniter\Boot::runCodeIgniter(Object(CodeIgniter\CodeIgniter))
#13 C:\xampp\htdocs\pos\public\index.php(59): CodeIgniter\Boot::bootWeb(Object(Config\Paths))
#14 {main}
CRITICAL - 2025-11-19 13:29:26 --> CodeIgniter\Database\Exceptions\DatabaseException: You have an error in your SQL syntax; check the manual that corresponds to your MariaDB server version for the right syntax to use near '= '2025-11-19 13:29:26'
WHERE `configuracion`.`id` IN ('tienda_nombre')' at line 1
[Method: POST, Route: configuracion/actualizar]
in SYSTEMPATH\Database\BaseConnection.php on line 684.
 1 SYSTEMPATH\Database\BaseBuilder.php(2521): CodeIgniter\Database\BaseConnection->query('UPDATE `configuracion` SET `valor` = :valor:,  = ::
WHERE `configuracion`.`id` IN :configuracion.id:', [...], false)
 2 SYSTEMPATH\Model.php(461): CodeIgniter\Database\BaseBuilder->update()
 3 SYSTEMPATH\BaseModel.php(1025): CodeIgniter\Model->doUpdate([...], [...])
 4 SYSTEMPATH\Model.php(860): CodeIgniter\BaseModel->update([...], [...])
 5 APPPATH\Controllers\Configuracion.php(63): CodeIgniter\Model->update([...], [...])
 6 SYSTEMPATH\CodeIgniter.php(933): App\Controllers\Configuracion->actualizar()
 7 SYSTEMPATH\CodeIgniter.php(507): CodeIgniter\CodeIgniter->runController(Object(App\Controllers\Configuracion))
 8 SYSTEMPATH\CodeIgniter.php(354): CodeIgniter\CodeIgniter->handleRequest(null, Object(Config\Cache), false)
 9 SYSTEMPATH\Boot.php(363): CodeIgniter\CodeIgniter->run()
10 SYSTEMPATH\Boot.php(68): CodeIgniter\Boot::runCodeIgniter(Object(CodeIgniter\CodeIgniter))
11 FCPATH\index.php(59): CodeIgniter\Boot::bootWeb(Object(Config\Paths))
CRITICAL - 2025-11-19 13:29:26 --> [Caused by] CodeIgniter\Database\Exceptions\DatabaseException: You have an error in your SQL syntax; check the manual that corresponds to your MariaDB server version for the right syntax to use near '= '2025-11-19 13:29:26'
WHERE `configuracion`.`id` IN ('tienda_nombre')' at line 1
in SYSTEMPATH\Database\MySQLi\Connection.php on line 332.
 1 SYSTEMPATH\Database\BaseConnection.php(729): CodeIgniter\Database\MySQLi\Connection->execute('UPDATE `configuracion` SET `valor` = \'Tienda CDP 1\',  = \'2025-11-19 13:29:26\'
WHERE `configuracion`.`id` IN (\'tienda_nombre\')')
 2 SYSTEMPATH\Database\BaseConnection.php(646): CodeIgniter\Database\BaseConnection->simpleQuery('UPDATE `configuracion` SET `valor` = \'Tienda CDP 1\',  = \'2025-11-19 13:29:26\'
WHERE `configuracion`.`id` IN (\'tienda_nombre\')')
 3 SYSTEMPATH\Database\BaseBuilder.php(2521): CodeIgniter\Database\BaseConnection->query('UPDATE `configuracion` SET `valor` = :valor:,  = ::
WHERE `configuracion`.`id` IN :configuracion.id:', [...], false)
 4 SYSTEMPATH\Model.php(461): CodeIgniter\Database\BaseBuilder->update()
 5 SYSTEMPATH\BaseModel.php(1025): CodeIgniter\Model->doUpdate([...], [...])
 6 SYSTEMPATH\Model.php(860): CodeIgniter\BaseModel->update([...], [...])
 7 APPPATH\Controllers\Configuracion.php(63): CodeIgniter\Model->update([...], [...])
 8 SYSTEMPATH\CodeIgniter.php(933): App\Controllers\Configuracion->actualizar()
 9 SYSTEMPATH\CodeIgniter.php(507): CodeIgniter\CodeIgniter->runController(Object(App\Controllers\Configuracion))
10 SYSTEMPATH\CodeIgniter.php(354): CodeIgniter\CodeIgniter->handleRequest(null, Object(Config\Cache), false)
11 SYSTEMPATH\Boot.php(363): CodeIgniter\CodeIgniter->run()
12 SYSTEMPATH\Boot.php(68): CodeIgniter\Boot::runCodeIgniter(Object(CodeIgniter\CodeIgniter))
13 FCPATH\index.php(59): CodeIgniter\Boot::bootWeb(Object(Config\Paths))
CRITICAL - 2025-11-19 13:29:26 --> [Caused by] mysqli_sql_exception: You have an error in your SQL syntax; check the manual that corresponds to your MariaDB server version for the right syntax to use near '= '2025-11-19 13:29:26'
WHERE `configuracion`.`id` IN ('tienda_nombre')' at line 1
in SYSTEMPATH\Database\MySQLi\Connection.php on line 327.
 1 SYSTEMPATH\Database\MySQLi\Connection.php(327): mysqli->query('UPDATE `configuracion` SET `valor` = \'Tienda CDP 1\',  = \'2025-11-19 13:29:26\'
WHERE `configuracion`.`id` IN (\'tienda_nombre\')', 0)
 2 SYSTEMPATH\Database\BaseConnection.php(729): CodeIgniter\Database\MySQLi\Connection->execute('UPDATE `configuracion` SET `valor` = \'Tienda CDP 1\',  = \'2025-11-19 13:29:26\'
WHERE `configuracion`.`id` IN (\'tienda_nombre\')')
 3 SYSTEMPATH\Database\BaseConnection.php(646): CodeIgniter\Database\BaseConnection->simpleQuery('UPDATE `configuracion` SET `valor` = \'Tienda CDP 1\',  = \'2025-11-19 13:29:26\'
WHERE `configuracion`.`id` IN (\'tienda_nombre\')')
 4 SYSTEMPATH\Database\BaseBuilder.php(2521): CodeIgniter\Database\BaseConnection->query('UPDATE `configuracion` SET `valor` = :valor:,  = ::
WHERE `configuracion`.`id` IN :configuracion.id:', [...], false)
 5 SYSTEMPATH\Model.php(461): CodeIgniter\Database\BaseBuilder->update()
 6 SYSTEMPATH\BaseModel.php(1025): CodeIgniter\Model->doUpdate([...], [...])
 7 SYSTEMPATH\Model.php(860): CodeIgniter\BaseModel->update([...], [...])
 8 APPPATH\Controllers\Configuracion.php(63): CodeIgniter\Model->update([...], [...])
 9 SYSTEMPATH\CodeIgniter.php(933): App\Controllers\Configuracion->actualizar()
10 SYSTEMPATH\CodeIgniter.php(507): CodeIgniter\CodeIgniter->runController(Object(App\Controllers\Configuracion))
11 SYSTEMPATH\CodeIgniter.php(354): CodeIgniter\CodeIgniter->handleRequest(null, Object(Config\Cache), false)
12 SYSTEMPATH\Boot.php(363): CodeIgniter\CodeIgniter->run()
13 SYSTEMPATH\Boot.php(68): CodeIgniter\Boot::runCodeIgniter(Object(CodeIgniter\CodeIgniter))
14 FCPATH\index.php(59): CodeIgniter\Boot::bootWeb(Object(Config\Paths))
ERROR - 2025-11-19 13:31:55 --> mysqli_sql_exception: You have an error in your SQL syntax; check the manual that corresponds to your MariaDB server version for the right syntax to use near '= '2025-11-19 13:31:55'
WHERE `configuracion`.`id` IN ('tienda_nombre')' at line 1 in C:\xampp\htdocs\pos\system\Database\MySQLi\Connection.php:327
Stack trace:
#0 C:\xampp\htdocs\pos\system\Database\MySQLi\Connection.php(327): mysqli->query('UPDATE `configu...', 0)
#1 C:\xampp\htdocs\pos\system\Database\BaseConnection.php(729): CodeIgniter\Database\MySQLi\Connection->execute('UPDATE `configu...')
#2 C:\xampp\htdocs\pos\system\Database\BaseConnection.php(646): CodeIgniter\Database\BaseConnection->simpleQuery('UPDATE `configu...')
#3 C:\xampp\htdocs\pos\system\Database\BaseBuilder.php(2521): CodeIgniter\Database\BaseConnection->query('UPDATE `configu...', Array, false)
#4 C:\xampp\htdocs\pos\system\Model.php(461): CodeIgniter\Database\BaseBuilder->update()
#5 C:\xampp\htdocs\pos\system\BaseModel.php(1025): CodeIgniter\Model->doUpdate(Array, Array)
#6 C:\xampp\htdocs\pos\system\Model.php(860): CodeIgniter\BaseModel->update(Array, Array)
#7 C:\xampp\htdocs\pos\app\Controllers\Configuracion.php(63): CodeIgniter\Model->update(Array, Array)
#8 C:\xampp\htdocs\pos\system\CodeIgniter.php(933): App\Controllers\Configuracion->actualizar()
#9 C:\xampp\htdocs\pos\system\CodeIgniter.php(507): CodeIgniter\CodeIgniter->runController(Object(App\Controllers\Configuracion))
#10 C:\xampp\htdocs\pos\system\CodeIgniter.php(354): CodeIgniter\CodeIgniter->handleRequest(NULL, Object(Config\Cache), false)
#11 C:\xampp\htdocs\pos\system\Boot.php(363): CodeIgniter\CodeIgniter->run()
#12 C:\xampp\htdocs\pos\system\Boot.php(68): CodeIgniter\Boot::runCodeIgniter(Object(CodeIgniter\CodeIgniter))
#13 C:\xampp\htdocs\pos\public\index.php(59): CodeIgniter\Boot::bootWeb(Object(Config\Paths))
#14 {main}
CRITICAL - 2025-11-19 13:31:55 --> CodeIgniter\Database\Exceptions\DatabaseException: You have an error in your SQL syntax; check the manual that corresponds to your MariaDB server version for the right syntax to use near '= '2025-11-19 13:31:55'
WHERE `configuracion`.`id` IN ('tienda_nombre')' at line 1
[Method: POST, Route: configuracion/actualizar]
in SYSTEMPATH\Database\BaseConnection.php on line 684.
 1 SYSTEMPATH\Database\BaseBuilder.php(2521): CodeIgniter\Database\BaseConnection->query('UPDATE `configuracion` SET `valor` = :valor:,  = ::
WHERE `configuracion`.`id` IN :configuracion.id:', [...], false)
 2 SYSTEMPATH\Model.php(461): CodeIgniter\Database\BaseBuilder->update()
 3 SYSTEMPATH\BaseModel.php(1025): CodeIgniter\Model->doUpdate([...], [...])
 4 SYSTEMPATH\Model.php(860): CodeIgniter\BaseModel->update([...], [...])
 5 APPPATH\Controllers\Configuracion.php(63): CodeIgniter\Model->update([...], [...])
 6 SYSTEMPATH\CodeIgniter.php(933): App\Controllers\Configuracion->actualizar()
 7 SYSTEMPATH\CodeIgniter.php(507): CodeIgniter\CodeIgniter->runController(Object(App\Controllers\Configuracion))
 8 SYSTEMPATH\CodeIgniter.php(354): CodeIgniter\CodeIgniter->handleRequest(null, Object(Config\Cache), false)
 9 SYSTEMPATH\Boot.php(363): CodeIgniter\CodeIgniter->run()
10 SYSTEMPATH\Boot.php(68): CodeIgniter\Boot::runCodeIgniter(Object(CodeIgniter\CodeIgniter))
11 FCPATH\index.php(59): CodeIgniter\Boot::bootWeb(Object(Config\Paths))
CRITICAL - 2025-11-19 13:31:55 --> [Caused by] CodeIgniter\Database\Exceptions\DatabaseException: You have an error in your SQL syntax; check the manual that corresponds to your MariaDB server version for the right syntax to use near '= '2025-11-19 13:31:55'
WHERE `configuracion`.`id` IN ('tienda_nombre')' at line 1
in SYSTEMPATH\Database\MySQLi\Connection.php on line 332.
 1 SYSTEMPATH\Database\BaseConnection.php(729): CodeIgniter\Database\MySQLi\Connection->execute('UPDATE `configuracion` SET `valor` = \'Tienda CDP 1\',  = \'2025-11-19 13:31:55\'
WHERE `configuracion`.`id` IN (\'tienda_nombre\')')
 2 SYSTEMPATH\Database\BaseConnection.php(646): CodeIgniter\Database\BaseConnection->simpleQuery('UPDATE `configuracion` SET `valor` = \'Tienda CDP 1\',  = \'2025-11-19 13:31:55\'
WHERE `configuracion`.`id` IN (\'tienda_nombre\')')
 3 SYSTEMPATH\Database\BaseBuilder.php(2521): CodeIgniter\Database\BaseConnection->query('UPDATE `configuracion` SET `valor` = :valor:,  = ::
WHERE `configuracion`.`id` IN :configuracion.id:', [...], false)
 4 SYSTEMPATH\Model.php(461): CodeIgniter\Database\BaseBuilder->update()
 5 SYSTEMPATH\BaseModel.php(1025): CodeIgniter\Model->doUpdate([...], [...])
 6 SYSTEMPATH\Model.php(860): CodeIgniter\BaseModel->update([...], [...])
 7 APPPATH\Controllers\Configuracion.php(63): CodeIgniter\Model->update([...], [...])
 8 SYSTEMPATH\CodeIgniter.php(933): App\Controllers\Configuracion->actualizar()
 9 SYSTEMPATH\CodeIgniter.php(507): CodeIgniter\CodeIgniter->runController(Object(App\Controllers\Configuracion))
10 SYSTEMPATH\CodeIgniter.php(354): CodeIgniter\CodeIgniter->handleRequest(null, Object(Config\Cache), false)
11 SYSTEMPATH\Boot.php(363): CodeIgniter\CodeIgniter->run()
12 SYSTEMPATH\Boot.php(68): CodeIgniter\Boot::runCodeIgniter(Object(CodeIgniter\CodeIgniter))
13 FCPATH\index.php(59): CodeIgniter\Boot::bootWeb(Object(Config\Paths))
CRITICAL - 2025-11-19 13:31:55 --> [Caused by] mysqli_sql_exception: You have an error in your SQL syntax; check the manual that corresponds to your MariaDB server version for the right syntax to use near '= '2025-11-19 13:31:55'
WHERE `configuracion`.`id` IN ('tienda_nombre')' at line 1
in SYSTEMPATH\Database\MySQLi\Connection.php on line 327.
 1 SYSTEMPATH\Database\MySQLi\Connection.php(327): mysqli->query('UPDATE `configuracion` SET `valor` = \'Tienda CDP 1\',  = \'2025-11-19 13:31:55\'
WHERE `configuracion`.`id` IN (\'tienda_nombre\')', 0)
 2 SYSTEMPATH\Database\BaseConnection.php(729): CodeIgniter\Database\MySQLi\Connection->execute('UPDATE `configuracion` SET `valor` = \'Tienda CDP 1\',  = \'2025-11-19 13:31:55\'
WHERE `configuracion`.`id` IN (\'tienda_nombre\')')
 3 SYSTEMPATH\Database\BaseConnection.php(646): CodeIgniter\Database\BaseConnection->simpleQuery('UPDATE `configuracion` SET `valor` = \'Tienda CDP 1\',  = \'2025-11-19 13:31:55\'
WHERE `configuracion`.`id` IN (\'tienda_nombre\')')
 4 SYSTEMPATH\Database\BaseBuilder.php(2521): CodeIgniter\Database\BaseConnection->query('UPDATE `configuracion` SET `valor` = :valor:,  = ::
WHERE `configuracion`.`id` IN :configuracion.id:', [...], false)
 5 SYSTEMPATH\Model.php(461): CodeIgniter\Database\BaseBuilder->update()
 6 SYSTEMPATH\BaseModel.php(1025): CodeIgniter\Model->doUpdate([...], [...])
 7 SYSTEMPATH\Model.php(860): CodeIgniter\BaseModel->update([...], [...])
 8 APPPATH\Controllers\Configuracion.php(63): CodeIgniter\Model->update([...], [...])
 9 SYSTEMPATH\CodeIgniter.php(933): App\Controllers\Configuracion->actualizar()
10 SYSTEMPATH\CodeIgniter.php(507): CodeIgniter\CodeIgniter->runController(Object(App\Controllers\Configuracion))
11 SYSTEMPATH\CodeIgniter.php(354): CodeIgniter\CodeIgniter->handleRequest(null, Object(Config\Cache), false)
12 SYSTEMPATH\Boot.php(363): CodeIgniter\CodeIgniter->run()
13 SYSTEMPATH\Boot.php(68): CodeIgniter\Boot::runCodeIgniter(Object(CodeIgniter\CodeIgniter))
14 FCPATH\index.php(59): CodeIgniter\Boot::bootWeb(Object(Config\Paths))
ERROR - 2025-11-19 13:35:01 --> mysqli_sql_exception: You have an error in your SQL syntax; check the manual that corresponds to your MariaDB server version for the right syntax to use near '= '2025-11-19 13:35:01'
WHERE `nombre` = 'tienda_nombre'' at line 1 in C:\xampp\htdocs\pos\system\Database\MySQLi\Connection.php:327
Stack trace:
#0 C:\xampp\htdocs\pos\system\Database\MySQLi\Connection.php(327): mysqli->query('UPDATE `configu...', 0)
#1 C:\xampp\htdocs\pos\system\Database\BaseConnection.php(729): CodeIgniter\Database\MySQLi\Connection->execute('UPDATE `configu...')
#2 C:\xampp\htdocs\pos\system\Database\BaseConnection.php(646): CodeIgniter\Database\BaseConnection->simpleQuery('UPDATE `configu...')
#3 C:\xampp\htdocs\pos\system\Database\BaseBuilder.php(2521): CodeIgniter\Database\BaseConnection->query('UPDATE `configu...', Array, false)
#4 C:\xampp\htdocs\pos\system\Model.php(461): CodeIgniter\Database\BaseBuilder->update()
#5 C:\xampp\htdocs\pos\system\BaseModel.php(1025): CodeIgniter\Model->doUpdate(NULL, Array)
#6 C:\xampp\htdocs\pos\system\Model.php(860): CodeIgniter\BaseModel->update(NULL, Array)
#7 C:\xampp\htdocs\pos\app\Controllers\Configuracion.php(67): CodeIgniter\Model->update()
#8 C:\xampp\htdocs\pos\system\CodeIgniter.php(933): App\Controllers\Configuracion->actualizar()
#9 C:\xampp\htdocs\pos\system\CodeIgniter.php(507): CodeIgniter\CodeIgniter->runController(Object(App\Controllers\Configuracion))
#10 C:\xampp\htdocs\pos\system\CodeIgniter.php(354): CodeIgniter\CodeIgniter->handleRequest(NULL, Object(Config\Cache), false)
#11 C:\xampp\htdocs\pos\system\Boot.php(363): CodeIgniter\CodeIgniter->run()
#12 C:\xampp\htdocs\pos\system\Boot.php(68): CodeIgniter\Boot::runCodeIgniter(Object(CodeIgniter\CodeIgniter))
#13 C:\xampp\htdocs\pos\public\index.php(59): CodeIgniter\Boot::bootWeb(Object(Config\Paths))
#14 {main}
CRITICAL - 2025-11-19 13:35:01 --> CodeIgniter\Database\Exceptions\DatabaseException: You have an error in your SQL syntax; check the manual that corresponds to your MariaDB server version for the right syntax to use near '= '2025-11-19 13:35:01'
WHERE `nombre` = 'tienda_nombre'' at line 1
[Method: POST, Route: configuracion/actualizar]
in SYSTEMPATH\Database\BaseConnection.php on line 684.
 1 SYSTEMPATH\Database\BaseBuilder.php(2521): CodeIgniter\Database\BaseConnection->query('UPDATE `configuracion` SET `valor` = :valor:,  = ::
WHERE `nombre` = :nombre:', [...], false)
 2 SYSTEMPATH\Model.php(461): CodeIgniter\Database\BaseBuilder->update()
 3 SYSTEMPATH\BaseModel.php(1025): CodeIgniter\Model->doUpdate(null, [...])
 4 SYSTEMPATH\Model.php(860): CodeIgniter\BaseModel->update(null, [...])
 5 APPPATH\Controllers\Configuracion.php(67): CodeIgniter\Model->update()
 6 SYSTEMPATH\CodeIgniter.php(933): App\Controllers\Configuracion->actualizar()
 7 SYSTEMPATH\CodeIgniter.php(507): CodeIgniter\CodeIgniter->runController(Object(App\Controllers\Configuracion))
 8 SYSTEMPATH\CodeIgniter.php(354): CodeIgniter\CodeIgniter->handleRequest(null, Object(Config\Cache), false)
 9 SYSTEMPATH\Boot.php(363): CodeIgniter\CodeIgniter->run()
10 SYSTEMPATH\Boot.php(68): CodeIgniter\Boot::runCodeIgniter(Object(CodeIgniter\CodeIgniter))
11 FCPATH\index.php(59): CodeIgniter\Boot::bootWeb(Object(Config\Paths))
CRITICAL - 2025-11-19 13:35:01 --> [Caused by] CodeIgniter\Database\Exceptions\DatabaseException: You have an error in your SQL syntax; check the manual that corresponds to your MariaDB server version for the right syntax to use near '= '2025-11-19 13:35:01'
WHERE `nombre` = 'tienda_nombre'' at line 1
in SYSTEMPATH\Database\MySQLi\Connection.php on line 332.
 1 SYSTEMPATH\Database\BaseConnection.php(729): CodeIgniter\Database\MySQLi\Connection->execute('UPDATE `configuracion` SET `valor` = \'Tienda CDP 1\',  = \'2025-11-19 13:35:01\'
WHERE `nombre` = \'tienda_nombre\'')
 2 SYSTEMPATH\Database\BaseConnection.php(646): CodeIgniter\Database\BaseConnection->simpleQuery('UPDATE `configuracion` SET `valor` = \'Tienda CDP 1\',  = \'2025-11-19 13:35:01\'
WHERE `nombre` = \'tienda_nombre\'')
 3 SYSTEMPATH\Database\BaseBuilder.php(2521): CodeIgniter\Database\BaseConnection->query('UPDATE `configuracion` SET `valor` = :valor:,  = ::
WHERE `nombre` = :nombre:', [...], false)
 4 SYSTEMPATH\Model.php(461): CodeIgniter\Database\BaseBuilder->update()
 5 SYSTEMPATH\BaseModel.php(1025): CodeIgniter\Model->doUpdate(null, [...])
 6 SYSTEMPATH\Model.php(860): CodeIgniter\BaseModel->update(null, [...])
 7 APPPATH\Controllers\Configuracion.php(67): CodeIgniter\Model->update()
 8 SYSTEMPATH\CodeIgniter.php(933): App\Controllers\Configuracion->actualizar()
 9 SYSTEMPATH\CodeIgniter.php(507): CodeIgniter\CodeIgniter->runController(Object(App\Controllers\Configuracion))
10 SYSTEMPATH\CodeIgniter.php(354): CodeIgniter\CodeIgniter->handleRequest(null, Object(Config\Cache), false)
11 SYSTEMPATH\Boot.php(363): CodeIgniter\CodeIgniter->run()
12 SYSTEMPATH\Boot.php(68): CodeIgniter\Boot::runCodeIgniter(Object(CodeIgniter\CodeIgniter))
13 FCPATH\index.php(59): CodeIgniter\Boot::bootWeb(Object(Config\Paths))
CRITICAL - 2025-11-19 13:35:01 --> [Caused by] mysqli_sql_exception: You have an error in your SQL syntax; check the manual that corresponds to your MariaDB server version for the right syntax to use near '= '2025-11-19 13:35:01'
WHERE `nombre` = 'tienda_nombre'' at line 1
in SYSTEMPATH\Database\MySQLi\Connection.php on line 327.
 1 SYSTEMPATH\Database\MySQLi\Connection.php(327): mysqli->query('UPDATE `configuracion` SET `valor` = \'Tienda CDP 1\',  = \'2025-11-19 13:35:01\'
WHERE `nombre` = \'tienda_nombre\'', 0)
 2 SYSTEMPATH\Database\BaseConnection.php(729): CodeIgniter\Database\MySQLi\Connection->execute('UPDATE `configuracion` SET `valor` = \'Tienda CDP 1\',  = \'2025-11-19 13:35:01\'
WHERE `nombre` = \'tienda_nombre\'')
 3 SYSTEMPATH\Database\BaseConnection.php(646): CodeIgniter\Database\BaseConnection->simpleQuery('UPDATE `configuracion` SET `valor` = \'Tienda CDP 1\',  = \'2025-11-19 13:35:01\'
WHERE `nombre` = \'tienda_nombre\'')
 4 SYSTEMPATH\Database\BaseBuilder.php(2521): CodeIgniter\Database\BaseConnection->query('UPDATE `configuracion` SET `valor` = :valor:,  = ::
WHERE `nombre` = :nombre:', [...], false)
 5 SYSTEMPATH\Model.php(461): CodeIgniter\Database\BaseBuilder->update()
 6 SYSTEMPATH\BaseModel.php(1025): CodeIgniter\Model->doUpdate(null, [...])
 7 SYSTEMPATH\Model.php(860): CodeIgniter\BaseModel->update(null, [...])
 8 APPPATH\Controllers\Configuracion.php(67): CodeIgniter\Model->update()
 9 SYSTEMPATH\CodeIgniter.php(933): App\Controllers\Configuracion->actualizar()
10 SYSTEMPATH\CodeIgniter.php(507): CodeIgniter\CodeIgniter->runController(Object(App\Controllers\Configuracion))
11 SYSTEMPATH\CodeIgniter.php(354): CodeIgniter\CodeIgniter->handleRequest(null, Object(Config\Cache), false)
12 SYSTEMPATH\Boot.php(363): CodeIgniter\CodeIgniter->run()
13 SYSTEMPATH\Boot.php(68): CodeIgniter\Boot::runCodeIgniter(Object(CodeIgniter\CodeIgniter))
14 FCPATH\index.php(59): CodeIgniter\Boot::bootWeb(Object(Config\Paths))
ERROR - 2025-11-19 13:35:06 --> mysqli_sql_exception: You have an error in your SQL syntax; check the manual that corresponds to your MariaDB server version for the right syntax to use near '= '2025-11-19 13:35:06'
WHERE `nombre` = 'tienda_nombre'' at line 1 in C:\xampp\htdocs\pos\system\Database\MySQLi\Connection.php:327
Stack trace:
#0 C:\xampp\htdocs\pos\system\Database\MySQLi\Connection.php(327): mysqli->query('UPDATE `configu...', 0)
#1 C:\xampp\htdocs\pos\system\Database\BaseConnection.php(729): CodeIgniter\Database\MySQLi\Connection->execute('UPDATE `configu...')
#2 C:\xampp\htdocs\pos\system\Database\BaseConnection.php(646): CodeIgniter\Database\BaseConnection->simpleQuery('UPDATE `configu...')
#3 C:\xampp\htdocs\pos\system\Database\BaseBuilder.php(2521): CodeIgniter\Database\BaseConnection->query('UPDATE `configu...', Array, false)
#4 C:\xampp\htdocs\pos\system\Model.php(461): CodeIgniter\Database\BaseBuilder->update()
#5 C:\xampp\htdocs\pos\system\BaseModel.php(1025): CodeIgniter\Model->doUpdate(NULL, Array)
#6 C:\xampp\htdocs\pos\system\Model.php(860): CodeIgniter\BaseModel->update(NULL, Array)
#7 C:\xampp\htdocs\pos\app\Controllers\Configuracion.php(67): CodeIgniter\Model->update()
#8 C:\xampp\htdocs\pos\system\CodeIgniter.php(933): App\Controllers\Configuracion->actualizar()
#9 C:\xampp\htdocs\pos\system\CodeIgniter.php(507): CodeIgniter\CodeIgniter->runController(Object(App\Controllers\Configuracion))
#10 C:\xampp\htdocs\pos\system\CodeIgniter.php(354): CodeIgniter\CodeIgniter->handleRequest(NULL, Object(Config\Cache), false)
#11 C:\xampp\htdocs\pos\system\Boot.php(363): CodeIgniter\CodeIgniter->run()
#12 C:\xampp\htdocs\pos\system\Boot.php(68): CodeIgniter\Boot::runCodeIgniter(Object(CodeIgniter\CodeIgniter))
#13 C:\xampp\htdocs\pos\public\index.php(59): CodeIgniter\Boot::bootWeb(Object(Config\Paths))
#14 {main}
CRITICAL - 2025-11-19 13:35:06 --> CodeIgniter\Database\Exceptions\DatabaseException: You have an error in your SQL syntax; check the manual that corresponds to your MariaDB server version for the right syntax to use near '= '2025-11-19 13:35:06'
WHERE `nombre` = 'tienda_nombre'' at line 1
[Method: POST, Route: configuracion/actualizar]
in SYSTEMPATH\Database\BaseConnection.php on line 684.
 1 SYSTEMPATH\Database\BaseBuilder.php(2521): CodeIgniter\Database\BaseConnection->query('UPDATE `configuracion` SET `valor` = :valor:,  = ::
WHERE `nombre` = :nombre:', [...], false)
 2 SYSTEMPATH\Model.php(461): CodeIgniter\Database\BaseBuilder->update()
 3 SYSTEMPATH\BaseModel.php(1025): CodeIgniter\Model->doUpdate(null, [...])
 4 SYSTEMPATH\Model.php(860): CodeIgniter\BaseModel->update(null, [...])
 5 APPPATH\Controllers\Configuracion.php(67): CodeIgniter\Model->update()
 6 SYSTEMPATH\CodeIgniter.php(933): App\Controllers\Configuracion->actualizar()
 7 SYSTEMPATH\CodeIgniter.php(507): CodeIgniter\CodeIgniter->runController(Object(App\Controllers\Configuracion))
 8 SYSTEMPATH\CodeIgniter.php(354): CodeIgniter\CodeIgniter->handleRequest(null, Object(Config\Cache), false)
 9 SYSTEMPATH\Boot.php(363): CodeIgniter\CodeIgniter->run()
10 SYSTEMPATH\Boot.php(68): CodeIgniter\Boot::runCodeIgniter(Object(CodeIgniter\CodeIgniter))
11 FCPATH\index.php(59): CodeIgniter\Boot::bootWeb(Object(Config\Paths))
CRITICAL - 2025-11-19 13:35:06 --> [Caused by] CodeIgniter\Database\Exceptions\DatabaseException: You have an error in your SQL syntax; check the manual that corresponds to your MariaDB server version for the right syntax to use near '= '2025-11-19 13:35:06'
WHERE `nombre` = 'tienda_nombre'' at line 1
in SYSTEMPATH\Database\MySQLi\Connection.php on line 332.
 1 SYSTEMPATH\Database\BaseConnection.php(729): CodeIgniter\Database\MySQLi\Connection->execute('UPDATE `configuracion` SET `valor` = \'Tienda CDP 1\',  = \'2025-11-19 13:35:06\'
WHERE `nombre` = \'tienda_nombre\'')
 2 SYSTEMPATH\Database\BaseConnection.php(646): CodeIgniter\Database\BaseConnection->simpleQuery('UPDATE `configuracion` SET `valor` = \'Tienda CDP 1\',  = \'2025-11-19 13:35:06\'
WHERE `nombre` = \'tienda_nombre\'')
 3 SYSTEMPATH\Database\BaseBuilder.php(2521): CodeIgniter\Database\BaseConnection->query('UPDATE `configuracion` SET `valor` = :valor:,  = ::
WHERE `nombre` = :nombre:', [...], false)
 4 SYSTEMPATH\Model.php(461): CodeIgniter\Database\BaseBuilder->update()
 5 SYSTEMPATH\BaseModel.php(1025): CodeIgniter\Model->doUpdate(null, [...])
 6 SYSTEMPATH\Model.php(860): CodeIgniter\BaseModel->update(null, [...])
 7 APPPATH\Controllers\Configuracion.php(67): CodeIgniter\Model->update()
 8 SYSTEMPATH\CodeIgniter.php(933): App\Controllers\Configuracion->actualizar()
 9 SYSTEMPATH\CodeIgniter.php(507): CodeIgniter\CodeIgniter->runController(Object(App\Controllers\Configuracion))
10 SYSTEMPATH\CodeIgniter.php(354): CodeIgniter\CodeIgniter->handleRequest(null, Object(Config\Cache), false)
11 SYSTEMPATH\Boot.php(363): CodeIgniter\CodeIgniter->run()
12 SYSTEMPATH\Boot.php(68): CodeIgniter\Boot::runCodeIgniter(Object(CodeIgniter\CodeIgniter))
13 FCPATH\index.php(59): CodeIgniter\Boot::bootWeb(Object(Config\Paths))
CRITICAL - 2025-11-19 13:35:06 --> [Caused by] mysqli_sql_exception: You have an error in your SQL syntax; check the manual that corresponds to your MariaDB server version for the right syntax to use near '= '2025-11-19 13:35:06'
WHERE `nombre` = 'tienda_nombre'' at line 1
in SYSTEMPATH\Database\MySQLi\Connection.php on line 327.
 1 SYSTEMPATH\Database\MySQLi\Connection.php(327): mysqli->query('UPDATE `configuracion` SET `valor` = \'Tienda CDP 1\',  = \'2025-11-19 13:35:06\'
WHERE `nombre` = \'tienda_nombre\'', 0)
 2 SYSTEMPATH\Database\BaseConnection.php(729): CodeIgniter\Database\MySQLi\Connection->execute('UPDATE `configuracion` SET `valor` = \'Tienda CDP 1\',  = \'2025-11-19 13:35:06\'
WHERE `nombre` = \'tienda_nombre\'')
 3 SYSTEMPATH\Database\BaseConnection.php(646): CodeIgniter\Database\BaseConnection->simpleQuery('UPDATE `configuracion` SET `valor` = \'Tienda CDP 1\',  = \'2025-11-19 13:35:06\'
WHERE `nombre` = \'tienda_nombre\'')
 4 SYSTEMPATH\Database\BaseBuilder.php(2521): CodeIgniter\Database\BaseConnection->query('UPDATE `configuracion` SET `valor` = :valor:,  = ::
WHERE `nombre` = :nombre:', [...], false)
 5 SYSTEMPATH\Model.php(461): CodeIgniter\Database\BaseBuilder->update()
 6 SYSTEMPATH\BaseModel.php(1025): CodeIgniter\Model->doUpdate(null, [...])
 7 SYSTEMPATH\Model.php(860): CodeIgniter\BaseModel->update(null, [...])
 8 APPPATH\Controllers\Configuracion.php(67): CodeIgniter\Model->update()
 9 SYSTEMPATH\CodeIgniter.php(933): App\Controllers\Configuracion->actualizar()
10 SYSTEMPATH\CodeIgniter.php(507): CodeIgniter\CodeIgniter->runController(Object(App\Controllers\Configuracion))
11 SYSTEMPATH\CodeIgniter.php(354): CodeIgniter\CodeIgniter->handleRequest(null, Object(Config\Cache), false)
12 SYSTEMPATH\Boot.php(363): CodeIgniter\CodeIgniter->run()
13 SYSTEMPATH\Boot.php(68): CodeIgniter\Boot::runCodeIgniter(Object(CodeIgniter\CodeIgniter))
14 FCPATH\index.php(59): CodeIgniter\Boot::bootWeb(Object(Config\Paths))
ERROR - 2025-11-19 13:37:19 --> mysqli_sql_exception: You have an error in your SQL syntax; check the manual that corresponds to your MariaDB server version for the right syntax to use near '= '2025-11-19 13:37:19'
WHERE `nombre` = 'tienda_nombre'' at line 1 in C:\xampp\htdocs\pos\system\Database\MySQLi\Connection.php:327
Stack trace:
#0 C:\xampp\htdocs\pos\system\Database\MySQLi\Connection.php(327): mysqli->query('UPDATE `configu...', 0)
#1 C:\xampp\htdocs\pos\system\Database\BaseConnection.php(729): CodeIgniter\Database\MySQLi\Connection->execute('UPDATE `configu...')
#2 C:\xampp\htdocs\pos\system\Database\BaseConnection.php(646): CodeIgniter\Database\BaseConnection->simpleQuery('UPDATE `configu...')
#3 C:\xampp\htdocs\pos\system\Database\BaseBuilder.php(2521): CodeIgniter\Database\BaseConnection->query('UPDATE `configu...', Array, false)
#4 C:\xampp\htdocs\pos\system\Model.php(461): CodeIgniter\Database\BaseBuilder->update()
#5 C:\xampp\htdocs\pos\system\BaseModel.php(1025): CodeIgniter\Model->doUpdate(NULL, Array)
#6 C:\xampp\htdocs\pos\system\Model.php(860): CodeIgniter\BaseModel->update(NULL, Array)
#7 C:\xampp\htdocs\pos\app\Controllers\Configuracion.php(67): CodeIgniter\Model->update()
#8 C:\xampp\htdocs\pos\system\CodeIgniter.php(933): App\Controllers\Configuracion->actualizar()
#9 C:\xampp\htdocs\pos\system\CodeIgniter.php(507): CodeIgniter\CodeIgniter->runController(Object(App\Controllers\Configuracion))
#10 C:\xampp\htdocs\pos\system\CodeIgniter.php(354): CodeIgniter\CodeIgniter->handleRequest(NULL, Object(Config\Cache), false)
#11 C:\xampp\htdocs\pos\system\Boot.php(363): CodeIgniter\CodeIgniter->run()
#12 C:\xampp\htdocs\pos\system\Boot.php(68): CodeIgniter\Boot::runCodeIgniter(Object(CodeIgniter\CodeIgniter))
#13 C:\xampp\htdocs\pos\public\index.php(59): CodeIgniter\Boot::bootWeb(Object(Config\Paths))
#14 {main}
CRITICAL - 2025-11-19 13:37:19 --> CodeIgniter\Database\Exceptions\DatabaseException: You have an error in your SQL syntax; check the manual that corresponds to your MariaDB server version for the right syntax to use near '= '2025-11-19 13:37:19'
WHERE `nombre` = 'tienda_nombre'' at line 1
[Method: POST, Route: configuracion/actualizar]
in SYSTEMPATH\Database\BaseConnection.php on line 684.
 1 SYSTEMPATH\Database\BaseBuilder.php(2521): CodeIgniter\Database\BaseConnection->query('UPDATE `configuracion` SET `valor` = :valor:,  = ::
WHERE `nombre` = :nombre:', [...], false)
 2 SYSTEMPATH\Model.php(461): CodeIgniter\Database\BaseBuilder->update()
 3 SYSTEMPATH\BaseModel.php(1025): CodeIgniter\Model->doUpdate(null, [...])
 4 SYSTEMPATH\Model.php(860): CodeIgniter\BaseModel->update(null, [...])
 5 APPPATH\Controllers\Configuracion.php(67): CodeIgniter\Model->update()
 6 SYSTEMPATH\CodeIgniter.php(933): App\Controllers\Configuracion->actualizar()
 7 SYSTEMPATH\CodeIgniter.php(507): CodeIgniter\CodeIgniter->runController(Object(App\Controllers\Configuracion))
 8 SYSTEMPATH\CodeIgniter.php(354): CodeIgniter\CodeIgniter->handleRequest(null, Object(Config\Cache), false)
 9 SYSTEMPATH\Boot.php(363): CodeIgniter\CodeIgniter->run()
10 SYSTEMPATH\Boot.php(68): CodeIgniter\Boot::runCodeIgniter(Object(CodeIgniter\CodeIgniter))
11 FCPATH\index.php(59): CodeIgniter\Boot::bootWeb(Object(Config\Paths))
CRITICAL - 2025-11-19 13:37:19 --> [Caused by] CodeIgniter\Database\Exceptions\DatabaseException: You have an error in your SQL syntax; check the manual that corresponds to your MariaDB server version for the right syntax to use near '= '2025-11-19 13:37:19'
WHERE `nombre` = 'tienda_nombre'' at line 1
in SYSTEMPATH\Database\MySQLi\Connection.php on line 332.
 1 SYSTEMPATH\Database\BaseConnection.php(729): CodeIgniter\Database\MySQLi\Connection->execute('UPDATE `configuracion` SET `valor` = \'Tienda CDP 1\',  = \'2025-11-19 13:37:19\'
WHERE `nombre` = \'tienda_nombre\'')
 2 SYSTEMPATH\Database\BaseConnection.php(646): CodeIgniter\Database\BaseConnection->simpleQuery('UPDATE `configuracion` SET `valor` = \'Tienda CDP 1\',  = \'2025-11-19 13:37:19\'
WHERE `nombre` = \'tienda_nombre\'')
 3 SYSTEMPATH\Database\BaseBuilder.php(2521): CodeIgniter\Database\BaseConnection->query('UPDATE `configuracion` SET `valor` = :valor:,  = ::
WHERE `nombre` = :nombre:', [...], false)
 4 SYSTEMPATH\Model.php(461): CodeIgniter\Database\BaseBuilder->update()
 5 SYSTEMPATH\BaseModel.php(1025): CodeIgniter\Model->doUpdate(null, [...])
 6 SYSTEMPATH\Model.php(860): CodeIgniter\BaseModel->update(null, [...])
 7 APPPATH\Controllers\Configuracion.php(67): CodeIgniter\Model->update()
 8 SYSTEMPATH\CodeIgniter.php(933): App\Controllers\Configuracion->actualizar()
 9 SYSTEMPATH\CodeIgniter.php(507): CodeIgniter\CodeIgniter->runController(Object(App\Controllers\Configuracion))
10 SYSTEMPATH\CodeIgniter.php(354): CodeIgniter\CodeIgniter->handleRequest(null, Object(Config\Cache), false)
11 SYSTEMPATH\Boot.php(363): CodeIgniter\CodeIgniter->run()
12 SYSTEMPATH\Boot.php(68): CodeIgniter\Boot::runCodeIgniter(Object(CodeIgniter\CodeIgniter))
13 FCPATH\index.php(59): CodeIgniter\Boot::bootWeb(Object(Config\Paths))
CRITICAL - 2025-11-19 13:37:19 --> [Caused by] mysqli_sql_exception: You have an error in your SQL syntax; check the manual that corresponds to your MariaDB server version for the right syntax to use near '= '2025-11-19 13:37:19'
WHERE `nombre` = 'tienda_nombre'' at line 1
in SYSTEMPATH\Database\MySQLi\Connection.php on line 327.
 1 SYSTEMPATH\Database\MySQLi\Connection.php(327): mysqli->query('UPDATE `configuracion` SET `valor` = \'Tienda CDP 1\',  = \'2025-11-19 13:37:19\'
WHERE `nombre` = \'tienda_nombre\'', 0)
 2 SYSTEMPATH\Database\BaseConnection.php(729): CodeIgniter\Database\MySQLi\Connection->execute('UPDATE `configuracion` SET `valor` = \'Tienda CDP 1\',  = \'2025-11-19 13:37:19\'
WHERE `nombre` = \'tienda_nombre\'')
 3 SYSTEMPATH\Database\BaseConnection.php(646): CodeIgniter\Database\BaseConnection->simpleQuery('UPDATE `configuracion` SET `valor` = \'Tienda CDP 1\',  = \'2025-11-19 13:37:19\'
WHERE `nombre` = \'tienda_nombre\'')
 4 SYSTEMPATH\Database\BaseBuilder.php(2521): CodeIgniter\Database\BaseConnection->query('UPDATE `configuracion` SET `valor` = :valor:,  = ::
WHERE `nombre` = :nombre:', [...], false)
 5 SYSTEMPATH\Model.php(461): CodeIgniter\Database\BaseBuilder->update()
 6 SYSTEMPATH\BaseModel.php(1025): CodeIgniter\Model->doUpdate(null, [...])
 7 SYSTEMPATH\Model.php(860): CodeIgniter\BaseModel->update(null, [...])
 8 APPPATH\Controllers\Configuracion.php(67): CodeIgniter\Model->update()
 9 SYSTEMPATH\CodeIgniter.php(933): App\Controllers\Configuracion->actualizar()
10 SYSTEMPATH\CodeIgniter.php(507): CodeIgniter\CodeIgniter->runController(Object(App\Controllers\Configuracion))
11 SYSTEMPATH\CodeIgniter.php(354): CodeIgniter\CodeIgniter->handleRequest(null, Object(Config\Cache), false)
12 SYSTEMPATH\Boot.php(363): CodeIgniter\CodeIgniter->run()
13 SYSTEMPATH\Boot.php(68): CodeIgniter\Boot::runCodeIgniter(Object(CodeIgniter\CodeIgniter))
14 FCPATH\index.php(59): CodeIgniter\Boot::bootWeb(Object(Config\Paths))
ERROR - 2025-11-19 13:39:20 --> mysqli_sql_exception: Unknown column 'updated_at' in 'field list' in C:\xampp\htdocs\pos\system\Database\MySQLi\Connection.php:327
Stack trace:
#0 C:\xampp\htdocs\pos\system\Database\MySQLi\Connection.php(327): mysqli->query('UPDATE `configu...', 0)
#1 C:\xampp\htdocs\pos\system\Database\BaseConnection.php(729): CodeIgniter\Database\MySQLi\Connection->execute('UPDATE `configu...')
#2 C:\xampp\htdocs\pos\system\Database\BaseConnection.php(646): CodeIgniter\Database\BaseConnection->simpleQuery('UPDATE `configu...')
#3 C:\xampp\htdocs\pos\system\Database\BaseBuilder.php(2521): CodeIgniter\Database\BaseConnection->query('UPDATE `configu...', Array, false)
#4 C:\xampp\htdocs\pos\system\Model.php(461): CodeIgniter\Database\BaseBuilder->update()
#5 C:\xampp\htdocs\pos\system\BaseModel.php(1025): CodeIgniter\Model->doUpdate(NULL, Array)
#6 C:\xampp\htdocs\pos\system\Model.php(860): CodeIgniter\BaseModel->update(NULL, Array)
#7 C:\xampp\htdocs\pos\app\Controllers\Configuracion.php(67): CodeIgniter\Model->update()
#8 C:\xampp\htdocs\pos\system\CodeIgniter.php(933): App\Controllers\Configuracion->actualizar()
#9 C:\xampp\htdocs\pos\system\CodeIgniter.php(507): CodeIgniter\CodeIgniter->runController(Object(App\Controllers\Configuracion))
#10 C:\xampp\htdocs\pos\system\CodeIgniter.php(354): CodeIgniter\CodeIgniter->handleRequest(NULL, Object(Config\Cache), false)
#11 C:\xampp\htdocs\pos\system\Boot.php(363): CodeIgniter\CodeIgniter->run()
#12 C:\xampp\htdocs\pos\system\Boot.php(68): CodeIgniter\Boot::runCodeIgniter(Object(CodeIgniter\CodeIgniter))
#13 C:\xampp\htdocs\pos\public\index.php(59): CodeIgniter\Boot::bootWeb(Object(Config\Paths))
#14 {main}
CRITICAL - 2025-11-19 13:39:20 --> CodeIgniter\Database\Exceptions\DatabaseException: Unknown column 'updated_at' in 'field list'
[Method: POST, Route: configuracion/actualizar]
in SYSTEMPATH\Database\BaseConnection.php on line 684.
 1 SYSTEMPATH\Database\BaseBuilder.php(2521): CodeIgniter\Database\BaseConnection->query('UPDATE `configuracion` SET `valor` = :valor:, `updated_at` = :updated_at:
WHERE `nombre` = :nombre:', [...], false)
 2 SYSTEMPATH\Model.php(461): CodeIgniter\Database\BaseBuilder->update()
 3 SYSTEMPATH\BaseModel.php(1025): CodeIgniter\Model->doUpdate(null, [...])
 4 SYSTEMPATH\Model.php(860): CodeIgniter\BaseModel->update(null, [...])
 5 APPPATH\Controllers\Configuracion.php(67): CodeIgniter\Model->update()
 6 SYSTEMPATH\CodeIgniter.php(933): App\Controllers\Configuracion->actualizar()
 7 SYSTEMPATH\CodeIgniter.php(507): CodeIgniter\CodeIgniter->runController(Object(App\Controllers\Configuracion))
 8 SYSTEMPATH\CodeIgniter.php(354): CodeIgniter\CodeIgniter->handleRequest(null, Object(Config\Cache), false)
 9 SYSTEMPATH\Boot.php(363): CodeIgniter\CodeIgniter->run()
10 SYSTEMPATH\Boot.php(68): CodeIgniter\Boot::runCodeIgniter(Object(CodeIgniter\CodeIgniter))
11 FCPATH\index.php(59): CodeIgniter\Boot::bootWeb(Object(Config\Paths))
CRITICAL - 2025-11-19 13:39:20 --> [Caused by] CodeIgniter\Database\Exceptions\DatabaseException: Unknown column 'updated_at' in 'field list'
in SYSTEMPATH\Database\MySQLi\Connection.php on line 332.
 1 SYSTEMPATH\Database\BaseConnection.php(729): CodeIgniter\Database\MySQLi\Connection->execute('UPDATE `configuracion` SET `valor` = \'Tienda CDP 1\', `updated_at` = \'2025-11-19 13:39:20\'
WHERE `nombre` = \'tienda_nombre\'')
 2 SYSTEMPATH\Database\BaseConnection.php(646): CodeIgniter\Database\BaseConnection->simpleQuery('UPDATE `configuracion` SET `valor` = \'Tienda CDP 1\', `updated_at` = \'2025-11-19 13:39:20\'
WHERE `nombre` = \'tienda_nombre\'')
 3 SYSTEMPATH\Database\BaseBuilder.php(2521): CodeIgniter\Database\BaseConnection->query('UPDATE `configuracion` SET `valor` = :valor:, `updated_at` = :updated_at:
WHERE `nombre` = :nombre:', [...], false)
 4 SYSTEMPATH\Model.php(461): CodeIgniter\Database\BaseBuilder->update()
 5 SYSTEMPATH\BaseModel.php(1025): CodeIgniter\Model->doUpdate(null, [...])
 6 SYSTEMPATH\Model.php(860): CodeIgniter\BaseModel->update(null, [...])
 7 APPPATH\Controllers\Configuracion.php(67): CodeIgniter\Model->update()
 8 SYSTEMPATH\CodeIgniter.php(933): App\Controllers\Configuracion->actualizar()
 9 SYSTEMPATH\CodeIgniter.php(507): CodeIgniter\CodeIgniter->runController(Object(App\Controllers\Configuracion))
10 SYSTEMPATH\CodeIgniter.php(354): CodeIgniter\CodeIgniter->handleRequest(null, Object(Config\Cache), false)
11 SYSTEMPATH\Boot.php(363): CodeIgniter\CodeIgniter->run()
12 SYSTEMPATH\Boot.php(68): CodeIgniter\Boot::runCodeIgniter(Object(CodeIgniter\CodeIgniter))
13 FCPATH\index.php(59): CodeIgniter\Boot::bootWeb(Object(Config\Paths))
CRITICAL - 2025-11-19 13:39:20 --> [Caused by] mysqli_sql_exception: Unknown column 'updated_at' in 'field list'
in SYSTEMPATH\Database\MySQLi\Connection.php on line 327.
 1 SYSTEMPATH\Database\MySQLi\Connection.php(327): mysqli->query('UPDATE `configuracion` SET `valor` = \'Tienda CDP 1\', `updated_at` = \'2025-11-19 13:39:20\'
WHERE `nombre` = \'tienda_nombre\'', 0)
 2 SYSTEMPATH\Database\BaseConnection.php(729): CodeIgniter\Database\MySQLi\Connection->execute('UPDATE `configuracion` SET `valor` = \'Tienda CDP 1\', `updated_at` = \'2025-11-19 13:39:20\'
WHERE `nombre` = \'tienda_nombre\'')
 3 SYSTEMPATH\Database\BaseConnection.php(646): CodeIgniter\Database\BaseConnection->simpleQuery('UPDATE `configuracion` SET `valor` = \'Tienda CDP 1\', `updated_at` = \'2025-11-19 13:39:20\'
WHERE `nombre` = \'tienda_nombre\'')
 4 SYSTEMPATH\Database\BaseBuilder.php(2521): CodeIgniter\Database\BaseConnection->query('UPDATE `configuracion` SET `valor` = :valor:, `updated_at` = :updated_at:
WHERE `nombre` = :nombre:', [...], false)
 5 SYSTEMPATH\Model.php(461): CodeIgniter\Database\BaseBuilder->update()
 6 SYSTEMPATH\BaseModel.php(1025): CodeIgniter\Model->doUpdate(null, [...])
 7 SYSTEMPATH\Model.php(860): CodeIgniter\BaseModel->update(null, [...])
 8 APPPATH\Controllers\Configuracion.php(67): CodeIgniter\Model->update()
 9 SYSTEMPATH\CodeIgniter.php(933): App\Controllers\Configuracion->actualizar()
10 SYSTEMPATH\CodeIgniter.php(507): CodeIgniter\CodeIgniter->runController(Object(App\Controllers\Configuracion))
11 SYSTEMPATH\CodeIgniter.php(354): CodeIgniter\CodeIgniter->handleRequest(null, Object(Config\Cache), false)
12 SYSTEMPATH\Boot.php(363): CodeIgniter\CodeIgniter->run()
13 SYSTEMPATH\Boot.php(68): CodeIgniter\Boot::runCodeIgniter(Object(CodeIgniter\CodeIgniter))
14 FCPATH\index.php(59): CodeIgniter\Boot::bootWeb(Object(Config\Paths))
DEBUG - 2025-11-19 13:40:27 --> Session: Class initialized using 'CodeIgniter\Session\Handlers\FileHandler' driver.
ERROR - 2025-11-19 13:44:54 --> mysqli_sql_exception: Unknown column 'updated_at' in 'field list' in C:\xampp\htdocs\pos\system\Database\MySQLi\Connection.php:327
Stack trace:
#0 C:\xampp\htdocs\pos\system\Database\MySQLi\Connection.php(327): mysqli->query('UPDATE `configu...', 0)
#1 C:\xampp\htdocs\pos\system\Database\BaseConnection.php(729): CodeIgniter\Database\MySQLi\Connection->execute('UPDATE `configu...')
#2 C:\xampp\htdocs\pos\system\Database\BaseConnection.php(646): CodeIgniter\Database\BaseConnection->simpleQuery('UPDATE `configu...')
#3 C:\xampp\htdocs\pos\system\Database\BaseBuilder.php(2521): CodeIgniter\Database\BaseConnection->query('UPDATE `configu...', Array, false)
#4 C:\xampp\htdocs\pos\system\Model.php(461): CodeIgniter\Database\BaseBuilder->update()
#5 C:\xampp\htdocs\pos\system\BaseModel.php(1025): CodeIgniter\Model->doUpdate(NULL, Array)
#6 C:\xampp\htdocs\pos\system\Model.php(860): CodeIgniter\BaseModel->update(NULL, Array)
#7 C:\xampp\htdocs\pos\app\Controllers\Configuracion.php(67): CodeIgniter\Model->update()
#8 C:\xampp\htdocs\pos\system\CodeIgniter.php(933): App\Controllers\Configuracion->actualizar()
#9 C:\xampp\htdocs\pos\system\CodeIgniter.php(507): CodeIgniter\CodeIgniter->runController(Object(App\Controllers\Configuracion))
#10 C:\xampp\htdocs\pos\system\CodeIgniter.php(354): CodeIgniter\CodeIgniter->handleRequest(NULL, Object(Config\Cache), false)
#11 C:\xampp\htdocs\pos\system\Boot.php(363): CodeIgniter\CodeIgniter->run()
#12 C:\xampp\htdocs\pos\system\Boot.php(68): CodeIgniter\Boot::runCodeIgniter(Object(CodeIgniter\CodeIgniter))
#13 C:\xampp\htdocs\pos\public\index.php(59): CodeIgniter\Boot::bootWeb(Object(Config\Paths))
#14 {main}
CRITICAL - 2025-11-19 13:44:54 --> CodeIgniter\Database\Exceptions\DatabaseException: Unknown column 'updated_at' in 'field list'
[Method: POST, Route: configuracion/actualizar]
in SYSTEMPATH\Database\BaseConnection.php on line 684.
 1 SYSTEMPATH\Database\BaseBuilder.php(2521): CodeIgniter\Database\BaseConnection->query('UPDATE `configuracion` SET `valor` = :valor:, `updated_at` = :updated_at:
WHERE `nombre` = :nombre:', [...], false)
 2 SYSTEMPATH\Model.php(461): CodeIgniter\Database\BaseBuilder->update()
 3 SYSTEMPATH\BaseModel.php(1025): CodeIgniter\Model->doUpdate(null, [...])
 4 SYSTEMPATH\Model.php(860): CodeIgniter\BaseModel->update(null, [...])
 5 APPPATH\Controllers\Configuracion.php(67): CodeIgniter\Model->update()
 6 SYSTEMPATH\CodeIgniter.php(933): App\Controllers\Configuracion->actualizar()
 7 SYSTEMPATH\CodeIgniter.php(507): CodeIgniter\CodeIgniter->runController(Object(App\Controllers\Configuracion))
 8 SYSTEMPATH\CodeIgniter.php(354): CodeIgniter\CodeIgniter->handleRequest(null, Object(Config\Cache), false)
 9 SYSTEMPATH\Boot.php(363): CodeIgniter\CodeIgniter->run()
10 SYSTEMPATH\Boot.php(68): CodeIgniter\Boot::runCodeIgniter(Object(CodeIgniter\CodeIgniter))
11 FCPATH\index.php(59): CodeIgniter\Boot::bootWeb(Object(Config\Paths))
CRITICAL - 2025-11-19 13:44:54 --> [Caused by] CodeIgniter\Database\Exceptions\DatabaseException: Unknown column 'updated_at' in 'field list'
in SYSTEMPATH\Database\MySQLi\Connection.php on line 332.
 1 SYSTEMPATH\Database\BaseConnection.php(729): CodeIgniter\Database\MySQLi\Connection->execute('UPDATE `configuracion` SET `valor` = \'Tienda CDP 1\', `updated_at` = \'2025-11-19 13:44:54\'
WHERE `nombre` = \'tienda_nombre\'')
 2 SYSTEMPATH\Database\BaseConnection.php(646): CodeIgniter\Database\BaseConnection->simpleQuery('UPDATE `configuracion` SET `valor` = \'Tienda CDP 1\', `updated_at` = \'2025-11-19 13:44:54\'
WHERE `nombre` = \'tienda_nombre\'')
 3 SYSTEMPATH\Database\BaseBuilder.php(2521): CodeIgniter\Database\BaseConnection->query('UPDATE `configuracion` SET `valor` = :valor:, `updated_at` = :updated_at:
WHERE `nombre` = :nombre:', [...], false)
 4 SYSTEMPATH\Model.php(461): CodeIgniter\Database\BaseBuilder->update()
 5 SYSTEMPATH\BaseModel.php(1025): CodeIgniter\Model->doUpdate(null, [...])
 6 SYSTEMPATH\Model.php(860): CodeIgniter\BaseModel->update(null, [...])
 7 APPPATH\Controllers\Configuracion.php(67): CodeIgniter\Model->update()
 8 SYSTEMPATH\CodeIgniter.php(933): App\Controllers\Configuracion->actualizar()
 9 SYSTEMPATH\CodeIgniter.php(507): CodeIgniter\CodeIgniter->runController(Object(App\Controllers\Configuracion))
10 SYSTEMPATH\CodeIgniter.php(354): CodeIgniter\CodeIgniter->handleRequest(null, Object(Config\Cache), false)
11 SYSTEMPATH\Boot.php(363): CodeIgniter\CodeIgniter->run()
12 SYSTEMPATH\Boot.php(68): CodeIgniter\Boot::runCodeIgniter(Object(CodeIgniter\CodeIgniter))
13 FCPATH\index.php(59): CodeIgniter\Boot::bootWeb(Object(Config\Paths))
CRITICAL - 2025-11-19 13:44:54 --> [Caused by] mysqli_sql_exception: Unknown column 'updated_at' in 'field list'
in SYSTEMPATH\Database\MySQLi\Connection.php on line 327.
 1 SYSTEMPATH\Database\MySQLi\Connection.php(327): mysqli->query('UPDATE `configuracion` SET `valor` = \'Tienda CDP 1\', `updated_at` = \'2025-11-19 13:44:54\'
WHERE `nombre` = \'tienda_nombre\'', 0)
 2 SYSTEMPATH\Database\BaseConnection.php(729): CodeIgniter\Database\MySQLi\Connection->execute('UPDATE `configuracion` SET `valor` = \'Tienda CDP 1\', `updated_at` = \'2025-11-19 13:44:54\'
WHERE `nombre` = \'tienda_nombre\'')
 3 SYSTEMPATH\Database\BaseConnection.php(646): CodeIgniter\Database\BaseConnection->simpleQuery('UPDATE `configuracion` SET `valor` = \'Tienda CDP 1\', `updated_at` = \'2025-11-19 13:44:54\'
WHERE `nombre` = \'tienda_nombre\'')
 4 SYSTEMPATH\Database\BaseBuilder.php(2521): CodeIgniter\Database\BaseConnection->query('UPDATE `configuracion` SET `valor` = :valor:, `updated_at` = :updated_at:
WHERE `nombre` = :nombre:', [...], false)
 5 SYSTEMPATH\Model.php(461): CodeIgniter\Database\BaseBuilder->update()
 6 SYSTEMPATH\BaseModel.php(1025): CodeIgniter\Model->doUpdate(null, [...])
 7 SYSTEMPATH\Model.php(860): CodeIgniter\BaseModel->update(null, [...])
 8 APPPATH\Controllers\Configuracion.php(67): CodeIgniter\Model->update()
 9 SYSTEMPATH\CodeIgniter.php(933): App\Controllers\Configuracion->actualizar()
10 SYSTEMPATH\CodeIgniter.php(507): CodeIgniter\CodeIgniter->runController(Object(App\Controllers\Configuracion))
11 SYSTEMPATH\CodeIgniter.php(354): CodeIgniter\CodeIgniter->handleRequest(null, Object(Config\Cache), false)
12 SYSTEMPATH\Boot.php(363): CodeIgniter\CodeIgniter->run()
13 SYSTEMPATH\Boot.php(68): CodeIgniter\Boot::runCodeIgniter(Object(CodeIgniter\CodeIgniter))
14 FCPATH\index.php(59): CodeIgniter\Boot::bootWeb(Object(Config\Paths))
ERROR - 2025-11-19 13:45:28 --> mysqli_sql_exception: Unknown column 'updated_at' in 'field list' in C:\xampp\htdocs\pos\system\Database\MySQLi\Connection.php:327
Stack trace:
#0 C:\xampp\htdocs\pos\system\Database\MySQLi\Connection.php(327): mysqli->query('UPDATE `configu...', 0)
#1 C:\xampp\htdocs\pos\system\Database\BaseConnection.php(729): CodeIgniter\Database\MySQLi\Connection->execute('UPDATE `configu...')
#2 C:\xampp\htdocs\pos\system\Database\BaseConnection.php(646): CodeIgniter\Database\BaseConnection->simpleQuery('UPDATE `configu...')
#3 C:\xampp\htdocs\pos\system\Database\BaseBuilder.php(2521): CodeIgniter\Database\BaseConnection->query('UPDATE `configu...', Array, false)
#4 C:\xampp\htdocs\pos\system\Model.php(461): CodeIgniter\Database\BaseBuilder->update()
#5 C:\xampp\htdocs\pos\system\BaseModel.php(1025): CodeIgniter\Model->doUpdate(NULL, Array)
#6 C:\xampp\htdocs\pos\system\Model.php(860): CodeIgniter\BaseModel->update(NULL, Array)
#7 C:\xampp\htdocs\pos\app\Controllers\Configuracion.php(67): CodeIgniter\Model->update()
#8 C:\xampp\htdocs\pos\system\CodeIgniter.php(933): App\Controllers\Configuracion->actualizar()
#9 C:\xampp\htdocs\pos\system\CodeIgniter.php(507): CodeIgniter\CodeIgniter->runController(Object(App\Controllers\Configuracion))
#10 C:\xampp\htdocs\pos\system\CodeIgniter.php(354): CodeIgniter\CodeIgniter->handleRequest(NULL, Object(Config\Cache), false)
#11 C:\xampp\htdocs\pos\system\Boot.php(363): CodeIgniter\CodeIgniter->run()
#12 C:\xampp\htdocs\pos\system\Boot.php(68): CodeIgniter\Boot::runCodeIgniter(Object(CodeIgniter\CodeIgniter))
#13 C:\xampp\htdocs\pos\public\index.php(59): CodeIgniter\Boot::bootWeb(Object(Config\Paths))
#14 {main}
CRITICAL - 2025-11-19 13:45:28 --> CodeIgniter\Database\Exceptions\DatabaseException: Unknown column 'updated_at' in 'field list'
[Method: POST, Route: configuracion/actualizar]
in SYSTEMPATH\Database\BaseConnection.php on line 684.
 1 SYSTEMPATH\Database\BaseBuilder.php(2521): CodeIgniter\Database\BaseConnection->query('UPDATE `configuracion` SET `valor` = :valor:, `updated_at` = :updated_at:
WHERE `nombre` = :nombre:', [...], false)
 2 SYSTEMPATH\Model.php(461): CodeIgniter\Database\BaseBuilder->update()
 3 SYSTEMPATH\BaseModel.php(1025): CodeIgniter\Model->doUpdate(null, [...])
 4 SYSTEMPATH\Model.php(860): CodeIgniter\BaseModel->update(null, [...])
 5 APPPATH\Controllers\Configuracion.php(67): CodeIgniter\Model->update()
 6 SYSTEMPATH\CodeIgniter.php(933): App\Controllers\Configuracion->actualizar()
 7 SYSTEMPATH\CodeIgniter.php(507): CodeIgniter\CodeIgniter->runController(Object(App\Controllers\Configuracion))
 8 SYSTEMPATH\CodeIgniter.php(354): CodeIgniter\CodeIgniter->handleRequest(null, Object(Config\Cache), false)
 9 SYSTEMPATH\Boot.php(363): CodeIgniter\CodeIgniter->run()
10 SYSTEMPATH\Boot.php(68): CodeIgniter\Boot::runCodeIgniter(Object(CodeIgniter\CodeIgniter))
11 FCPATH\index.php(59): CodeIgniter\Boot::bootWeb(Object(Config\Paths))
CRITICAL - 2025-11-19 13:45:28 --> [Caused by] CodeIgniter\Database\Exceptions\DatabaseException: Unknown column 'updated_at' in 'field list'
in SYSTEMPATH\Database\MySQLi\Connection.php on line 332.
 1 SYSTEMPATH\Database\BaseConnection.php(729): CodeIgniter\Database\MySQLi\Connection->execute('UPDATE `configuracion` SET `valor` = \'Tienda CDP 1\', `updated_at` = \'2025-11-19 13:45:28\'
WHERE `nombre` = \'tienda_nombre\'')
 2 SYSTEMPATH\Database\BaseConnection.php(646): CodeIgniter\Database\BaseConnection->simpleQuery('UPDATE `configuracion` SET `valor` = \'Tienda CDP 1\', `updated_at` = \'2025-11-19 13:45:28\'
WHERE `nombre` = \'tienda_nombre\'')
 3 SYSTEMPATH\Database\BaseBuilder.php(2521): CodeIgniter\Database\BaseConnection->query('UPDATE `configuracion` SET `valor` = :valor:, `updated_at` = :updated_at:
WHERE `nombre` = :nombre:', [...], false)
 4 SYSTEMPATH\Model.php(461): CodeIgniter\Database\BaseBuilder->update()
 5 SYSTEMPATH\BaseModel.php(1025): CodeIgniter\Model->doUpdate(null, [...])
 6 SYSTEMPATH\Model.php(860): CodeIgniter\BaseModel->update(null, [...])
 7 APPPATH\Controllers\Configuracion.php(67): CodeIgniter\Model->update()
 8 SYSTEMPATH\CodeIgniter.php(933): App\Controllers\Configuracion->actualizar()
 9 SYSTEMPATH\CodeIgniter.php(507): CodeIgniter\CodeIgniter->runController(Object(App\Controllers\Configuracion))
10 SYSTEMPATH\CodeIgniter.php(354): CodeIgniter\CodeIgniter->handleRequest(null, Object(Config\Cache), false)
11 SYSTEMPATH\Boot.php(363): CodeIgniter\CodeIgniter->run()
12 SYSTEMPATH\Boot.php(68): CodeIgniter\Boot::runCodeIgniter(Object(CodeIgniter\CodeIgniter))
13 FCPATH\index.php(59): CodeIgniter\Boot::bootWeb(Object(Config\Paths))
CRITICAL - 2025-11-19 13:45:28 --> [Caused by] mysqli_sql_exception: Unknown column 'updated_at' in 'field list'
in SYSTEMPATH\Database\MySQLi\Connection.php on line 327.
 1 SYSTEMPATH\Database\MySQLi\Connection.php(327): mysqli->query('UPDATE `configuracion` SET `valor` = \'Tienda CDP 1\', `updated_at` = \'2025-11-19 13:45:28\'
WHERE `nombre` = \'tienda_nombre\'', 0)
 2 SYSTEMPATH\Database\BaseConnection.php(729): CodeIgniter\Database\MySQLi\Connection->execute('UPDATE `configuracion` SET `valor` = \'Tienda CDP 1\', `updated_at` = \'2025-11-19 13:45:28\'
WHERE `nombre` = \'tienda_nombre\'')
 3 SYSTEMPATH\Database\BaseConnection.php(646): CodeIgniter\Database\BaseConnection->simpleQuery('UPDATE `configuracion` SET `valor` = \'Tienda CDP 1\', `updated_at` = \'2025-11-19 13:45:28\'
WHERE `nombre` = \'tienda_nombre\'')
 4 SYSTEMPATH\Database\BaseBuilder.php(2521): CodeIgniter\Database\BaseConnection->query('UPDATE `configuracion` SET `valor` = :valor:, `updated_at` = :updated_at:
WHERE `nombre` = :nombre:', [...], false)
 5 SYSTEMPATH\Model.php(461): CodeIgniter\Database\BaseBuilder->update()
 6 SYSTEMPATH\BaseModel.php(1025): CodeIgniter\Model->doUpdate(null, [...])
 7 SYSTEMPATH\Model.php(860): CodeIgniter\BaseModel->update(null, [...])
 8 APPPATH\Controllers\Configuracion.php(67): CodeIgniter\Model->update()
 9 SYSTEMPATH\CodeIgniter.php(933): App\Controllers\Configuracion->actualizar()
10 SYSTEMPATH\CodeIgniter.php(507): CodeIgniter\CodeIgniter->runController(Object(App\Controllers\Configuracion))
11 SYSTEMPATH\CodeIgniter.php(354): CodeIgniter\CodeIgniter->handleRequest(null, Object(Config\Cache), false)
12 SYSTEMPATH\Boot.php(363): CodeIgniter\CodeIgniter->run()
13 SYSTEMPATH\Boot.php(68): CodeIgniter\Boot::runCodeIgniter(Object(CodeIgniter\CodeIgniter))
14 FCPATH\index.php(59): CodeIgniter\Boot::bootWeb(Object(Config\Paths))
DEBUG - 2025-11-19 13:51:43 --> Session: Class initialized using 'CodeIgniter\Session\Handlers\FileHandler' driver.
DEBUG - 2025-11-19 13:51:46 --> Session: Class initialized using 'CodeIgniter\Session\Handlers\FileHandler' driver.
DEBUG - 2025-11-19 13:51:51 --> Session: Class initialized using 'CodeIgniter\Session\Handlers\FileHandler' driver.
DEBUG - 2025-11-19 13:52:02 --> Session: Class initialized using 'CodeIgniter\Session\Handlers\FileHandler' driver.
DEBUG - 2025-11-19 13:52:08 --> Session: Class initialized using 'CodeIgniter\Session\Handlers\FileHandler' driver.
DEBUG - 2025-11-19 13:52:11 --> Session: Class initialized using 'CodeIgniter\Session\Handlers\FileHandler' driver.
DEBUG - 2025-11-19 13:52:13 --> Session: Class initialized using 'CodeIgniter\Session\Handlers\FileHandler' driver.
DEBUG - 2025-11-19 13:55:07 --> Session: Class initialized using 'CodeIgniter\Session\Handlers\FileHandler' driver.
DEBUG - 2025-11-19 13:55:59 --> Session: Class initialized using 'CodeIgniter\Session\Handlers\FileHandler' driver.
DEBUG - 2025-11-19 13:56:04 --> Session: Class initialized using 'CodeIgniter\Session\Handlers\FileHandler' driver.
DEBUG - 2025-11-19 13:56:31 --> Session: Class initialized using 'CodeIgniter\Session\Handlers\FileHandler' driver.
DEBUG - 2025-11-19 13:59:08 --> Session: Class initialized using 'CodeIgniter\Session\Handlers\FileHandler' driver.
DEBUG - 2025-11-19 14:00:07 --> Session: Class initialized using 'CodeIgniter\Session\Handlers\FileHandler' driver.
DEBUG - 2025-11-19 14:00:10 --> Session: Class initialized using 'CodeIgniter\Session\Handlers\FileHandler' driver.
DEBUG - 2025-11-19 14:03:07 --> Session: Class initialized using 'CodeIgniter\Session\Handlers\FileHandler' driver.
DEBUG - 2025-11-19 14:03:11 --> Session: Class initialized using 'CodeIgniter\Session\Handlers\FileHandler' driver.
DEBUG - 2025-11-19 14:03:29 --> Session: Class initialized using 'CodeIgniter\Session\Handlers\FileHandler' driver.
DEBUG - 2025-11-19 14:03:35 --> Session: Class initialized using 'CodeIgniter\Session\Handlers\FileHandler' driver.
DEBUG - 2025-11-19 14:05:24 --> Session: Class initialized using 'CodeIgniter\Session\Handlers\FileHandler' driver.
DEBUG - 2025-11-19 14:05:26 --> Session: Class initialized using 'CodeIgniter\Session\Handlers\FileHandler' driver.
DEBUG - 2025-11-19 14:10:08 --> Session: Class initialized using 'CodeIgniter\Session\Handlers\FileHandler' driver.
DEBUG - 2025-11-19 14:10:12 --> Session: Class initialized using 'CodeIgniter\Session\Handlers\FileHandler' driver.
DEBUG - 2025-11-19 14:10:14 --> Session: Class initialized using 'CodeIgniter\Session\Handlers\FileHandler' driver.
DEBUG - 2025-11-19 14:10:16 --> Session: Class initialized using 'CodeIgniter\Session\Handlers\FileHandler' driver.
DEBUG - 2025-11-19 14:11:44 --> Session: Class initialized using 'CodeIgniter\Session\Handlers\FileHandler' driver.
DEBUG - 2025-11-19 14:18:44 --> Session: Class initialized using 'CodeIgniter\Session\Handlers\FileHandler' driver.
ERROR - 2025-11-19 14:18:48 --> mysqli_sql_exception: You have an error in your SQL syntax; check the manual that corresponds to your MariaDB server version for the right syntax to use near '= '2025-11-19 14:18:48'
WHERE `nombre` = 'tienda_nombre'' at line 1 in C:\xampp\htdocs\pos\system\Database\MySQLi\Connection.php:327
Stack trace:
#0 C:\xampp\htdocs\pos\system\Database\MySQLi\Connection.php(327): mysqli->query('UPDATE `configu...', 0)
#1 C:\xampp\htdocs\pos\system\Database\BaseConnection.php(729): CodeIgniter\Database\MySQLi\Connection->execute('UPDATE `configu...')
#2 C:\xampp\htdocs\pos\system\Database\BaseConnection.php(646): CodeIgniter\Database\BaseConnection->simpleQuery('UPDATE `configu...')
#3 C:\xampp\htdocs\pos\system\Database\BaseBuilder.php(2521): CodeIgniter\Database\BaseConnection->query('UPDATE `configu...', Array, false)
#4 C:\xampp\htdocs\pos\system\Model.php(461): CodeIgniter\Database\BaseBuilder->update()
#5 C:\xampp\htdocs\pos\system\BaseModel.php(1025): CodeIgniter\Model->doUpdate(NULL, Array)
#6 C:\xampp\htdocs\pos\system\Model.php(860): CodeIgniter\BaseModel->update(NULL, Array)
#7 C:\xampp\htdocs\pos\app\Controllers\Configuracion.php(62): CodeIgniter\Model->update()
#8 C:\xampp\htdocs\pos\system\CodeIgniter.php(933): App\Controllers\Configuracion->actualizar()
#9 C:\xampp\htdocs\pos\system\CodeIgniter.php(507): CodeIgniter\CodeIgniter->runController(Object(App\Controllers\Configuracion))
#10 C:\xampp\htdocs\pos\system\CodeIgniter.php(354): CodeIgniter\CodeIgniter->handleRequest(NULL, Object(Config\Cache), false)
#11 C:\xampp\htdocs\pos\system\Boot.php(363): CodeIgniter\CodeIgniter->run()
#12 C:\xampp\htdocs\pos\system\Boot.php(68): CodeIgniter\Boot::runCodeIgniter(Object(CodeIgniter\CodeIgniter))
#13 C:\xampp\htdocs\pos\public\index.php(59): CodeIgniter\Boot::bootWeb(Object(Config\Paths))
#14 {main}
CRITICAL - 2025-11-19 14:18:48 --> CodeIgniter\Database\Exceptions\DatabaseException: You have an error in your SQL syntax; check the manual that corresponds to your MariaDB server version for the right syntax to use near '= '2025-11-19 14:18:48'
WHERE `nombre` = 'tienda_nombre'' at line 1
[Method: POST, Route: configuracion/actualizar]
in SYSTEMPATH\Database\BaseConnection.php on line 684.
 1 SYSTEMPATH\Database\BaseBuilder.php(2521): CodeIgniter\Database\BaseConnection->query('UPDATE `configuracion` SET `valor` = :valor:,  = ::
WHERE `nombre` = :nombre:', [...], false)
 2 SYSTEMPATH\Model.php(461): CodeIgniter\Database\BaseBuilder->update()
 3 SYSTEMPATH\BaseModel.php(1025): CodeIgniter\Model->doUpdate(null, [...])
 4 SYSTEMPATH\Model.php(860): CodeIgniter\BaseModel->update(null, [...])
 5 APPPATH\Controllers\Configuracion.php(62): CodeIgniter\Model->update()
 6 SYSTEMPATH\CodeIgniter.php(933): App\Controllers\Configuracion->actualizar()
 7 SYSTEMPATH\CodeIgniter.php(507): CodeIgniter\CodeIgniter->runController(Object(App\Controllers\Configuracion))
 8 SYSTEMPATH\CodeIgniter.php(354): CodeIgniter\CodeIgniter->handleRequest(null, Object(Config\Cache), false)
 9 SYSTEMPATH\Boot.php(363): CodeIgniter\CodeIgniter->run()
10 SYSTEMPATH\Boot.php(68): CodeIgniter\Boot::runCodeIgniter(Object(CodeIgniter\CodeIgniter))
11 FCPATH\index.php(59): CodeIgniter\Boot::bootWeb(Object(Config\Paths))
CRITICAL - 2025-11-19 14:18:48 --> [Caused by] CodeIgniter\Database\Exceptions\DatabaseException: You have an error in your SQL syntax; check the manual that corresponds to your MariaDB server version for the right syntax to use near '= '2025-11-19 14:18:48'
WHERE `nombre` = 'tienda_nombre'' at line 1
in SYSTEMPATH\Database\MySQLi\Connection.php on line 332.
 1 SYSTEMPATH\Database\BaseConnection.php(729): CodeIgniter\Database\MySQLi\Connection->execute('UPDATE `configuracion` SET `valor` = \'Tienda CDP 3\',  = \'2025-11-19 14:18:48\'
WHERE `nombre` = \'tienda_nombre\'')
 2 SYSTEMPATH\Database\BaseConnection.php(646): CodeIgniter\Database\BaseConnection->simpleQuery('UPDATE `configuracion` SET `valor` = \'Tienda CDP 3\',  = \'2025-11-19 14:18:48\'
WHERE `nombre` = \'tienda_nombre\'')
 3 SYSTEMPATH\Database\BaseBuilder.php(2521): CodeIgniter\Database\BaseConnection->query('UPDATE `configuracion` SET `valor` = :valor:,  = ::
WHERE `nombre` = :nombre:', [...], false)
 4 SYSTEMPATH\Model.php(461): CodeIgniter\Database\BaseBuilder->update()
 5 SYSTEMPATH\BaseModel.php(1025): CodeIgniter\Model->doUpdate(null, [...])
 6 SYSTEMPATH\Model.php(860): CodeIgniter\BaseModel->update(null, [...])
 7 APPPATH\Controllers\Configuracion.php(62): CodeIgniter\Model->update()
 8 SYSTEMPATH\CodeIgniter.php(933): App\Controllers\Configuracion->actualizar()
 9 SYSTEMPATH\CodeIgniter.php(507): CodeIgniter\CodeIgniter->runController(Object(App\Controllers\Configuracion))
10 SYSTEMPATH\CodeIgniter.php(354): CodeIgniter\CodeIgniter->handleRequest(null, Object(Config\Cache), false)
11 SYSTEMPATH\Boot.php(363): CodeIgniter\CodeIgniter->run()
12 SYSTEMPATH\Boot.php(68): CodeIgniter\Boot::runCodeIgniter(Object(CodeIgniter\CodeIgniter))
13 FCPATH\index.php(59): CodeIgniter\Boot::bootWeb(Object(Config\Paths))
CRITICAL - 2025-11-19 14:18:48 --> [Caused by] mysqli_sql_exception: You have an error in your SQL syntax; check the manual that corresponds to your MariaDB server version for the right syntax to use near '= '2025-11-19 14:18:48'
WHERE `nombre` = 'tienda_nombre'' at line 1
in SYSTEMPATH\Database\MySQLi\Connection.php on line 327.
 1 SYSTEMPATH\Database\MySQLi\Connection.php(327): mysqli->query('UPDATE `configuracion` SET `valor` = \'Tienda CDP 3\',  = \'2025-11-19 14:18:48\'
WHERE `nombre` = \'tienda_nombre\'', 0)
 2 SYSTEMPATH\Database\BaseConnection.php(729): CodeIgniter\Database\MySQLi\Connection->execute('UPDATE `configuracion` SET `valor` = \'Tienda CDP 3\',  = \'2025-11-19 14:18:48\'
WHERE `nombre` = \'tienda_nombre\'')
 3 SYSTEMPATH\Database\BaseConnection.php(646): CodeIgniter\Database\BaseConnection->simpleQuery('UPDATE `configuracion` SET `valor` = \'Tienda CDP 3\',  = \'2025-11-19 14:18:48\'
WHERE `nombre` = \'tienda_nombre\'')
 4 SYSTEMPATH\Database\BaseBuilder.php(2521): CodeIgniter\Database\BaseConnection->query('UPDATE `configuracion` SET `valor` = :valor:,  = ::
WHERE `nombre` = :nombre:', [...], false)
 5 SYSTEMPATH\Model.php(461): CodeIgniter\Database\BaseBuilder->update()
 6 SYSTEMPATH\BaseModel.php(1025): CodeIgniter\Model->doUpdate(null, [...])
 7 SYSTEMPATH\Model.php(860): CodeIgniter\BaseModel->update(null, [...])
 8 APPPATH\Controllers\Configuracion.php(62): CodeIgniter\Model->update()
 9 SYSTEMPATH\CodeIgniter.php(933): App\Controllers\Configuracion->actualizar()
10 SYSTEMPATH\CodeIgniter.php(507): CodeIgniter\CodeIgniter->runController(Object(App\Controllers\Configuracion))
11 SYSTEMPATH\CodeIgniter.php(354): CodeIgniter\CodeIgniter->handleRequest(null, Object(Config\Cache), false)
12 SYSTEMPATH\Boot.php(363): CodeIgniter\CodeIgniter->run()
13 SYSTEMPATH\Boot.php(68): CodeIgniter\Boot::runCodeIgniter(Object(CodeIgniter\CodeIgniter))
14 FCPATH\index.php(59): CodeIgniter\Boot::bootWeb(Object(Config\Paths))
DEBUG - 2025-11-19 14:19:07 --> Session: Class initialized using 'CodeIgniter\Session\Handlers\FileHandler' driver.
DEBUG - 2025-11-19 14:19:20 --> Session: Class initialized using 'CodeIgniter\Session\Handlers\FileHandler' driver.
DEBUG - 2025-11-19 14:30:02 --> Session: Class initialized using 'CodeIgniter\Session\Handlers\FileHandler' driver.
DEBUG - 2025-11-19 14:30:06 --> Session: Class initialized using 'CodeIgniter\Session\Handlers\FileHandler' driver.
DEBUG - 2025-11-19 14:31:14 --> Session: Class initialized using 'CodeIgniter\Session\Handlers\FileHandler' driver.
DEBUG - 2025-11-19 14:32:19 --> Session: Class initialized using 'CodeIgniter\Session\Handlers\FileHandler' driver.
CRITICAL - 2025-11-19 14:34:24 --> CodeIgniter\Exceptions\InvalidArgumentException: whereIn() expects $values to be of type array or closure
[Method: POST, Route: configuracion/actualizar]
in SYSTEMPATH\Database\BaseBuilder.php on line 964.
 1 SYSTEMPATH\Database\BaseBuilder.php(850): CodeIgniter\Database\BaseBuilder->_whereIn('nombre', 'tienda_nombre', false, 'AND ', null)
 2 SYSTEMPATH\Model.php(925): CodeIgniter\Database\BaseBuilder->whereIn('nombre', 'tienda_nombre')
 3 APPPATH\Controllers\Configuracion.php(60): CodeIgniter\Model->__call('whereIn', [...])
 4 SYSTEMPATH\CodeIgniter.php(933): App\Controllers\Configuracion->actualizar()
 5 SYSTEMPATH\CodeIgniter.php(507): CodeIgniter\CodeIgniter->runController(Object(App\Controllers\Configuracion))
 6 SYSTEMPATH\CodeIgniter.php(354): CodeIgniter\CodeIgniter->handleRequest(null, Object(Config\Cache), false)
 7 SYSTEMPATH\Boot.php(363): CodeIgniter\CodeIgniter->run()
 8 SYSTEMPATH\Boot.php(68): CodeIgniter\Boot::runCodeIgniter(Object(CodeIgniter\CodeIgniter))
 9 FCPATH\index.php(59): CodeIgniter\Boot::bootWeb(Object(Config\Paths))
DEBUG - 2025-11-19 14:37:42 --> Session: Class initialized using 'CodeIgniter\Session\Handlers\FileHandler' driver.
DEBUG - 2025-11-19 14:37:51 --> Session: Class initialized using 'CodeIgniter\Session\Handlers\FileHandler' driver.
DEBUG - 2025-11-19 14:38:36 --> Session: Class initialized using 'CodeIgniter\Session\Handlers\FileHandler' driver.
DEBUG - 2025-11-19 14:40:30 --> Session: Class initialized using 'CodeIgniter\Session\Handlers\FileHandler' driver.
DEBUG - 2025-11-19 14:43:15 --> Session: Class initialized using 'CodeIgniter\Session\Handlers\FileHandler' driver.
DEBUG - 2025-11-19 14:44:29 --> Session: Class initialized using 'CodeIgniter\Session\Handlers\FileHandler' driver.
DEBUG - 2025-11-19 16:44:49 --> Session: Class initialized using 'CodeIgniter\Session\Handlers\FileHandler' driver.
DEBUG - 2025-11-19 17:01:24 --> Session: Class initialized using 'CodeIgniter\Session\Handlers\FileHandler' driver.
DEBUG - 2025-11-19 17:01:30 --> Session: Class initialized using 'CodeIgniter\Session\Handlers\FileHandler' driver.
CRITICAL - 2025-11-19 17:03:35 --> CodeIgniter\View\Exceptions\ViewException: Invalid file: "usuarios/usuarios.php"
[Method: GET, Route: usuarios]
in SYSTEMPATH\Exceptions\FrameworkException.php on line 39.
 1 SYSTEMPATH\View\View.php(214): CodeIgniter\Exceptions\FrameworkException::forInvalidFile('usuarios/usuarios.php')
 2 SYSTEMPATH\Common.php(1167): CodeIgniter\View\View->render('usuarios/usuarios', [], true)
 3 APPPATH\Controllers\Usuarios.php(24): view('usuarios/usuarios', [...])
 4 SYSTEMPATH\CodeIgniter.php(933): App\Controllers\Usuarios->index()
 5 SYSTEMPATH\CodeIgniter.php(507): CodeIgniter\CodeIgniter->runController(Object(App\Controllers\Usuarios))
 6 SYSTEMPATH\CodeIgniter.php(354): CodeIgniter\CodeIgniter->handleRequest(null, Object(Config\Cache), false)
 7 SYSTEMPATH\Boot.php(363): CodeIgniter\CodeIgniter->run()
 8 SYSTEMPATH\Boot.php(68): CodeIgniter\Boot::runCodeIgniter(Object(CodeIgniter\CodeIgniter))
 9 FCPATH\index.php(59): CodeIgniter\Boot::bootWeb(Object(Config\Paths))
CRITICAL - 2025-11-19 17:38:12 --> Error: Call to undefined function set_value()
[Method: GET, Route: usuarios/nuevo]
in APPPATH\Views\usuarios\nuevo.php on line 14.
 1 SYSTEMPATH\View\View.php(226): include()
 2 SYSTEMPATH\View\View.php(229): CodeIgniter\View\View->CodeIgniter\View\{closure}()
 3 SYSTEMPATH\Common.php(1167): CodeIgniter\View\View->render('usuarios/nuevo', [], true)
 4 APPPATH\Controllers\Usuarios.php(86): view('usuarios/nuevo', [...])
 5 SYSTEMPATH\CodeIgniter.php(933): App\Controllers\Usuarios->nuevo()
 6 SYSTEMPATH\CodeIgniter.php(507): CodeIgniter\CodeIgniter->runController(Object(App\Controllers\Usuarios))
 7 SYSTEMPATH\CodeIgniter.php(354): CodeIgniter\CodeIgniter->handleRequest(null, Object(Config\Cache), false)
 8 SYSTEMPATH\Boot.php(363): CodeIgniter\CodeIgniter->run()
 9 SYSTEMPATH\Boot.php(68): CodeIgniter\Boot::runCodeIgniter(Object(CodeIgniter\CodeIgniter))
10 FCPATH\index.php(59): CodeIgniter\Boot::bootWeb(Object(Config\Paths))
CRITICAL - 2025-11-19 17:40:54 --> Error: Call to undefined function set_value()
[Method: GET, Route: usuarios/nuevo]
in APPPATH\Views\usuarios\nuevo.php on line 14.
 1 SYSTEMPATH\View\View.php(226): include()
 2 SYSTEMPATH\View\View.php(229): CodeIgniter\View\View->CodeIgniter\View\{closure}()
 3 SYSTEMPATH\Common.php(1167): CodeIgniter\View\View->render('usuarios/nuevo', [], true)
 4 APPPATH\Controllers\Usuarios.php(86): view('usuarios/nuevo', [...])
 5 SYSTEMPATH\CodeIgniter.php(933): App\Controllers\Usuarios->nuevo()
 6 SYSTEMPATH\CodeIgniter.php(507): CodeIgniter\CodeIgniter->runController(Object(App\Controllers\Usuarios))
 7 SYSTEMPATH\CodeIgniter.php(354): CodeIgniter\CodeIgniter->handleRequest(null, Object(Config\Cache), false)
 8 SYSTEMPATH\Boot.php(363): CodeIgniter\CodeIgniter->run()
 9 SYSTEMPATH\Boot.php(68): CodeIgniter\Boot::runCodeIgniter(Object(CodeIgniter\CodeIgniter))
10 FCPATH\index.php(59): CodeIgniter\Boot::bootWeb(Object(Config\Paths))
CRITICAL - 2025-11-19 17:40:55 --> Error: Call to undefined function set_value()
[Method: GET, Route: usuarios/nuevo]
in APPPATH\Views\usuarios\nuevo.php on line 14.
 1 SYSTEMPATH\View\View.php(226): include()
 2 SYSTEMPATH\View\View.php(229): CodeIgniter\View\View->CodeIgniter\View\{closure}()
 3 SYSTEMPATH\Common.php(1167): CodeIgniter\View\View->render('usuarios/nuevo', [], true)
 4 APPPATH\Controllers\Usuarios.php(86): view('usuarios/nuevo', [...])
 5 SYSTEMPATH\CodeIgniter.php(933): App\Controllers\Usuarios->nuevo()
 6 SYSTEMPATH\CodeIgniter.php(507): CodeIgniter\CodeIgniter->runController(Object(App\Controllers\Usuarios))
 7 SYSTEMPATH\CodeIgniter.php(354): CodeIgniter\CodeIgniter->handleRequest(null, Object(Config\Cache), false)
 8 SYSTEMPATH\Boot.php(363): CodeIgniter\CodeIgniter->run()
 9 SYSTEMPATH\Boot.php(68): CodeIgniter\Boot::runCodeIgniter(Object(CodeIgniter\CodeIgniter))
10 FCPATH\index.php(59): CodeIgniter\Boot::bootWeb(Object(Config\Paths))
CRITICAL - 2025-11-19 17:40:56 --> Error: Call to undefined function set_value()
[Method: GET, Route: usuarios/nuevo]
in APPPATH\Views\usuarios\nuevo.php on line 14.
 1 SYSTEMPATH\View\View.php(226): include()
 2 SYSTEMPATH\View\View.php(229): CodeIgniter\View\View->CodeIgniter\View\{closure}()
 3 SYSTEMPATH\Common.php(1167): CodeIgniter\View\View->render('usuarios/nuevo', [], true)
 4 APPPATH\Controllers\Usuarios.php(86): view('usuarios/nuevo', [...])
 5 SYSTEMPATH\CodeIgniter.php(933): App\Controllers\Usuarios->nuevo()
 6 SYSTEMPATH\CodeIgniter.php(507): CodeIgniter\CodeIgniter->runController(Object(App\Controllers\Usuarios))
 7 SYSTEMPATH\CodeIgniter.php(354): CodeIgniter\CodeIgniter->handleRequest(null, Object(Config\Cache), false)
 8 SYSTEMPATH\Boot.php(363): CodeIgniter\CodeIgniter->run()
 9 SYSTEMPATH\Boot.php(68): CodeIgniter\Boot::runCodeIgniter(Object(CodeIgniter\CodeIgniter))
10 FCPATH\index.php(59): CodeIgniter\Boot::bootWeb(Object(Config\Paths))
CRITICAL - 2025-11-19 17:41:25 --> Error: Call to undefined function set_value()
[Method: GET, Route: usuarios/nuevo]
in APPPATH\Views\usuarios\nuevo.php on line 14.
 1 SYSTEMPATH\View\View.php(226): include()
 2 SYSTEMPATH\View\View.php(229): CodeIgniter\View\View->CodeIgniter\View\{closure}()
 3 SYSTEMPATH\Common.php(1167): CodeIgniter\View\View->render('usuarios/nuevo', [], true)
 4 APPPATH\Controllers\Usuarios.php(86): view('usuarios/nuevo', [...])
 5 SYSTEMPATH\CodeIgniter.php(933): App\Controllers\Usuarios->nuevo()
 6 SYSTEMPATH\CodeIgniter.php(507): CodeIgniter\CodeIgniter->runController(Object(App\Controllers\Usuarios))
 7 SYSTEMPATH\CodeIgniter.php(354): CodeIgniter\CodeIgniter->handleRequest(null, Object(Config\Cache), false)
 8 SYSTEMPATH\Boot.php(363): CodeIgniter\CodeIgniter->run()
 9 SYSTEMPATH\Boot.php(68): CodeIgniter\Boot::runCodeIgniter(Object(CodeIgniter\CodeIgniter))
10 FCPATH\index.php(59): CodeIgniter\Boot::bootWeb(Object(Config\Paths))
CRITICAL - 2025-11-19 17:55:57 --> ErrorException: Undefined variable $titulo
[Method: POST, Route: usuarios/insertar]
in APPPATH\Views\usuarios\nuevo.php on line 4.
 1 APPPATH\Views\usuarios\nuevo.php(4): CodeIgniter\Debug\Exceptions->errorHandler(2, 'Undefined variable $titulo', 'C:\\xampp\\htdocs\\pos\\app\\Views\\usuarios\\nuevo.php', 4)
 2 SYSTEMPATH\View\View.php(226): include('C:\\xampp\\htdocs\\pos\\app\\Views\\usuarios\\nuevo.php')
 3 SYSTEMPATH\View\View.php(229): CodeIgniter\View\View->CodeIgniter\View\{closure}()
 4 SYSTEMPATH\Common.php(1167): CodeIgniter\View\View->render('usuarios/nuevo', [], true)
 5 APPPATH\Controllers\Usuarios.php(105): view('usuarios/nuevo')
 6 SYSTEMPATH\CodeIgniter.php(933): App\Controllers\Usuarios->insertar()
 7 SYSTEMPATH\CodeIgniter.php(507): CodeIgniter\CodeIgniter->runController(Object(App\Controllers\Usuarios))
 8 SYSTEMPATH\CodeIgniter.php(354): CodeIgniter\CodeIgniter->handleRequest(null, Object(Config\Cache), false)
 9 SYSTEMPATH\Boot.php(363): CodeIgniter\CodeIgniter->run()
10 SYSTEMPATH\Boot.php(68): CodeIgniter\Boot::runCodeIgniter(Object(CodeIgniter\CodeIgniter))
11 FCPATH\index.php(59): CodeIgniter\Boot::bootWeb(Object(Config\Paths))
CRITICAL - 2025-11-19 17:57:26 --> ErrorException: Undefined variable $titulo
[Method: POST, Route: usuarios/insertar]
in APPPATH\Views\usuarios\nuevo.php on line 4.
 1 APPPATH\Views\usuarios\nuevo.php(4): CodeIgniter\Debug\Exceptions->errorHandler(2, 'Undefined variable $titulo', 'C:\\xampp\\htdocs\\pos\\app\\Views\\usuarios\\nuevo.php', 4)
 2 SYSTEMPATH\View\View.php(226): include('C:\\xampp\\htdocs\\pos\\app\\Views\\usuarios\\nuevo.php')
 3 SYSTEMPATH\View\View.php(229): CodeIgniter\View\View->CodeIgniter\View\{closure}()
 4 SYSTEMPATH\Common.php(1167): CodeIgniter\View\View->render('usuarios/nuevo', [], true)
 5 APPPATH\Controllers\Usuarios.php(105): view('usuarios/nuevo')
 6 SYSTEMPATH\CodeIgniter.php(933): App\Controllers\Usuarios->insertar()
 7 SYSTEMPATH\CodeIgniter.php(507): CodeIgniter\CodeIgniter->runController(Object(App\Controllers\Usuarios))
 8 SYSTEMPATH\CodeIgniter.php(354): CodeIgniter\CodeIgniter->handleRequest(null, Object(Config\Cache), false)
 9 SYSTEMPATH\Boot.php(363): CodeIgniter\CodeIgniter->run()
10 SYSTEMPATH\Boot.php(68): CodeIgniter\Boot::runCodeIgniter(Object(CodeIgniter\CodeIgniter))
11 FCPATH\index.php(59): CodeIgniter\Boot::bootWeb(Object(Config\Paths))
CRITICAL - 2025-11-19 17:57:49 --> ErrorException: Undefined variable $titulo
[Method: POST, Route: usuarios/insertar]
in APPPATH\Views\usuarios\nuevo.php on line 4.
 1 APPPATH\Views\usuarios\nuevo.php(4): CodeIgniter\Debug\Exceptions->errorHandler(2, 'Undefined variable $titulo', 'C:\\xampp\\htdocs\\pos\\app\\Views\\usuarios\\nuevo.php', 4)
 2 SYSTEMPATH\View\View.php(226): include('C:\\xampp\\htdocs\\pos\\app\\Views\\usuarios\\nuevo.php')
 3 SYSTEMPATH\View\View.php(229): CodeIgniter\View\View->CodeIgniter\View\{closure}()
 4 SYSTEMPATH\Common.php(1167): CodeIgniter\View\View->render('usuarios/nuevo', [], true)
 5 APPPATH\Controllers\Usuarios.php(105): view('usuarios/nuevo')
 6 SYSTEMPATH\CodeIgniter.php(933): App\Controllers\Usuarios->insertar()
 7 SYSTEMPATH\CodeIgniter.php(507): CodeIgniter\CodeIgniter->runController(Object(App\Controllers\Usuarios))
 8 SYSTEMPATH\CodeIgniter.php(354): CodeIgniter\CodeIgniter->handleRequest(null, Object(Config\Cache), false)
 9 SYSTEMPATH\Boot.php(363): CodeIgniter\CodeIgniter->run()
10 SYSTEMPATH\Boot.php(68): CodeIgniter\Boot::runCodeIgniter(Object(CodeIgniter\CodeIgniter))
11 FCPATH\index.php(59): CodeIgniter\Boot::bootWeb(Object(Config\Paths))
ERROR - 2025-11-19 18:00:48 --> mysqli_sql_exception: Cannot add or update a child row: a foreign key constraint fails (`pos`.`usuarios`, CONSTRAINT `fk_usuario_caja` FOREIGN KEY (`id_caja`) REFERENCES `cajas` (`id`)) in C:\xampp\htdocs\pos\system\Database\MySQLi\Connection.php:327
Stack trace:
#0 C:\xampp\htdocs\pos\system\Database\MySQLi\Connection.php(327): mysqli->query('INSERT INTO `us...', 0)
#1 C:\xampp\htdocs\pos\system\Database\BaseConnection.php(729): CodeIgniter\Database\MySQLi\Connection->execute('INSERT INTO `us...')
#2 C:\xampp\htdocs\pos\system\Database\BaseConnection.php(646): CodeIgniter\Database\BaseConnection->simpleQuery('INSERT INTO `us...')
#3 C:\xampp\htdocs\pos\system\Database\BaseBuilder.php(2345): CodeIgniter\Database\BaseConnection->query('INSERT INTO `us...', Array, false)
#4 C:\xampp\htdocs\pos\system\Model.php(394): CodeIgniter\Database\BaseBuilder->insert()
#5 C:\xampp\htdocs\pos\system\BaseModel.php(838): CodeIgniter\Model->doInsert(Array)
#6 C:\xampp\htdocs\pos\system\Model.php(797): CodeIgniter\BaseModel->insert(Array, false)
#7 C:\xampp\htdocs\pos\system\BaseModel.php(751): CodeIgniter\Model->insert(Array, false)
#8 C:\xampp\htdocs\pos\app\Controllers\Usuarios.php(93): CodeIgniter\BaseModel->save(Array)
#9 C:\xampp\htdocs\pos\system\CodeIgniter.php(933): App\Controllers\Usuarios->insertar()
#10 C:\xampp\htdocs\pos\system\CodeIgniter.php(507): CodeIgniter\CodeIgniter->runController(Object(App\Controllers\Usuarios))
#11 C:\xampp\htdocs\pos\system\CodeIgniter.php(354): CodeIgniter\CodeIgniter->handleRequest(NULL, Object(Config\Cache), false)
#12 C:\xampp\htdocs\pos\system\Boot.php(363): CodeIgniter\CodeIgniter->run()
#13 C:\xampp\htdocs\pos\system\Boot.php(68): CodeIgniter\Boot::runCodeIgniter(Object(CodeIgniter\CodeIgniter))
#14 C:\xampp\htdocs\pos\public\index.php(59): CodeIgniter\Boot::bootWeb(Object(Config\Paths))
#15 {main}
CRITICAL - 2025-11-19 18:00:48 --> CodeIgniter\Database\Exceptions\DatabaseException: Cannot add or update a child row: a foreign key constraint fails (`pos`.`usuarios`, CONSTRAINT `fk_usuario_caja` FOREIGN KEY (`id_caja`) REFERENCES `cajas` (`id`))
[Method: POST, Route: usuarios/insertar]
in SYSTEMPATH\Database\BaseConnection.php on line 684.
 1 SYSTEMPATH\Database\BaseBuilder.php(2345): CodeIgniter\Database\BaseConnection->query('INSERT INTO `usuarios` (`usuario`, `nombre`, `password`, `activo`, `fecha_alta`, `fecha_modifica`) VALUES (:usuario:, :nombre:, :password:, :activo:, :fecha_alta:, :fecha_modifica:)', [...], false)
 2 SYSTEMPATH\Model.php(394): CodeIgniter\Database\BaseBuilder->insert()
 3 SYSTEMPATH\BaseModel.php(838): CodeIgniter\Model->doInsert([...])
 4 SYSTEMPATH\Model.php(797): CodeIgniter\BaseModel->insert([...], false)
 5 SYSTEMPATH\BaseModel.php(751): CodeIgniter\Model->insert([...], false)
 6 APPPATH\Controllers\Usuarios.php(93): CodeIgniter\BaseModel->save([...])
 7 SYSTEMPATH\CodeIgniter.php(933): App\Controllers\Usuarios->insertar()
 8 SYSTEMPATH\CodeIgniter.php(507): CodeIgniter\CodeIgniter->runController(Object(App\Controllers\Usuarios))
 9 SYSTEMPATH\CodeIgniter.php(354): CodeIgniter\CodeIgniter->handleRequest(null, Object(Config\Cache), false)
10 SYSTEMPATH\Boot.php(363): CodeIgniter\CodeIgniter->run()
11 SYSTEMPATH\Boot.php(68): CodeIgniter\Boot::runCodeIgniter(Object(CodeIgniter\CodeIgniter))
12 FCPATH\index.php(59): CodeIgniter\Boot::bootWeb(Object(Config\Paths))
CRITICAL - 2025-11-19 18:00:48 --> [Caused by] CodeIgniter\Database\Exceptions\DatabaseException: Cannot add or update a child row: a foreign key constraint fails (`pos`.`usuarios`, CONSTRAINT `fk_usuario_caja` FOREIGN KEY (`id_caja`) REFERENCES `cajas` (`id`))
in SYSTEMPATH\Database\MySQLi\Connection.php on line 332.
 1 SYSTEMPATH\Database\BaseConnection.php(729): CodeIgniter\Database\MySQLi\Connection->execute('INSERT INTO `usuarios` (`usuario`, `nombre`, `password`, `activo`, `fecha_alta`, `fecha_modifica`) VALUES (\'marco\', \'Marco\', \'$2y$10$Ffc2gTcK4yqHnvzb0MLQ3ejsGxiCfyfyKchSd6cpAAwJflWS4wphS\', 1, \'2025-11-19 18:00:48\', \'2025-11-19 18:00:48\')')
 2 SYSTEMPATH\Database\BaseConnection.php(646): CodeIgniter\Database\BaseConnection->simpleQuery('INSERT INTO `usuarios` (`usuario`, `nombre`, `password`, `activo`, `fecha_alta`, `fecha_modifica`) VALUES (\'marco\', \'Marco\', \'$2y$10$Ffc2gTcK4yqHnvzb0MLQ3ejsGxiCfyfyKchSd6cpAAwJflWS4wphS\', 1, \'2025-11-19 18:00:48\', \'2025-11-19 18:00:48\')')
 3 SYSTEMPATH\Database\BaseBuilder.php(2345): CodeIgniter\Database\BaseConnection->query('INSERT INTO `usuarios` (`usuario`, `nombre`, `password`, `activo`, `fecha_alta`, `fecha_modifica`) VALUES (:usuario:, :nombre:, :password:, :activo:, :fecha_alta:, :fecha_modifica:)', [...], false)
 4 SYSTEMPATH\Model.php(394): CodeIgniter\Database\BaseBuilder->insert()
 5 SYSTEMPATH\BaseModel.php(838): CodeIgniter\Model->doInsert([...])
 6 SYSTEMPATH\Model.php(797): CodeIgniter\BaseModel->insert([...], false)
 7 SYSTEMPATH\BaseModel.php(751): CodeIgniter\Model->insert([...], false)
 8 APPPATH\Controllers\Usuarios.php(93): CodeIgniter\BaseModel->save([...])
 9 SYSTEMPATH\CodeIgniter.php(933): App\Controllers\Usuarios->insertar()
10 SYSTEMPATH\CodeIgniter.php(507): CodeIgniter\CodeIgniter->runController(Object(App\Controllers\Usuarios))
11 SYSTEMPATH\CodeIgniter.php(354): CodeIgniter\CodeIgniter->handleRequest(null, Object(Config\Cache), false)
12 SYSTEMPATH\Boot.php(363): CodeIgniter\CodeIgniter->run()
13 SYSTEMPATH\Boot.php(68): CodeIgniter\Boot::runCodeIgniter(Object(CodeIgniter\CodeIgniter))
14 FCPATH\index.php(59): CodeIgniter\Boot::bootWeb(Object(Config\Paths))
CRITICAL - 2025-11-19 18:00:48 --> [Caused by] mysqli_sql_exception: Cannot add or update a child row: a foreign key constraint fails (`pos`.`usuarios`, CONSTRAINT `fk_usuario_caja` FOREIGN KEY (`id_caja`) REFERENCES `cajas` (`id`))
in SYSTEMPATH\Database\MySQLi\Connection.php on line 327.
 1 SYSTEMPATH\Database\MySQLi\Connection.php(327): mysqli->query('INSERT INTO `usuarios` (`usuario`, `nombre`, `password`, `activo`, `fecha_alta`, `fecha_modifica`) VALUES (\'marco\', \'Marco\', \'$2y$10$Ffc2gTcK4yqHnvzb0MLQ3ejsGxiCfyfyKchSd6cpAAwJflWS4wphS\', 1, \'2025-11-19 18:00:48\', \'2025-11-19 18:00:48\')', 0)
 2 SYSTEMPATH\Database\BaseConnection.php(729): CodeIgniter\Database\MySQLi\Connection->execute('INSERT INTO `usuarios` (`usuario`, `nombre`, `password`, `activo`, `fecha_alta`, `fecha_modifica`) VALUES (\'marco\', \'Marco\', \'$2y$10$Ffc2gTcK4yqHnvzb0MLQ3ejsGxiCfyfyKchSd6cpAAwJflWS4wphS\', 1, \'2025-11-19 18:00:48\', \'2025-11-19 18:00:48\')')
 3 SYSTEMPATH\Database\BaseConnection.php(646): CodeIgniter\Database\BaseConnection->simpleQuery('INSERT INTO `usuarios` (`usuario`, `nombre`, `password`, `activo`, `fecha_alta`, `fecha_modifica`) VALUES (\'marco\', \'Marco\', \'$2y$10$Ffc2gTcK4yqHnvzb0MLQ3ejsGxiCfyfyKchSd6cpAAwJflWS4wphS\', 1, \'2025-11-19 18:00:48\', \'2025-11-19 18:00:48\')')
 4 SYSTEMPATH\Database\BaseBuilder.php(2345): CodeIgniter\Database\BaseConnection->query('INSERT INTO `usuarios` (`usuario`, `nombre`, `password`, `activo`, `fecha_alta`, `fecha_modifica`) VALUES (:usuario:, :nombre:, :password:, :activo:, :fecha_alta:, :fecha_modifica:)', [...], false)
 5 SYSTEMPATH\Model.php(394): CodeIgniter\Database\BaseBuilder->insert()
 6 SYSTEMPATH\BaseModel.php(838): CodeIgniter\Model->doInsert([...])
 7 SYSTEMPATH\Model.php(797): CodeIgniter\BaseModel->insert([...], false)
 8 SYSTEMPATH\BaseModel.php(751): CodeIgniter\Model->insert([...], false)
 9 APPPATH\Controllers\Usuarios.php(93): CodeIgniter\BaseModel->save([...])
10 SYSTEMPATH\CodeIgniter.php(933): App\Controllers\Usuarios->insertar()
11 SYSTEMPATH\CodeIgniter.php(507): CodeIgniter\CodeIgniter->runController(Object(App\Controllers\Usuarios))
12 SYSTEMPATH\CodeIgniter.php(354): CodeIgniter\CodeIgniter->handleRequest(null, Object(Config\Cache), false)
13 SYSTEMPATH\Boot.php(363): CodeIgniter\CodeIgniter->run()
14 SYSTEMPATH\Boot.php(68): CodeIgniter\Boot::runCodeIgniter(Object(CodeIgniter\CodeIgniter))
15 FCPATH\index.php(59): CodeIgniter\Boot::bootWeb(Object(Config\Paths))
CRITICAL - 2025-11-19 18:27:26 --> ErrorException: Undefined variable $cajas
[Method: POST, Route: usuarios/insertar]
in APPPATH\Views\usuarios\nuevo.php on line 47.
 1 APPPATH\Views\usuarios\nuevo.php(47): CodeIgniter\Debug\Exceptions->errorHandler(2, 'Undefined variable $cajas', 'C:\\xampp\\htdocs\\pos\\app\\Views\\usuarios\\nuevo.php', 47)
 2 SYSTEMPATH\View\View.php(226): include('C:\\xampp\\htdocs\\pos\\app\\Views\\usuarios\\nuevo.php')
 3 SYSTEMPATH\View\View.php(229): CodeIgniter\View\View->CodeIgniter\View\{closure}()
 4 SYSTEMPATH\Common.php(1167): CodeIgniter\View\View->render('usuarios/nuevo', [], true)
 5 APPPATH\Controllers\Usuarios.php(103): view('usuarios/nuevo', [...])
 6 SYSTEMPATH\CodeIgniter.php(933): App\Controllers\Usuarios->insertar()
 7 SYSTEMPATH\CodeIgniter.php(507): CodeIgniter\CodeIgniter->runController(Object(App\Controllers\Usuarios))
 8 SYSTEMPATH\CodeIgniter.php(354): CodeIgniter\CodeIgniter->handleRequest(null, Object(Config\Cache), false)
 9 SYSTEMPATH\Boot.php(363): CodeIgniter\CodeIgniter->run()
10 SYSTEMPATH\Boot.php(68): CodeIgniter\Boot::runCodeIgniter(Object(CodeIgniter\CodeIgniter))
11 FCPATH\index.php(59): CodeIgniter\Boot::bootWeb(Object(Config\Paths))
DEBUG - 2025-11-19 18:37:47 --> Session: Class initialized using 'CodeIgniter\Session\Handlers\FileHandler' driver.
DEBUG - 2025-11-19 18:39:43 --> Session: Class initialized using 'CodeIgniter\Session\Handlers\FileHandler' driver.
CRITICAL - 2025-11-19 18:39:49 --> Error: Call to undefined function set_value()
[Method: GET, Route: usuarios/nuevo]
in APPPATH\Views\usuarios\nuevo.php on line 13.
 1 SYSTEMPATH\View\View.php(226): include()
 2 SYSTEMPATH\View\View.php(229): CodeIgniter\View\View->CodeIgniter\View\{closure}()
 3 SYSTEMPATH\Common.php(1167): CodeIgniter\View\View->render('usuarios/nuevo', [], true)
 4 APPPATH\Controllers\Usuarios.php(62): view('usuarios/nuevo', [...])
 5 SYSTEMPATH\CodeIgniter.php(933): App\Controllers\Usuarios->nuevo()
 6 SYSTEMPATH\CodeIgniter.php(507): CodeIgniter\CodeIgniter->runController(Object(App\Controllers\Usuarios))
 7 SYSTEMPATH\CodeIgniter.php(354): CodeIgniter\CodeIgniter->handleRequest(null, Object(Config\Cache), false)
 8 SYSTEMPATH\Boot.php(363): CodeIgniter\CodeIgniter->run()
 9 SYSTEMPATH\Boot.php(68): CodeIgniter\Boot::runCodeIgniter(Object(CodeIgniter\CodeIgniter))
10 FCPATH\index.php(59): CodeIgniter\Boot::bootWeb(Object(Config\Paths))
CRITICAL - 2025-11-19 18:39:54 --> Error: Call to undefined function set_value()
[Method: GET, Route: usuarios/nuevo]
in APPPATH\Views\usuarios\nuevo.php on line 13.
 1 SYSTEMPATH\View\View.php(226): include()
 2 SYSTEMPATH\View\View.php(229): CodeIgniter\View\View->CodeIgniter\View\{closure}()
 3 SYSTEMPATH\Common.php(1167): CodeIgniter\View\View->render('usuarios/nuevo', [], true)
 4 APPPATH\Controllers\Usuarios.php(62): view('usuarios/nuevo', [...])
 5 SYSTEMPATH\CodeIgniter.php(933): App\Controllers\Usuarios->nuevo()
 6 SYSTEMPATH\CodeIgniter.php(507): CodeIgniter\CodeIgniter->runController(Object(App\Controllers\Usuarios))
 7 SYSTEMPATH\CodeIgniter.php(354): CodeIgniter\CodeIgniter->handleRequest(null, Object(Config\Cache), false)
 8 SYSTEMPATH\Boot.php(363): CodeIgniter\CodeIgniter->run()
 9 SYSTEMPATH\Boot.php(68): CodeIgniter\Boot::runCodeIgniter(Object(CodeIgniter\CodeIgniter))
10 FCPATH\index.php(59): CodeIgniter\Boot::bootWeb(Object(Config\Paths))
