DEBUG - 2025-11-28 12:17:44 --> Session: Class initialized using 'CodeIgniter\Session\Handlers\FileHandler' driver.
DEBUG - 2025-11-28 12:19:01 --> Session: Class initialized using 'CodeIgniter\Session\Handlers\FileHandler' driver.
DEBUG - 2025-11-28 12:19:01 --> Session: Class initialized using 'CodeIgniter\Session\Handlers\FileHandler' driver.
DEBUG - 2025-11-28 12:19:15 --> Session: Class initialized using 'CodeIgniter\Session\Handlers\FileHandler' driver.
DEBUG - 2025-11-28 12:59:20 --> Session: Class initialized using 'CodeIgniter\Session\Handlers\FileHandler' driver.
CRITICAL - 2025-11-28 13:01:55 --> Error: Class "Barcode" not found
[Method: GET, Route: productos/generaBarras]
in APPPATH\Controllers\Productos.php on line 277.
 1 SYSTEMPATH\CodeIgniter.php(933): App\Controllers\Productos->generaBarras()
 2 SYSTEMPATH\CodeIgniter.php(507): CodeIgniter\CodeIgniter->runController(Object(App\Controllers\Productos))
 3 SYSTEMPATH\CodeIgniter.php(354): CodeIgniter\CodeIgniter->handleRequest(null, Object(Config\Cache), false)
 4 SYSTEMPATH\Boot.php(363): CodeIgniter\CodeIgniter->run()
 5 SYSTEMPATH\Boot.php(68): CodeIgniter\Boot::runCodeIgniter(Object(CodeIgniter\CodeIgniter))
 6 FCPATH\index.php(59): CodeIgniter\Boot::bootWeb(Object(Config\Paths))
CRITICAL - 2025-11-28 13:02:26 --> Error: Class "Barcode" not found
[Method: GET, Route: productos/generaBarras]
in APPPATH\Controllers\Productos.php on line 277.
 1 SYSTEMPATH\CodeIgniter.php(933): App\Controllers\Productos->generaBarras()
 2 SYSTEMPATH\CodeIgniter.php(507): CodeIgniter\CodeIgniter->runController(Object(App\Controllers\Productos))
 3 SYSTEMPATH\CodeIgniter.php(354): CodeIgniter\CodeIgniter->handleRequest(null, Object(Config\Cache), false)
 4 SYSTEMPATH\Boot.php(363): CodeIgniter\CodeIgniter->run()
 5 SYSTEMPATH\Boot.php(68): CodeIgniter\Boot::runCodeIgniter(Object(CodeIgniter\CodeIgniter))
 6 FCPATH\index.php(59): CodeIgniter\Boot::bootWeb(Object(Config\Paths))
CRITICAL - 2025-11-28 13:02:28 --> Error: Class "Barcode" not found
[Method: GET, Route: productos/generaBarras]
in APPPATH\Controllers\Productos.php on line 277.
 1 SYSTEMPATH\CodeIgniter.php(933): App\Controllers\Productos->generaBarras()
 2 SYSTEMPATH\CodeIgniter.php(507): CodeIgniter\CodeIgniter->runController(Object(App\Controllers\Productos))
 3 SYSTEMPATH\CodeIgniter.php(354): CodeIgniter\CodeIgniter->handleRequest(null, Object(Config\Cache), false)
 4 SYSTEMPATH\Boot.php(363): CodeIgniter\CodeIgniter->run()
 5 SYSTEMPATH\Boot.php(68): CodeIgniter\Boot::runCodeIgniter(Object(CodeIgniter\CodeIgniter))
 6 FCPATH\index.php(59): CodeIgniter\Boot::bootWeb(Object(Config\Paths))
CRITICAL - 2025-11-28 13:02:29 --> Error: Class "Barcode" not found
[Method: GET, Route: productos/generaBarras]
in APPPATH\Controllers\Productos.php on line 277.
 1 SYSTEMPATH\CodeIgniter.php(933): App\Controllers\Productos->generaBarras()
 2 SYSTEMPATH\CodeIgniter.php(507): CodeIgniter\CodeIgniter->runController(Object(App\Controllers\Productos))
 3 SYSTEMPATH\CodeIgniter.php(354): CodeIgniter\CodeIgniter->handleRequest(null, Object(Config\Cache), false)
 4 SYSTEMPATH\Boot.php(363): CodeIgniter\CodeIgniter->run()
 5 SYSTEMPATH\Boot.php(68): CodeIgniter\Boot::runCodeIgniter(Object(CodeIgniter\CodeIgniter))
 6 FCPATH\index.php(59): CodeIgniter\Boot::bootWeb(Object(Config\Paths))
CRITICAL - 2025-11-28 13:02:30 --> Error: Class "Barcode" not found
[Method: GET, Route: productos/generaBarras]
in APPPATH\Controllers\Productos.php on line 277.
 1 SYSTEMPATH\CodeIgniter.php(933): App\Controllers\Productos->generaBarras()
 2 SYSTEMPATH\CodeIgniter.php(507): CodeIgniter\CodeIgniter->runController(Object(App\Controllers\Productos))
 3 SYSTEMPATH\CodeIgniter.php(354): CodeIgniter\CodeIgniter->handleRequest(null, Object(Config\Cache), false)
 4 SYSTEMPATH\Boot.php(363): CodeIgniter\CodeIgniter->run()
 5 SYSTEMPATH\Boot.php(68): CodeIgniter\Boot::runCodeIgniter(Object(CodeIgniter\CodeIgniter))
 6 FCPATH\index.php(59): CodeIgniter\Boot::bootWeb(Object(Config\Paths))
CRITICAL - 2025-11-28 13:08:58 --> Error: Call to undefined function App\Libraries\imagecreate()
[Method: GET, Route: productos/generaBarras]
in APPPATH\Libraries\barcode.php on line 106.
 1 APPPATH\Controllers\Productos.php(279): App\Libraries\Barcode->barcode('1234567890.png', '1234567890', 20, 'horizontal', 'code39', true)
 2 SYSTEMPATH\CodeIgniter.php(933): App\Controllers\Productos->generaBarras()
 3 SYSTEMPATH\CodeIgniter.php(507): CodeIgniter\CodeIgniter->runController(Object(App\Controllers\Productos))
 4 SYSTEMPATH\CodeIgniter.php(354): CodeIgniter\CodeIgniter->handleRequest(null, Object(Config\Cache), false)
 5 SYSTEMPATH\Boot.php(363): CodeIgniter\CodeIgniter->run()
 6 SYSTEMPATH\Boot.php(68): CodeIgniter\Boot::runCodeIgniter(Object(CodeIgniter\CodeIgniter))
 7 FCPATH\index.php(59): CodeIgniter\Boot::bootWeb(Object(Config\Paths))
CRITICAL - 2025-11-28 13:11:30 --> Error: Call to undefined function App\Libraries\imagecreate()
[Method: GET, Route: productos/generaBarras]
in APPPATH\Libraries\barcode.php on line 106.
 1 APPPATH\Controllers\Productos.php(279): App\Libraries\Barcode->barcode('1234567890.png', '1234567890', 20, 'horizontal', 'code39', true)
 2 SYSTEMPATH\CodeIgniter.php(933): App\Controllers\Productos->generaBarras()
 3 SYSTEMPATH\CodeIgniter.php(507): CodeIgniter\CodeIgniter->runController(Object(App\Controllers\Productos))
 4 SYSTEMPATH\CodeIgniter.php(354): CodeIgniter\CodeIgniter->handleRequest(null, Object(Config\Cache), false)
 5 SYSTEMPATH\Boot.php(363): CodeIgniter\CodeIgniter->run()
 6 SYSTEMPATH\Boot.php(68): CodeIgniter\Boot::runCodeIgniter(Object(CodeIgniter\CodeIgniter))
 7 FCPATH\index.php(59): CodeIgniter\Boot::bootWeb(Object(Config\Paths))
CRITICAL - 2025-11-28 13:11:33 --> Error: Call to undefined function App\Libraries\imagecreate()
[Method: GET, Route: productos/generaBarras]
in APPPATH\Libraries\barcode.php on line 106.
 1 APPPATH\Controllers\Productos.php(279): App\Libraries\Barcode->barcode('1234567890.png', '1234567890', 20, 'horizontal', 'code39', true)
 2 SYSTEMPATH\CodeIgniter.php(933): App\Controllers\Productos->generaBarras()
 3 SYSTEMPATH\CodeIgniter.php(507): CodeIgniter\CodeIgniter->runController(Object(App\Controllers\Productos))
 4 SYSTEMPATH\CodeIgniter.php(354): CodeIgniter\CodeIgniter->handleRequest(null, Object(Config\Cache), false)
 5 SYSTEMPATH\Boot.php(363): CodeIgniter\CodeIgniter->run()
 6 SYSTEMPATH\Boot.php(68): CodeIgniter\Boot::runCodeIgniter(Object(CodeIgniter\CodeIgniter))
 7 FCPATH\index.php(59): CodeIgniter\Boot::bootWeb(Object(Config\Paths))
DEBUG - 2025-11-28 13:26:56 --> Session: Class initialized using 'CodeIgniter\Session\Handlers\FileHandler' driver.
DEBUG - 2025-11-28 13:30:08 --> Session: Class initialized using 'CodeIgniter\Session\Handlers\FileHandler' driver.
DEBUG - 2025-11-28 13:30:10 --> Session: Class initialized using 'CodeIgniter\Session\Handlers\FileHandler' driver.
CRITICAL - 2025-11-28 13:30:10 --> ErrorException: Undefined variable $id_compra
[Method: GET, Route: ventas/muestra-ticket-pdf/4]
in APPPATH\Views\ventas\ver_ticket_pdf.php on line 9.
 1 APPPATH\Views\ventas\ver_ticket_pdf.php(9): CodeIgniter\Debug\Exceptions->errorHandler(2, 'Undefined variable $id_compra', 'C:\\xampp\\htdocs\\pos\\app\\Views\\ventas\\ver_ticket_pdf.php', 9)
 2 SYSTEMPATH\View\View.php(226): include('C:\\xampp\\htdocs\\pos\\app\\Views\\ventas\\ver_ticket_pdf.php')
 3 SYSTEMPATH\View\View.php(229): CodeIgniter\View\View->CodeIgniter\View\{closure}()
 4 SYSTEMPATH\Common.php(1167): CodeIgniter\View\View->render('ventas/ver_ticket_pdf', [], true)
 5 APPPATH\Controllers\Ventas.php(111): view('ventas/ver_ticket_pdf', [...])
 6 SYSTEMPATH\CodeIgniter.php(933): App\Controllers\Ventas->muestraTicketPdf('4')
 7 SYSTEMPATH\CodeIgniter.php(507): CodeIgniter\CodeIgniter->runController(Object(App\Controllers\Ventas))
 8 SYSTEMPATH\CodeIgniter.php(354): CodeIgniter\CodeIgniter->handleRequest(null, Object(Config\Cache), false)
 9 SYSTEMPATH\Boot.php(363): CodeIgniter\CodeIgniter->run()
10 SYSTEMPATH\Boot.php(68): CodeIgniter\Boot::runCodeIgniter(Object(CodeIgniter\CodeIgniter))
11 FCPATH\index.php(59): CodeIgniter\Boot::bootWeb(Object(Config\Paths))
DEBUG - 2025-11-28 13:30:16 --> Session: Class initialized using 'CodeIgniter\Session\Handlers\FileHandler' driver.
CRITICAL - 2025-11-28 13:30:16 --> ErrorException: Undefined variable $id_compra
[Method: GET, Route: ventas/muestra-ticket-pdf/4]
in APPPATH\Views\ventas\ver_ticket_pdf.php on line 9.
 1 APPPATH\Views\ventas\ver_ticket_pdf.php(9): CodeIgniter\Debug\Exceptions->errorHandler(2, 'Undefined variable $id_compra', 'C:\\xampp\\htdocs\\pos\\app\\Views\\ventas\\ver_ticket_pdf.php', 9)
 2 SYSTEMPATH\View\View.php(226): include('C:\\xampp\\htdocs\\pos\\app\\Views\\ventas\\ver_ticket_pdf.php')
 3 SYSTEMPATH\View\View.php(229): CodeIgniter\View\View->CodeIgniter\View\{closure}()
 4 SYSTEMPATH\Common.php(1167): CodeIgniter\View\View->render('ventas/ver_ticket_pdf', [], true)
 5 APPPATH\Controllers\Ventas.php(111): view('ventas/ver_ticket_pdf', [...])
 6 SYSTEMPATH\CodeIgniter.php(933): App\Controllers\Ventas->muestraTicketPdf('4')
 7 SYSTEMPATH\CodeIgniter.php(507): CodeIgniter\CodeIgniter->runController(Object(App\Controllers\Ventas))
 8 SYSTEMPATH\CodeIgniter.php(354): CodeIgniter\CodeIgniter->handleRequest(null, Object(Config\Cache), false)
 9 SYSTEMPATH\Boot.php(363): CodeIgniter\CodeIgniter->run()
10 SYSTEMPATH\Boot.php(68): CodeIgniter\Boot::runCodeIgniter(Object(CodeIgniter\CodeIgniter))
11 FCPATH\index.php(59): CodeIgniter\Boot::bootWeb(Object(Config\Paths))
DEBUG - 2025-11-28 13:31:37 --> Session: Class initialized using 'CodeIgniter\Session\Handlers\FileHandler' driver.
WARNING - 2025-11-28 13:31:37 --> [DEPRECATED] Function utf8_decode() is deprecated in APPPATH\Controllers\Ventas.php on line 146.
 1 SYSTEMPATH\CodeIgniter.php(933): App\Controllers\Ventas->generarTicketPdf('4')
 2 SYSTEMPATH\CodeIgniter.php(507): CodeIgniter\CodeIgniter->runController(Object(App\Controllers\Ventas))
 3 SYSTEMPATH\CodeIgniter.php(354): CodeIgniter\CodeIgniter->handleRequest(null, Object(Config\Cache), false)
 4 SYSTEMPATH\Boot.php(363): CodeIgniter\CodeIgniter->run()
 5 SYSTEMPATH\Boot.php(68): CodeIgniter\Boot::runCodeIgniter(Object(CodeIgniter\CodeIgniter))
 6 FCPATH\index.php(59): CodeIgniter\Boot::bootWeb(Object(Config\Paths))
WARNING - 2025-11-28 13:31:37 --> [DEPRECATED] Function utf8_decode() is deprecated in APPPATH\Controllers\Ventas.php on line 151.
 1 SYSTEMPATH\CodeIgniter.php(933): App\Controllers\Ventas->generarTicketPdf('4')
 2 SYSTEMPATH\CodeIgniter.php(507): CodeIgniter\CodeIgniter->runController(Object(App\Controllers\Ventas))
 3 SYSTEMPATH\CodeIgniter.php(354): CodeIgniter\CodeIgniter->handleRequest(null, Object(Config\Cache), false)
 4 SYSTEMPATH\Boot.php(363): CodeIgniter\CodeIgniter->run()
 5 SYSTEMPATH\Boot.php(68): CodeIgniter\Boot::runCodeIgniter(Object(CodeIgniter\CodeIgniter))
 6 FCPATH\index.php(59): CodeIgniter\Boot::bootWeb(Object(Config\Paths))
DEBUG - 2025-11-28 13:44:34 --> Session: Class initialized using 'CodeIgniter\Session\Handlers\FileHandler' driver.
WARNING - 2025-11-28 13:44:35 --> [DEPRECATED] Function utf8_decode() is deprecated in APPPATH\Controllers\Ventas.php on line 146.
 1 SYSTEMPATH\CodeIgniter.php(933): App\Controllers\Ventas->generarTicketPdf('4')
 2 SYSTEMPATH\CodeIgniter.php(507): CodeIgniter\CodeIgniter->runController(Object(App\Controllers\Ventas))
 3 SYSTEMPATH\CodeIgniter.php(354): CodeIgniter\CodeIgniter->handleRequest(null, Object(Config\Cache), false)
 4 SYSTEMPATH\Boot.php(363): CodeIgniter\CodeIgniter->run()
 5 SYSTEMPATH\Boot.php(68): CodeIgniter\Boot::runCodeIgniter(Object(CodeIgniter\CodeIgniter))
 6 FCPATH\index.php(59): CodeIgniter\Boot::bootWeb(Object(Config\Paths))
WARNING - 2025-11-28 13:44:35 --> [DEPRECATED] Function utf8_decode() is deprecated in APPPATH\Controllers\Ventas.php on line 151.
 1 SYSTEMPATH\CodeIgniter.php(933): App\Controllers\Ventas->generarTicketPdf('4')
 2 SYSTEMPATH\CodeIgniter.php(507): CodeIgniter\CodeIgniter->runController(Object(App\Controllers\Ventas))
 3 SYSTEMPATH\CodeIgniter.php(354): CodeIgniter\CodeIgniter->handleRequest(null, Object(Config\Cache), false)
 4 SYSTEMPATH\Boot.php(363): CodeIgniter\CodeIgniter->run()
 5 SYSTEMPATH\Boot.php(68): CodeIgniter\Boot::runCodeIgniter(Object(CodeIgniter\CodeIgniter))
 6 FCPATH\index.php(59): CodeIgniter\Boot::bootWeb(Object(Config\Paths))
DEBUG - 2025-11-28 13:44:38 --> Session: Class initialized using 'CodeIgniter\Session\Handlers\FileHandler' driver.
DEBUG - 2025-11-28 13:46:50 --> Session: Class initialized using 'CodeIgniter\Session\Handlers\FileHandler' driver.
DEBUG - 2025-11-28 13:48:11 --> Session: Class initialized using 'CodeIgniter\Session\Handlers\FileHandler' driver.
DEBUG - 2025-11-28 13:48:57 --> Session: Class initialized using 'CodeIgniter\Session\Handlers\FileHandler' driver.
DEBUG - 2025-11-28 13:51:21 --> Session: Class initialized using 'CodeIgniter\Session\Handlers\FileHandler' driver.
CRITICAL - 2025-11-28 13:51:21 --> CodeIgniter\View\Exceptions\ViewException: Invalid file: "productos/codigo.php"
[Method: GET, Route: productos/muestraCodigos]
in SYSTEMPATH\Exceptions\FrameworkException.php on line 39.
 1 SYSTEMPATH\View\View.php(214): CodeIgniter\Exceptions\FrameworkException::forInvalidFile('productos/codigo.php')
 2 SYSTEMPATH\Common.php(1167): CodeIgniter\View\View->render('productos/codigo', [], true)
 3 APPPATH\Controllers\Productos.php(279): view('productos/codigo')
 4 SYSTEMPATH\CodeIgniter.php(933): App\Controllers\Productos->muestraCodigos()
 5 SYSTEMPATH\CodeIgniter.php(507): CodeIgniter\CodeIgniter->runController(Object(App\Controllers\Productos))
 6 SYSTEMPATH\CodeIgniter.php(354): CodeIgniter\CodeIgniter->handleRequest(null, Object(Config\Cache), false)
 7 SYSTEMPATH\Boot.php(363): CodeIgniter\CodeIgniter->run()
 8 SYSTEMPATH\Boot.php(68): CodeIgniter\Boot::runCodeIgniter(Object(CodeIgniter\CodeIgniter))
 9 FCPATH\index.php(59): CodeIgniter\Boot::bootWeb(Object(Config\Paths))
DEBUG - 2025-11-28 13:54:03 --> Session: Class initialized using 'CodeIgniter\Session\Handlers\FileHandler' driver.
DEBUG - 2025-11-28 13:56:06 --> Session: Class initialized using 'CodeIgniter\Session\Handlers\FileHandler' driver.
DEBUG - 2025-11-28 13:57:10 --> Session: Class initialized using 'CodeIgniter\Session\Handlers\FileHandler' driver.
DEBUG - 2025-11-28 13:57:41 --> Session: Class initialized using 'CodeIgniter\Session\Handlers\FileHandler' driver.
DEBUG - 2025-11-28 13:58:09 --> Session: Class initialized using 'CodeIgniter\Session\Handlers\FileHandler' driver.
DEBUG - 2025-11-28 14:01:45 --> Session: Class initialized using 'CodeIgniter\Session\Handlers\FileHandler' driver.
DEBUG - 2025-11-28 14:03:08 --> Session: Class initialized using 'CodeIgniter\Session\Handlers\FileHandler' driver.
DEBUG - 2025-11-28 14:03:10 --> Session: Class initialized using 'CodeIgniter\Session\Handlers\FileHandler' driver.
DEBUG - 2025-11-28 14:03:11 --> Session: Class initialized using 'CodeIgniter\Session\Handlers\FileHandler' driver.
DEBUG - 2025-11-28 14:03:13 --> Session: Class initialized using 'CodeIgniter\Session\Handlers\FileHandler' driver.
DEBUG - 2025-11-28 14:03:14 --> Session: Class initialized using 'CodeIgniter\Session\Handlers\FileHandler' driver.
DEBUG - 2025-11-28 14:03:36 --> Session: Class initialized using 'CodeIgniter\Session\Handlers\FileHandler' driver.
DEBUG - 2025-11-28 14:03:37 --> Session: Class initialized using 'CodeIgniter\Session\Handlers\FileHandler' driver.
DEBUG - 2025-11-28 14:03:39 --> Session: Class initialized using 'CodeIgniter\Session\Handlers\FileHandler' driver.
DEBUG - 2025-11-28 14:03:40 --> Session: Class initialized using 'CodeIgniter\Session\Handlers\FileHandler' driver.
DEBUG - 2025-11-28 14:03:41 --> Session: Class initialized using 'CodeIgniter\Session\Handlers\FileHandler' driver.
DEBUG - 2025-11-28 14:06:33 --> Session: Class initialized using 'CodeIgniter\Session\Handlers\FileHandler' driver.
DEBUG - 2025-11-28 14:13:01 --> Session: Class initialized using 'CodeIgniter\Session\Handlers\FileHandler' driver.
DEBUG - 2025-11-28 14:13:20 --> Session: Class initialized using 'CodeIgniter\Session\Handlers\FileHandler' driver.
DEBUG - 2025-11-28 14:15:41 --> Session: Class initialized using 'CodeIgniter\Session\Handlers\FileHandler' driver.
DEBUG - 2025-11-28 14:28:28 --> Session: Class initialized using 'CodeIgniter\Session\Handlers\FileHandler' driver.
DEBUG - 2025-11-28 14:28:52 --> Session: Class initialized using 'CodeIgniter\Session\Handlers\FileHandler' driver.
DEBUG - 2025-11-28 14:28:54 --> Session: Class initialized using 'CodeIgniter\Session\Handlers\FileHandler' driver.
DEBUG - 2025-11-28 14:30:33 --> Session: Class initialized using 'CodeIgniter\Session\Handlers\FileHandler' driver.
DEBUG - 2025-11-28 14:30:36 --> Session: Class initialized using 'CodeIgniter\Session\Handlers\FileHandler' driver.
DEBUG - 2025-11-28 14:39:40 --> Session: Class initialized using 'CodeIgniter\Session\Handlers\FileHandler' driver.
DEBUG - 2025-11-28 14:43:45 --> Session: Class initialized using 'CodeIgniter\Session\Handlers\FileHandler' driver.
DEBUG - 2025-11-28 14:45:53 --> Session: Class initialized using 'CodeIgniter\Session\Handlers\FileHandler' driver.
DEBUG - 2025-11-28 14:55:51 --> Session: Class initialized using 'CodeIgniter\Session\Handlers\FileHandler' driver.
CRITICAL - 2025-11-28 14:55:51 --> ArgumentCountError: Too few arguments to function FPDF::Image(), 0 passed in C:\xampp\htdocs\pos\app\Controllers\Productos.php on line 321 and at least 1 expected
[Method: GET, Route: productos/generaMinimos]
in APPPATH\ThirdParty\fpdf\fpdf.php on line 869.
 1 APPPATH\Controllers\Productos.php(321): FPDF->Image()
 2 SYSTEMPATH\CodeIgniter.php(933): App\Controllers\Productos->generaMinimos()
 3 SYSTEMPATH\CodeIgniter.php(507): CodeIgniter\CodeIgniter->runController(Object(App\Controllers\Productos))
 4 SYSTEMPATH\CodeIgniter.php(354): CodeIgniter\CodeIgniter->handleRequest(null, Object(Config\Cache), false)
 5 SYSTEMPATH\Boot.php(363): CodeIgniter\CodeIgniter->run()
 6 SYSTEMPATH\Boot.php(68): CodeIgniter\Boot::runCodeIgniter(Object(CodeIgniter\CodeIgniter))
 7 FCPATH\index.php(59): CodeIgniter\Boot::bootWeb(Object(Config\Paths))
DEBUG - 2025-11-28 14:56:25 --> Session: Class initialized using 'CodeIgniter\Session\Handlers\FileHandler' driver.
DEBUG - 2025-11-28 14:56:28 --> Session: Class initialized using 'CodeIgniter\Session\Handlers\FileHandler' driver.
DEBUG - 2025-11-28 14:56:31 --> Session: Class initialized using 'CodeIgniter\Session\Handlers\FileHandler' driver.
DEBUG - 2025-11-28 14:57:51 --> Session: Class initialized using 'CodeIgniter\Session\Handlers\FileHandler' driver.
DEBUG - 2025-11-28 14:57:52 --> Session: Class initialized using 'CodeIgniter\Session\Handlers\FileHandler' driver.
DEBUG - 2025-11-28 15:00:50 --> Session: Class initialized using 'CodeIgniter\Session\Handlers\FileHandler' driver.
DEBUG - 2025-11-28 15:02:28 --> Session: Class initialized using 'CodeIgniter\Session\Handlers\FileHandler' driver.
DEBUG - 2025-11-28 15:02:31 --> Session: Class initialized using 'CodeIgniter\Session\Handlers\FileHandler' driver.
DEBUG - 2025-11-28 15:02:37 --> Session: Class initialized using 'CodeIgniter\Session\Handlers\FileHandler' driver.
DEBUG - 2025-11-28 15:02:43 --> Session: Class initialized using 'CodeIgniter\Session\Handlers\FileHandler' driver.
DEBUG - 2025-11-28 15:03:12 --> Session: Class initialized using 'CodeIgniter\Session\Handlers\FileHandler' driver.
DEBUG - 2025-11-28 15:04:09 --> Session: Class initialized using 'CodeIgniter\Session\Handlers\FileHandler' driver.
DEBUG - 2025-11-28 15:08:40 --> Session: Class initialized using 'CodeIgniter\Session\Handlers\FileHandler' driver.
DEBUG - 2025-11-28 15:08:43 --> Session: Class initialized using 'CodeIgniter\Session\Handlers\FileHandler' driver.
DEBUG - 2025-11-28 15:09:09 --> Session: Class initialized using 'CodeIgniter\Session\Handlers\FileHandler' driver.
DEBUG - 2025-11-28 15:10:09 --> Session: Class initialized using 'CodeIgniter\Session\Handlers\FileHandler' driver.
DEBUG - 2025-11-28 15:12:04 --> Session: Class initialized using 'CodeIgniter\Session\Handlers\FileHandler' driver.
DEBUG - 2025-11-28 15:12:07 --> Session: Class initialized using 'CodeIgniter\Session\Handlers\FileHandler' driver.
DEBUG - 2025-11-28 15:12:38 --> Session: Class initialized using 'CodeIgniter\Session\Handlers\FileHandler' driver.
DEBUG - 2025-11-28 15:13:16 --> Session: Class initialized using 'CodeIgniter\Session\Handlers\FileHandler' driver.
DEBUG - 2025-11-28 15:14:18 --> Session: Class initialized using 'CodeIgniter\Session\Handlers\FileHandler' driver.
DEBUG - 2025-11-28 15:15:20 --> Session: Class initialized using 'CodeIgniter\Session\Handlers\FileHandler' driver.
DEBUG - 2025-11-28 15:15:24 --> Session: Class initialized using 'CodeIgniter\Session\Handlers\FileHandler' driver.
DEBUG - 2025-11-28 15:17:16 --> Session: Class initialized using 'CodeIgniter\Session\Handlers\FileHandler' driver.
DEBUG - 2025-11-28 15:17:17 --> Session: Class initialized using 'CodeIgniter\Session\Handlers\FileHandler' driver.
DEBUG - 2025-11-28 15:17:21 --> Session: Class initialized using 'CodeIgniter\Session\Handlers\FileHandler' driver.
DEBUG - 2025-11-28 15:17:23 --> Session: Class initialized using 'CodeIgniter\Session\Handlers\FileHandler' driver.
DEBUG - 2025-11-28 15:17:26 --> Session: Class initialized using 'CodeIgniter\Session\Handlers\FileHandler' driver.
DEBUG - 2025-11-28 15:17:36 --> Session: Class initialized using 'CodeIgniter\Session\Handlers\FileHandler' driver.
DEBUG - 2025-11-28 15:17:38 --> Session: Class initialized using 'CodeIgniter\Session\Handlers\FileHandler' driver.
DEBUG - 2025-11-28 15:17:43 --> Session: Class initialized using 'CodeIgniter\Session\Handlers\FileHandler' driver.
DEBUG - 2025-11-28 15:20:10 --> Session: Class initialized using 'CodeIgniter\Session\Handlers\FileHandler' driver.
WARNING - 2025-11-28 15:20:12 --> [DEPRECATED] Function utf8_decode() is deprecated in APPPATH\Controllers\Productos.php on line 324.
 1 SYSTEMPATH\CodeIgniter.php(933): App\Controllers\Productos->generaMinimos()
 2 SYSTEMPATH\CodeIgniter.php(507): CodeIgniter\CodeIgniter->runController(Object(App\Controllers\Productos))
 3 SYSTEMPATH\CodeIgniter.php(354): CodeIgniter\CodeIgniter->handleRequest(null, Object(Config\Cache), false)
 4 SYSTEMPATH\Boot.php(363): CodeIgniter\CodeIgniter->run()
 5 SYSTEMPATH\Boot.php(68): CodeIgniter\Boot::runCodeIgniter(Object(CodeIgniter\CodeIgniter))
 6 FCPATH\index.php(59): CodeIgniter\Boot::bootWeb(Object(Config\Paths))
DEBUG - 2025-11-28 15:21:06 --> Session: Class initialized using 'CodeIgniter\Session\Handlers\FileHandler' driver.
WARNING - 2025-11-28 15:21:06 --> [DEPRECATED] Function utf8_decode() is deprecated in APPPATH\Controllers\Productos.php on line 320.
 1 SYSTEMPATH\CodeIgniter.php(933): App\Controllers\Productos->generaMinimos()
 2 SYSTEMPATH\CodeIgniter.php(507): CodeIgniter\CodeIgniter->runController(Object(App\Controllers\Productos))
 3 SYSTEMPATH\CodeIgniter.php(354): CodeIgniter\CodeIgniter->handleRequest(null, Object(Config\Cache), false)
 4 SYSTEMPATH\Boot.php(363): CodeIgniter\CodeIgniter->run()
 5 SYSTEMPATH\Boot.php(68): CodeIgniter\Boot::runCodeIgniter(Object(CodeIgniter\CodeIgniter))
 6 FCPATH\index.php(59): CodeIgniter\Boot::bootWeb(Object(Config\Paths))
WARNING - 2025-11-28 15:21:07 --> [DEPRECATED] Function utf8_decode() is deprecated in APPPATH\Controllers\Productos.php on line 324.
 1 SYSTEMPATH\CodeIgniter.php(933): App\Controllers\Productos->generaMinimos()
 2 SYSTEMPATH\CodeIgniter.php(507): CodeIgniter\CodeIgniter->runController(Object(App\Controllers\Productos))
 3 SYSTEMPATH\CodeIgniter.php(354): CodeIgniter\CodeIgniter->handleRequest(null, Object(Config\Cache), false)
 4 SYSTEMPATH\Boot.php(363): CodeIgniter\CodeIgniter->run()
 5 SYSTEMPATH\Boot.php(68): CodeIgniter\Boot::runCodeIgniter(Object(CodeIgniter\CodeIgniter))
 6 FCPATH\index.php(59): CodeIgniter\Boot::bootWeb(Object(Config\Paths))
DEBUG - 2025-11-28 15:23:06 --> Session: Class initialized using 'CodeIgniter\Session\Handlers\FileHandler' driver.
WARNING - 2025-11-28 15:23:06 --> [DEPRECATED] Function utf8_decode() is deprecated in APPPATH\Controllers\Productos.php on line 320.
 1 SYSTEMPATH\CodeIgniter.php(933): App\Controllers\Productos->generaMinimos()
 2 SYSTEMPATH\CodeIgniter.php(507): CodeIgniter\CodeIgniter->runController(Object(App\Controllers\Productos))
 3 SYSTEMPATH\CodeIgniter.php(354): CodeIgniter\CodeIgniter->handleRequest(null, Object(Config\Cache), false)
 4 SYSTEMPATH\Boot.php(363): CodeIgniter\CodeIgniter->run()
 5 SYSTEMPATH\Boot.php(68): CodeIgniter\Boot::runCodeIgniter(Object(CodeIgniter\CodeIgniter))
 6 FCPATH\index.php(59): CodeIgniter\Boot::bootWeb(Object(Config\Paths))
WARNING - 2025-11-28 15:23:07 --> [DEPRECATED] Function utf8_decode() is deprecated in APPPATH\Controllers\Productos.php on line 324.
 1 SYSTEMPATH\CodeIgniter.php(933): App\Controllers\Productos->generaMinimos()
 2 SYSTEMPATH\CodeIgniter.php(507): CodeIgniter\CodeIgniter->runController(Object(App\Controllers\Productos))
 3 SYSTEMPATH\CodeIgniter.php(354): CodeIgniter\CodeIgniter->handleRequest(null, Object(Config\Cache), false)
 4 SYSTEMPATH\Boot.php(363): CodeIgniter\CodeIgniter->run()
 5 SYSTEMPATH\Boot.php(68): CodeIgniter\Boot::runCodeIgniter(Object(CodeIgniter\CodeIgniter))
 6 FCPATH\index.php(59): CodeIgniter\Boot::bootWeb(Object(Config\Paths))
WARNING - 2025-11-28 15:23:07 --> [DEPRECATED] Function utf8_decode() is deprecated in APPPATH\Controllers\Productos.php on line 326.
 1 SYSTEMPATH\CodeIgniter.php(933): App\Controllers\Productos->generaMinimos()
 2 SYSTEMPATH\CodeIgniter.php(507): CodeIgniter\CodeIgniter->runController(Object(App\Controllers\Productos))
 3 SYSTEMPATH\CodeIgniter.php(354): CodeIgniter\CodeIgniter->handleRequest(null, Object(Config\Cache), false)
 4 SYSTEMPATH\Boot.php(363): CodeIgniter\CodeIgniter->run()
 5 SYSTEMPATH\Boot.php(68): CodeIgniter\Boot::runCodeIgniter(Object(CodeIgniter\CodeIgniter))
 6 FCPATH\index.php(59): CodeIgniter\Boot::bootWeb(Object(Config\Paths))
DEBUG - 2025-11-28 15:23:13 --> Session: Class initialized using 'CodeIgniter\Session\Handlers\FileHandler' driver.
WARNING - 2025-11-28 15:23:14 --> [DEPRECATED] Function utf8_decode() is deprecated in APPPATH\Controllers\Productos.php on line 320.
 1 SYSTEMPATH\CodeIgniter.php(933): App\Controllers\Productos->generaMinimos()
 2 SYSTEMPATH\CodeIgniter.php(507): CodeIgniter\CodeIgniter->runController(Object(App\Controllers\Productos))
 3 SYSTEMPATH\CodeIgniter.php(354): CodeIgniter\CodeIgniter->handleRequest(null, Object(Config\Cache), false)
 4 SYSTEMPATH\Boot.php(363): CodeIgniter\CodeIgniter->run()
 5 SYSTEMPATH\Boot.php(68): CodeIgniter\Boot::runCodeIgniter(Object(CodeIgniter\CodeIgniter))
 6 FCPATH\index.php(59): CodeIgniter\Boot::bootWeb(Object(Config\Paths))
WARNING - 2025-11-28 15:23:15 --> [DEPRECATED] Function utf8_decode() is deprecated in APPPATH\Controllers\Productos.php on line 324.
 1 SYSTEMPATH\CodeIgniter.php(933): App\Controllers\Productos->generaMinimos()
 2 SYSTEMPATH\CodeIgniter.php(507): CodeIgniter\CodeIgniter->runController(Object(App\Controllers\Productos))
 3 SYSTEMPATH\CodeIgniter.php(354): CodeIgniter\CodeIgniter->handleRequest(null, Object(Config\Cache), false)
 4 SYSTEMPATH\Boot.php(363): CodeIgniter\CodeIgniter->run()
 5 SYSTEMPATH\Boot.php(68): CodeIgniter\Boot::runCodeIgniter(Object(CodeIgniter\CodeIgniter))
 6 FCPATH\index.php(59): CodeIgniter\Boot::bootWeb(Object(Config\Paths))
WARNING - 2025-11-28 15:23:15 --> [DEPRECATED] Function utf8_decode() is deprecated in APPPATH\Controllers\Productos.php on line 326.
 1 SYSTEMPATH\CodeIgniter.php(933): App\Controllers\Productos->generaMinimos()
 2 SYSTEMPATH\CodeIgniter.php(507): CodeIgniter\CodeIgniter->runController(Object(App\Controllers\Productos))
 3 SYSTEMPATH\CodeIgniter.php(354): CodeIgniter\CodeIgniter->handleRequest(null, Object(Config\Cache), false)
 4 SYSTEMPATH\Boot.php(363): CodeIgniter\CodeIgniter->run()
 5 SYSTEMPATH\Boot.php(68): CodeIgniter\Boot::runCodeIgniter(Object(CodeIgniter\CodeIgniter))
 6 FCPATH\index.php(59): CodeIgniter\Boot::bootWeb(Object(Config\Paths))
DEBUG - 2025-11-28 15:23:32 --> Session: Class initialized using 'CodeIgniter\Session\Handlers\FileHandler' driver.
WARNING - 2025-11-28 15:23:32 --> [DEPRECATED] Function utf8_decode() is deprecated in APPPATH\Controllers\Productos.php on line 320.
 1 SYSTEMPATH\CodeIgniter.php(933): App\Controllers\Productos->generaMinimos()
 2 SYSTEMPATH\CodeIgniter.php(507): CodeIgniter\CodeIgniter->runController(Object(App\Controllers\Productos))
 3 SYSTEMPATH\CodeIgniter.php(354): CodeIgniter\CodeIgniter->handleRequest(null, Object(Config\Cache), false)
 4 SYSTEMPATH\Boot.php(363): CodeIgniter\CodeIgniter->run()
 5 SYSTEMPATH\Boot.php(68): CodeIgniter\Boot::runCodeIgniter(Object(CodeIgniter\CodeIgniter))
 6 FCPATH\index.php(59): CodeIgniter\Boot::bootWeb(Object(Config\Paths))
WARNING - 2025-11-28 15:23:33 --> [DEPRECATED] Function utf8_decode() is deprecated in APPPATH\Controllers\Productos.php on line 324.
 1 SYSTEMPATH\CodeIgniter.php(933): App\Controllers\Productos->generaMinimos()
 2 SYSTEMPATH\CodeIgniter.php(507): CodeIgniter\CodeIgniter->runController(Object(App\Controllers\Productos))
 3 SYSTEMPATH\CodeIgniter.php(354): CodeIgniter\CodeIgniter->handleRequest(null, Object(Config\Cache), false)
 4 SYSTEMPATH\Boot.php(363): CodeIgniter\CodeIgniter->run()
 5 SYSTEMPATH\Boot.php(68): CodeIgniter\Boot::runCodeIgniter(Object(CodeIgniter\CodeIgniter))
 6 FCPATH\index.php(59): CodeIgniter\Boot::bootWeb(Object(Config\Paths))
WARNING - 2025-11-28 15:23:33 --> [DEPRECATED] Function utf8_decode() is deprecated in APPPATH\Controllers\Productos.php on line 326.
 1 SYSTEMPATH\CodeIgniter.php(933): App\Controllers\Productos->generaMinimos()
 2 SYSTEMPATH\CodeIgniter.php(507): CodeIgniter\CodeIgniter->runController(Object(App\Controllers\Productos))
 3 SYSTEMPATH\CodeIgniter.php(354): CodeIgniter\CodeIgniter->handleRequest(null, Object(Config\Cache), false)
 4 SYSTEMPATH\Boot.php(363): CodeIgniter\CodeIgniter->run()
 5 SYSTEMPATH\Boot.php(68): CodeIgniter\Boot::runCodeIgniter(Object(CodeIgniter\CodeIgniter))
 6 FCPATH\index.php(59): CodeIgniter\Boot::bootWeb(Object(Config\Paths))
DEBUG - 2025-11-28 15:23:36 --> Session: Class initialized using 'CodeIgniter\Session\Handlers\FileHandler' driver.
WARNING - 2025-11-28 15:23:36 --> [DEPRECATED] Function utf8_decode() is deprecated in APPPATH\Controllers\Productos.php on line 320.
 1 SYSTEMPATH\CodeIgniter.php(933): App\Controllers\Productos->generaMinimos()
 2 SYSTEMPATH\CodeIgniter.php(507): CodeIgniter\CodeIgniter->runController(Object(App\Controllers\Productos))
 3 SYSTEMPATH\CodeIgniter.php(354): CodeIgniter\CodeIgniter->handleRequest(null, Object(Config\Cache), false)
 4 SYSTEMPATH\Boot.php(363): CodeIgniter\CodeIgniter->run()
 5 SYSTEMPATH\Boot.php(68): CodeIgniter\Boot::runCodeIgniter(Object(CodeIgniter\CodeIgniter))
 6 FCPATH\index.php(59): CodeIgniter\Boot::bootWeb(Object(Config\Paths))
WARNING - 2025-11-28 15:23:37 --> [DEPRECATED] Function utf8_decode() is deprecated in APPPATH\Controllers\Productos.php on line 324.
 1 SYSTEMPATH\CodeIgniter.php(933): App\Controllers\Productos->generaMinimos()
 2 SYSTEMPATH\CodeIgniter.php(507): CodeIgniter\CodeIgniter->runController(Object(App\Controllers\Productos))
 3 SYSTEMPATH\CodeIgniter.php(354): CodeIgniter\CodeIgniter->handleRequest(null, Object(Config\Cache), false)
 4 SYSTEMPATH\Boot.php(363): CodeIgniter\CodeIgniter->run()
 5 SYSTEMPATH\Boot.php(68): CodeIgniter\Boot::runCodeIgniter(Object(CodeIgniter\CodeIgniter))
 6 FCPATH\index.php(59): CodeIgniter\Boot::bootWeb(Object(Config\Paths))
WARNING - 2025-11-28 15:23:37 --> [DEPRECATED] Function utf8_decode() is deprecated in APPPATH\Controllers\Productos.php on line 326.
 1 SYSTEMPATH\CodeIgniter.php(933): App\Controllers\Productos->generaMinimos()
 2 SYSTEMPATH\CodeIgniter.php(507): CodeIgniter\CodeIgniter->runController(Object(App\Controllers\Productos))
 3 SYSTEMPATH\CodeIgniter.php(354): CodeIgniter\CodeIgniter->handleRequest(null, Object(Config\Cache), false)
 4 SYSTEMPATH\Boot.php(363): CodeIgniter\CodeIgniter->run()
 5 SYSTEMPATH\Boot.php(68): CodeIgniter\Boot::runCodeIgniter(Object(CodeIgniter\CodeIgniter))
 6 FCPATH\index.php(59): CodeIgniter\Boot::bootWeb(Object(Config\Paths))
DEBUG - 2025-11-28 15:24:15 --> Session: Class initialized using 'CodeIgniter\Session\Handlers\FileHandler' driver.
WARNING - 2025-11-28 15:24:16 --> [DEPRECATED] Function utf8_decode() is deprecated in APPPATH\Controllers\Productos.php on line 320.
 1 SYSTEMPATH\CodeIgniter.php(933): App\Controllers\Productos->generaMinimos()
 2 SYSTEMPATH\CodeIgniter.php(507): CodeIgniter\CodeIgniter->runController(Object(App\Controllers\Productos))
 3 SYSTEMPATH\CodeIgniter.php(354): CodeIgniter\CodeIgniter->handleRequest(null, Object(Config\Cache), false)
 4 SYSTEMPATH\Boot.php(363): CodeIgniter\CodeIgniter->run()
 5 SYSTEMPATH\Boot.php(68): CodeIgniter\Boot::runCodeIgniter(Object(CodeIgniter\CodeIgniter))
 6 FCPATH\index.php(59): CodeIgniter\Boot::bootWeb(Object(Config\Paths))
WARNING - 2025-11-28 15:24:17 --> [DEPRECATED] Function utf8_decode() is deprecated in APPPATH\Controllers\Productos.php on line 324.
 1 SYSTEMPATH\CodeIgniter.php(933): App\Controllers\Productos->generaMinimos()
 2 SYSTEMPATH\CodeIgniter.php(507): CodeIgniter\CodeIgniter->runController(Object(App\Controllers\Productos))
 3 SYSTEMPATH\CodeIgniter.php(354): CodeIgniter\CodeIgniter->handleRequest(null, Object(Config\Cache), false)
 4 SYSTEMPATH\Boot.php(363): CodeIgniter\CodeIgniter->run()
 5 SYSTEMPATH\Boot.php(68): CodeIgniter\Boot::runCodeIgniter(Object(CodeIgniter\CodeIgniter))
 6 FCPATH\index.php(59): CodeIgniter\Boot::bootWeb(Object(Config\Paths))
WARNING - 2025-11-28 15:24:17 --> [DEPRECATED] Function utf8_decode() is deprecated in APPPATH\Controllers\Productos.php on line 326.
 1 SYSTEMPATH\CodeIgniter.php(933): App\Controllers\Productos->generaMinimos()
 2 SYSTEMPATH\CodeIgniter.php(507): CodeIgniter\CodeIgniter->runController(Object(App\Controllers\Productos))
 3 SYSTEMPATH\CodeIgniter.php(354): CodeIgniter\CodeIgniter->handleRequest(null, Object(Config\Cache), false)
 4 SYSTEMPATH\Boot.php(363): CodeIgniter\CodeIgniter->run()
 5 SYSTEMPATH\Boot.php(68): CodeIgniter\Boot::runCodeIgniter(Object(CodeIgniter\CodeIgniter))
 6 FCPATH\index.php(59): CodeIgniter\Boot::bootWeb(Object(Config\Paths))
DEBUG - 2025-11-28 15:24:22 --> Session: Class initialized using 'CodeIgniter\Session\Handlers\FileHandler' driver.
WARNING - 2025-11-28 15:24:22 --> [DEPRECATED] Function utf8_decode() is deprecated in APPPATH\Controllers\Productos.php on line 320.
 1 SYSTEMPATH\CodeIgniter.php(933): App\Controllers\Productos->generaMinimos()
 2 SYSTEMPATH\CodeIgniter.php(507): CodeIgniter\CodeIgniter->runController(Object(App\Controllers\Productos))
 3 SYSTEMPATH\CodeIgniter.php(354): CodeIgniter\CodeIgniter->handleRequest(null, Object(Config\Cache), false)
 4 SYSTEMPATH\Boot.php(363): CodeIgniter\CodeIgniter->run()
 5 SYSTEMPATH\Boot.php(68): CodeIgniter\Boot::runCodeIgniter(Object(CodeIgniter\CodeIgniter))
 6 FCPATH\index.php(59): CodeIgniter\Boot::bootWeb(Object(Config\Paths))
WARNING - 2025-11-28 15:24:23 --> [DEPRECATED] Function utf8_decode() is deprecated in APPPATH\Controllers\Productos.php on line 324.
 1 SYSTEMPATH\CodeIgniter.php(933): App\Controllers\Productos->generaMinimos()
 2 SYSTEMPATH\CodeIgniter.php(507): CodeIgniter\CodeIgniter->runController(Object(App\Controllers\Productos))
 3 SYSTEMPATH\CodeIgniter.php(354): CodeIgniter\CodeIgniter->handleRequest(null, Object(Config\Cache), false)
 4 SYSTEMPATH\Boot.php(363): CodeIgniter\CodeIgniter->run()
 5 SYSTEMPATH\Boot.php(68): CodeIgniter\Boot::runCodeIgniter(Object(CodeIgniter\CodeIgniter))
 6 FCPATH\index.php(59): CodeIgniter\Boot::bootWeb(Object(Config\Paths))
WARNING - 2025-11-28 15:24:23 --> [DEPRECATED] Function utf8_decode() is deprecated in APPPATH\Controllers\Productos.php on line 326.
 1 SYSTEMPATH\CodeIgniter.php(933): App\Controllers\Productos->generaMinimos()
 2 SYSTEMPATH\CodeIgniter.php(507): CodeIgniter\CodeIgniter->runController(Object(App\Controllers\Productos))
 3 SYSTEMPATH\CodeIgniter.php(354): CodeIgniter\CodeIgniter->handleRequest(null, Object(Config\Cache), false)
 4 SYSTEMPATH\Boot.php(363): CodeIgniter\CodeIgniter->run()
 5 SYSTEMPATH\Boot.php(68): CodeIgniter\Boot::runCodeIgniter(Object(CodeIgniter\CodeIgniter))
 6 FCPATH\index.php(59): CodeIgniter\Boot::bootWeb(Object(Config\Paths))
DEBUG - 2025-11-28 15:24:57 --> Session: Class initialized using 'CodeIgniter\Session\Handlers\FileHandler' driver.
WARNING - 2025-11-28 15:24:58 --> [DEPRECATED] Function utf8_decode() is deprecated in APPPATH\Controllers\Productos.php on line 320.
 1 SYSTEMPATH\CodeIgniter.php(933): App\Controllers\Productos->generaMinimos()
 2 SYSTEMPATH\CodeIgniter.php(507): CodeIgniter\CodeIgniter->runController(Object(App\Controllers\Productos))
 3 SYSTEMPATH\CodeIgniter.php(354): CodeIgniter\CodeIgniter->handleRequest(null, Object(Config\Cache), false)
 4 SYSTEMPATH\Boot.php(363): CodeIgniter\CodeIgniter->run()
 5 SYSTEMPATH\Boot.php(68): CodeIgniter\Boot::runCodeIgniter(Object(CodeIgniter\CodeIgniter))
 6 FCPATH\index.php(59): CodeIgniter\Boot::bootWeb(Object(Config\Paths))
WARNING - 2025-11-28 15:24:59 --> [DEPRECATED] Function utf8_decode() is deprecated in APPPATH\Controllers\Productos.php on line 324.
 1 SYSTEMPATH\CodeIgniter.php(933): App\Controllers\Productos->generaMinimos()
 2 SYSTEMPATH\CodeIgniter.php(507): CodeIgniter\CodeIgniter->runController(Object(App\Controllers\Productos))
 3 SYSTEMPATH\CodeIgniter.php(354): CodeIgniter\CodeIgniter->handleRequest(null, Object(Config\Cache), false)
 4 SYSTEMPATH\Boot.php(363): CodeIgniter\CodeIgniter->run()
 5 SYSTEMPATH\Boot.php(68): CodeIgniter\Boot::runCodeIgniter(Object(CodeIgniter\CodeIgniter))
 6 FCPATH\index.php(59): CodeIgniter\Boot::bootWeb(Object(Config\Paths))
WARNING - 2025-11-28 15:24:59 --> [DEPRECATED] Function utf8_decode() is deprecated in APPPATH\Controllers\Productos.php on line 326.
 1 SYSTEMPATH\CodeIgniter.php(933): App\Controllers\Productos->generaMinimos()
 2 SYSTEMPATH\CodeIgniter.php(507): CodeIgniter\CodeIgniter->runController(Object(App\Controllers\Productos))
 3 SYSTEMPATH\CodeIgniter.php(354): CodeIgniter\CodeIgniter->handleRequest(null, Object(Config\Cache), false)
 4 SYSTEMPATH\Boot.php(363): CodeIgniter\CodeIgniter->run()
 5 SYSTEMPATH\Boot.php(68): CodeIgniter\Boot::runCodeIgniter(Object(CodeIgniter\CodeIgniter))
 6 FCPATH\index.php(59): CodeIgniter\Boot::bootWeb(Object(Config\Paths))
DEBUG - 2025-11-28 15:25:05 --> Session: Class initialized using 'CodeIgniter\Session\Handlers\FileHandler' driver.
WARNING - 2025-11-28 15:25:05 --> [DEPRECATED] Function utf8_decode() is deprecated in APPPATH\Controllers\Productos.php on line 320.
 1 SYSTEMPATH\CodeIgniter.php(933): App\Controllers\Productos->generaMinimos()
 2 SYSTEMPATH\CodeIgniter.php(507): CodeIgniter\CodeIgniter->runController(Object(App\Controllers\Productos))
 3 SYSTEMPATH\CodeIgniter.php(354): CodeIgniter\CodeIgniter->handleRequest(null, Object(Config\Cache), false)
 4 SYSTEMPATH\Boot.php(363): CodeIgniter\CodeIgniter->run()
 5 SYSTEMPATH\Boot.php(68): CodeIgniter\Boot::runCodeIgniter(Object(CodeIgniter\CodeIgniter))
 6 FCPATH\index.php(59): CodeIgniter\Boot::bootWeb(Object(Config\Paths))
WARNING - 2025-11-28 15:25:06 --> [DEPRECATED] Function utf8_decode() is deprecated in APPPATH\Controllers\Productos.php on line 324.
 1 SYSTEMPATH\CodeIgniter.php(933): App\Controllers\Productos->generaMinimos()
 2 SYSTEMPATH\CodeIgniter.php(507): CodeIgniter\CodeIgniter->runController(Object(App\Controllers\Productos))
 3 SYSTEMPATH\CodeIgniter.php(354): CodeIgniter\CodeIgniter->handleRequest(null, Object(Config\Cache), false)
 4 SYSTEMPATH\Boot.php(363): CodeIgniter\CodeIgniter->run()
 5 SYSTEMPATH\Boot.php(68): CodeIgniter\Boot::runCodeIgniter(Object(CodeIgniter\CodeIgniter))
 6 FCPATH\index.php(59): CodeIgniter\Boot::bootWeb(Object(Config\Paths))
WARNING - 2025-11-28 15:25:06 --> [DEPRECATED] Function utf8_decode() is deprecated in APPPATH\Controllers\Productos.php on line 326.
 1 SYSTEMPATH\CodeIgniter.php(933): App\Controllers\Productos->generaMinimos()
 2 SYSTEMPATH\CodeIgniter.php(507): CodeIgniter\CodeIgniter->runController(Object(App\Controllers\Productos))
 3 SYSTEMPATH\CodeIgniter.php(354): CodeIgniter\CodeIgniter->handleRequest(null, Object(Config\Cache), false)
 4 SYSTEMPATH\Boot.php(363): CodeIgniter\CodeIgniter->run()
 5 SYSTEMPATH\Boot.php(68): CodeIgniter\Boot::runCodeIgniter(Object(CodeIgniter\CodeIgniter))
 6 FCPATH\index.php(59): CodeIgniter\Boot::bootWeb(Object(Config\Paths))
DEBUG - 2025-11-28 15:28:15 --> Session: Class initialized using 'CodeIgniter\Session\Handlers\FileHandler' driver.
WARNING - 2025-11-28 15:28:15 --> [DEPRECATED] Function utf8_decode() is deprecated in APPPATH\Controllers\Productos.php on line 320.
 1 SYSTEMPATH\CodeIgniter.php(933): App\Controllers\Productos->generaMinimos()
 2 SYSTEMPATH\CodeIgniter.php(507): CodeIgniter\CodeIgniter->runController(Object(App\Controllers\Productos))
 3 SYSTEMPATH\CodeIgniter.php(354): CodeIgniter\CodeIgniter->handleRequest(null, Object(Config\Cache), false)
 4 SYSTEMPATH\Boot.php(363): CodeIgniter\CodeIgniter->run()
 5 SYSTEMPATH\Boot.php(68): CodeIgniter\Boot::runCodeIgniter(Object(CodeIgniter\CodeIgniter))
 6 FCPATH\index.php(59): CodeIgniter\Boot::bootWeb(Object(Config\Paths))
WARNING - 2025-11-28 15:28:16 --> [DEPRECATED] Function utf8_decode() is deprecated in APPPATH\Controllers\Productos.php on line 324.
 1 SYSTEMPATH\CodeIgniter.php(933): App\Controllers\Productos->generaMinimos()
 2 SYSTEMPATH\CodeIgniter.php(507): CodeIgniter\CodeIgniter->runController(Object(App\Controllers\Productos))
 3 SYSTEMPATH\CodeIgniter.php(354): CodeIgniter\CodeIgniter->handleRequest(null, Object(Config\Cache), false)
 4 SYSTEMPATH\Boot.php(363): CodeIgniter\CodeIgniter->run()
 5 SYSTEMPATH\Boot.php(68): CodeIgniter\Boot::runCodeIgniter(Object(CodeIgniter\CodeIgniter))
 6 FCPATH\index.php(59): CodeIgniter\Boot::bootWeb(Object(Config\Paths))
WARNING - 2025-11-28 15:28:16 --> [DEPRECATED] Function utf8_decode() is deprecated in APPPATH\Controllers\Productos.php on line 327.
 1 SYSTEMPATH\CodeIgniter.php(933): App\Controllers\Productos->generaMinimos()
 2 SYSTEMPATH\CodeIgniter.php(507): CodeIgniter\CodeIgniter->runController(Object(App\Controllers\Productos))
 3 SYSTEMPATH\CodeIgniter.php(354): CodeIgniter\CodeIgniter->handleRequest(null, Object(Config\Cache), false)
 4 SYSTEMPATH\Boot.php(363): CodeIgniter\CodeIgniter->run()
 5 SYSTEMPATH\Boot.php(68): CodeIgniter\Boot::runCodeIgniter(Object(CodeIgniter\CodeIgniter))
 6 FCPATH\index.php(59): CodeIgniter\Boot::bootWeb(Object(Config\Paths))
WARNING - 2025-11-28 15:28:16 --> [DEPRECATED] Function utf8_decode() is deprecated in APPPATH\Controllers\Productos.php on line 328.
 1 SYSTEMPATH\CodeIgniter.php(933): App\Controllers\Productos->generaMinimos()
 2 SYSTEMPATH\CodeIgniter.php(507): CodeIgniter\CodeIgniter->runController(Object(App\Controllers\Productos))
 3 SYSTEMPATH\CodeIgniter.php(354): CodeIgniter\CodeIgniter->handleRequest(null, Object(Config\Cache), false)
 4 SYSTEMPATH\Boot.php(363): CodeIgniter\CodeIgniter->run()
 5 SYSTEMPATH\Boot.php(68): CodeIgniter\Boot::runCodeIgniter(Object(CodeIgniter\CodeIgniter))
 6 FCPATH\index.php(59): CodeIgniter\Boot::bootWeb(Object(Config\Paths))
WARNING - 2025-11-28 15:28:16 --> [DEPRECATED] Function utf8_decode() is deprecated in APPPATH\Controllers\Productos.php on line 329.
 1 SYSTEMPATH\CodeIgniter.php(933): App\Controllers\Productos->generaMinimos()
 2 SYSTEMPATH\CodeIgniter.php(507): CodeIgniter\CodeIgniter->runController(Object(App\Controllers\Productos))
 3 SYSTEMPATH\CodeIgniter.php(354): CodeIgniter\CodeIgniter->handleRequest(null, Object(Config\Cache), false)
 4 SYSTEMPATH\Boot.php(363): CodeIgniter\CodeIgniter->run()
 5 SYSTEMPATH\Boot.php(68): CodeIgniter\Boot::runCodeIgniter(Object(CodeIgniter\CodeIgniter))
 6 FCPATH\index.php(59): CodeIgniter\Boot::bootWeb(Object(Config\Paths))
WARNING - 2025-11-28 15:28:16 --> [DEPRECATED] Function utf8_decode() is deprecated in APPPATH\Controllers\Productos.php on line 330.
 1 SYSTEMPATH\CodeIgniter.php(933): App\Controllers\Productos->generaMinimos()
 2 SYSTEMPATH\CodeIgniter.php(507): CodeIgniter\CodeIgniter->runController(Object(App\Controllers\Productos))
 3 SYSTEMPATH\CodeIgniter.php(354): CodeIgniter\CodeIgniter->handleRequest(null, Object(Config\Cache), false)
 4 SYSTEMPATH\Boot.php(363): CodeIgniter\CodeIgniter->run()
 5 SYSTEMPATH\Boot.php(68): CodeIgniter\Boot::runCodeIgniter(Object(CodeIgniter\CodeIgniter))
 6 FCPATH\index.php(59): CodeIgniter\Boot::bootWeb(Object(Config\Paths))
DEBUG - 2025-11-28 15:28:39 --> Session: Class initialized using 'CodeIgniter\Session\Handlers\FileHandler' driver.
WARNING - 2025-11-28 15:28:39 --> [DEPRECATED] Function utf8_decode() is deprecated in APPPATH\Controllers\Productos.php on line 320.
 1 SYSTEMPATH\CodeIgniter.php(933): App\Controllers\Productos->generaMinimos()
 2 SYSTEMPATH\CodeIgniter.php(507): CodeIgniter\CodeIgniter->runController(Object(App\Controllers\Productos))
 3 SYSTEMPATH\CodeIgniter.php(354): CodeIgniter\CodeIgniter->handleRequest(null, Object(Config\Cache), false)
 4 SYSTEMPATH\Boot.php(363): CodeIgniter\CodeIgniter->run()
 5 SYSTEMPATH\Boot.php(68): CodeIgniter\Boot::runCodeIgniter(Object(CodeIgniter\CodeIgniter))
 6 FCPATH\index.php(59): CodeIgniter\Boot::bootWeb(Object(Config\Paths))
WARNING - 2025-11-28 15:28:40 --> [DEPRECATED] Function utf8_decode() is deprecated in APPPATH\Controllers\Productos.php on line 324.
 1 SYSTEMPATH\CodeIgniter.php(933): App\Controllers\Productos->generaMinimos()
 2 SYSTEMPATH\CodeIgniter.php(507): CodeIgniter\CodeIgniter->runController(Object(App\Controllers\Productos))
 3 SYSTEMPATH\CodeIgniter.php(354): CodeIgniter\CodeIgniter->handleRequest(null, Object(Config\Cache), false)
 4 SYSTEMPATH\Boot.php(363): CodeIgniter\CodeIgniter->run()
 5 SYSTEMPATH\Boot.php(68): CodeIgniter\Boot::runCodeIgniter(Object(CodeIgniter\CodeIgniter))
 6 FCPATH\index.php(59): CodeIgniter\Boot::bootWeb(Object(Config\Paths))
WARNING - 2025-11-28 15:28:40 --> [DEPRECATED] Function utf8_decode() is deprecated in APPPATH\Controllers\Productos.php on line 327.
 1 SYSTEMPATH\CodeIgniter.php(933): App\Controllers\Productos->generaMinimos()
 2 SYSTEMPATH\CodeIgniter.php(507): CodeIgniter\CodeIgniter->runController(Object(App\Controllers\Productos))
 3 SYSTEMPATH\CodeIgniter.php(354): CodeIgniter\CodeIgniter->handleRequest(null, Object(Config\Cache), false)
 4 SYSTEMPATH\Boot.php(363): CodeIgniter\CodeIgniter->run()
 5 SYSTEMPATH\Boot.php(68): CodeIgniter\Boot::runCodeIgniter(Object(CodeIgniter\CodeIgniter))
 6 FCPATH\index.php(59): CodeIgniter\Boot::bootWeb(Object(Config\Paths))
WARNING - 2025-11-28 15:28:40 --> [DEPRECATED] Function utf8_decode() is deprecated in APPPATH\Controllers\Productos.php on line 328.
 1 SYSTEMPATH\CodeIgniter.php(933): App\Controllers\Productos->generaMinimos()
 2 SYSTEMPATH\CodeIgniter.php(507): CodeIgniter\CodeIgniter->runController(Object(App\Controllers\Productos))
 3 SYSTEMPATH\CodeIgniter.php(354): CodeIgniter\CodeIgniter->handleRequest(null, Object(Config\Cache), false)
 4 SYSTEMPATH\Boot.php(363): CodeIgniter\CodeIgniter->run()
 5 SYSTEMPATH\Boot.php(68): CodeIgniter\Boot::runCodeIgniter(Object(CodeIgniter\CodeIgniter))
 6 FCPATH\index.php(59): CodeIgniter\Boot::bootWeb(Object(Config\Paths))
WARNING - 2025-11-28 15:28:40 --> [DEPRECATED] Function utf8_decode() is deprecated in APPPATH\Controllers\Productos.php on line 329.
 1 SYSTEMPATH\CodeIgniter.php(933): App\Controllers\Productos->generaMinimos()
 2 SYSTEMPATH\CodeIgniter.php(507): CodeIgniter\CodeIgniter->runController(Object(App\Controllers\Productos))
 3 SYSTEMPATH\CodeIgniter.php(354): CodeIgniter\CodeIgniter->handleRequest(null, Object(Config\Cache), false)
 4 SYSTEMPATH\Boot.php(363): CodeIgniter\CodeIgniter->run()
 5 SYSTEMPATH\Boot.php(68): CodeIgniter\Boot::runCodeIgniter(Object(CodeIgniter\CodeIgniter))
 6 FCPATH\index.php(59): CodeIgniter\Boot::bootWeb(Object(Config\Paths))
WARNING - 2025-11-28 15:28:40 --> [DEPRECATED] Function utf8_decode() is deprecated in APPPATH\Controllers\Productos.php on line 330.
 1 SYSTEMPATH\CodeIgniter.php(933): App\Controllers\Productos->generaMinimos()
 2 SYSTEMPATH\CodeIgniter.php(507): CodeIgniter\CodeIgniter->runController(Object(App\Controllers\Productos))
 3 SYSTEMPATH\CodeIgniter.php(354): CodeIgniter\CodeIgniter->handleRequest(null, Object(Config\Cache), false)
 4 SYSTEMPATH\Boot.php(363): CodeIgniter\CodeIgniter->run()
 5 SYSTEMPATH\Boot.php(68): CodeIgniter\Boot::runCodeIgniter(Object(CodeIgniter\CodeIgniter))
 6 FCPATH\index.php(59): CodeIgniter\Boot::bootWeb(Object(Config\Paths))
DEBUG - 2025-11-28 15:46:39 --> Session: Class initialized using 'CodeIgniter\Session\Handlers\FileHandler' driver.
WARNING - 2025-11-28 15:46:39 --> [DEPRECATED] Function utf8_decode() is deprecated in APPPATH\Controllers\Productos.php on line 320.
 1 SYSTEMPATH\CodeIgniter.php(933): App\Controllers\Productos->generaMinimos()
 2 SYSTEMPATH\CodeIgniter.php(507): CodeIgniter\CodeIgniter->runController(Object(App\Controllers\Productos))
 3 SYSTEMPATH\CodeIgniter.php(354): CodeIgniter\CodeIgniter->handleRequest(null, Object(Config\Cache), false)
 4 SYSTEMPATH\Boot.php(363): CodeIgniter\CodeIgniter->run()
 5 SYSTEMPATH\Boot.php(68): CodeIgniter\Boot::runCodeIgniter(Object(CodeIgniter\CodeIgniter))
 6 FCPATH\index.php(59): CodeIgniter\Boot::bootWeb(Object(Config\Paths))
WARNING - 2025-11-28 15:46:40 --> [DEPRECATED] Function utf8_decode() is deprecated in APPPATH\Controllers\Productos.php on line 324.
 1 SYSTEMPATH\CodeIgniter.php(933): App\Controllers\Productos->generaMinimos()
 2 SYSTEMPATH\CodeIgniter.php(507): CodeIgniter\CodeIgniter->runController(Object(App\Controllers\Productos))
 3 SYSTEMPATH\CodeIgniter.php(354): CodeIgniter\CodeIgniter->handleRequest(null, Object(Config\Cache), false)
 4 SYSTEMPATH\Boot.php(363): CodeIgniter\CodeIgniter->run()
 5 SYSTEMPATH\Boot.php(68): CodeIgniter\Boot::runCodeIgniter(Object(CodeIgniter\CodeIgniter))
 6 FCPATH\index.php(59): CodeIgniter\Boot::bootWeb(Object(Config\Paths))
WARNING - 2025-11-28 15:46:40 --> [DEPRECATED] Function utf8_decode() is deprecated in APPPATH\Controllers\Productos.php on line 327.
 1 SYSTEMPATH\CodeIgniter.php(933): App\Controllers\Productos->generaMinimos()
 2 SYSTEMPATH\CodeIgniter.php(507): CodeIgniter\CodeIgniter->runController(Object(App\Controllers\Productos))
 3 SYSTEMPATH\CodeIgniter.php(354): CodeIgniter\CodeIgniter->handleRequest(null, Object(Config\Cache), false)
 4 SYSTEMPATH\Boot.php(363): CodeIgniter\CodeIgniter->run()
 5 SYSTEMPATH\Boot.php(68): CodeIgniter\Boot::runCodeIgniter(Object(CodeIgniter\CodeIgniter))
 6 FCPATH\index.php(59): CodeIgniter\Boot::bootWeb(Object(Config\Paths))
WARNING - 2025-11-28 15:46:40 --> [DEPRECATED] Function utf8_decode() is deprecated in APPPATH\Controllers\Productos.php on line 328.
 1 SYSTEMPATH\CodeIgniter.php(933): App\Controllers\Productos->generaMinimos()
 2 SYSTEMPATH\CodeIgniter.php(507): CodeIgniter\CodeIgniter->runController(Object(App\Controllers\Productos))
 3 SYSTEMPATH\CodeIgniter.php(354): CodeIgniter\CodeIgniter->handleRequest(null, Object(Config\Cache), false)
 4 SYSTEMPATH\Boot.php(363): CodeIgniter\CodeIgniter->run()
 5 SYSTEMPATH\Boot.php(68): CodeIgniter\Boot::runCodeIgniter(Object(CodeIgniter\CodeIgniter))
 6 FCPATH\index.php(59): CodeIgniter\Boot::bootWeb(Object(Config\Paths))
WARNING - 2025-11-28 15:46:40 --> [DEPRECATED] Function utf8_decode() is deprecated in APPPATH\Controllers\Productos.php on line 329.
 1 SYSTEMPATH\CodeIgniter.php(933): App\Controllers\Productos->generaMinimos()
 2 SYSTEMPATH\CodeIgniter.php(507): CodeIgniter\CodeIgniter->runController(Object(App\Controllers\Productos))
 3 SYSTEMPATH\CodeIgniter.php(354): CodeIgniter\CodeIgniter->handleRequest(null, Object(Config\Cache), false)
 4 SYSTEMPATH\Boot.php(363): CodeIgniter\CodeIgniter->run()
 5 SYSTEMPATH\Boot.php(68): CodeIgniter\Boot::runCodeIgniter(Object(CodeIgniter\CodeIgniter))
 6 FCPATH\index.php(59): CodeIgniter\Boot::bootWeb(Object(Config\Paths))
WARNING - 2025-11-28 15:46:40 --> [DEPRECATED] Function utf8_decode() is deprecated in APPPATH\Controllers\Productos.php on line 330.
 1 SYSTEMPATH\CodeIgniter.php(933): App\Controllers\Productos->generaMinimos()
 2 SYSTEMPATH\CodeIgniter.php(507): CodeIgniter\CodeIgniter->runController(Object(App\Controllers\Productos))
 3 SYSTEMPATH\CodeIgniter.php(354): CodeIgniter\CodeIgniter->handleRequest(null, Object(Config\Cache), false)
 4 SYSTEMPATH\Boot.php(363): CodeIgniter\CodeIgniter->run()
 5 SYSTEMPATH\Boot.php(68): CodeIgniter\Boot::runCodeIgniter(Object(CodeIgniter\CodeIgniter))
 6 FCPATH\index.php(59): CodeIgniter\Boot::bootWeb(Object(Config\Paths))
CRITICAL - 2025-11-28 15:46:40 --> ErrorException: Undefined array key "stock_mínimo"
[Method: GET, Route: productos/generaMinimos]
in APPPATH\Controllers\Productos.php on line 338.
 1 APPPATH\Controllers\Productos.php(338): CodeIgniter\Debug\Exceptions->errorHandler(2, 'Undefined array key "stock_mínimo"', 'C:\\xampp\\htdocs\\pos\\app\\Controllers\\Productos.php', 338)
 2 SYSTEMPATH\CodeIgniter.php(933): App\Controllers\Productos->generaMinimos()
 3 SYSTEMPATH\CodeIgniter.php(507): CodeIgniter\CodeIgniter->runController(Object(App\Controllers\Productos))
 4 SYSTEMPATH\CodeIgniter.php(354): CodeIgniter\CodeIgniter->handleRequest(null, Object(Config\Cache), false)
 5 SYSTEMPATH\Boot.php(363): CodeIgniter\CodeIgniter->run()
 6 SYSTEMPATH\Boot.php(68): CodeIgniter\Boot::runCodeIgniter(Object(CodeIgniter\CodeIgniter))
 7 FCPATH\index.php(59): CodeIgniter\Boot::bootWeb(Object(Config\Paths))
DEBUG - 2025-11-28 15:46:50 --> Session: Class initialized using 'CodeIgniter\Session\Handlers\FileHandler' driver.
WARNING - 2025-11-28 15:46:50 --> [DEPRECATED] Function utf8_decode() is deprecated in APPPATH\Controllers\Productos.php on line 320.
 1 SYSTEMPATH\CodeIgniter.php(933): App\Controllers\Productos->generaMinimos()
 2 SYSTEMPATH\CodeIgniter.php(507): CodeIgniter\CodeIgniter->runController(Object(App\Controllers\Productos))
 3 SYSTEMPATH\CodeIgniter.php(354): CodeIgniter\CodeIgniter->handleRequest(null, Object(Config\Cache), false)
 4 SYSTEMPATH\Boot.php(363): CodeIgniter\CodeIgniter->run()
 5 SYSTEMPATH\Boot.php(68): CodeIgniter\Boot::runCodeIgniter(Object(CodeIgniter\CodeIgniter))
 6 FCPATH\index.php(59): CodeIgniter\Boot::bootWeb(Object(Config\Paths))
WARNING - 2025-11-28 15:46:51 --> [DEPRECATED] Function utf8_decode() is deprecated in APPPATH\Controllers\Productos.php on line 324.
 1 SYSTEMPATH\CodeIgniter.php(933): App\Controllers\Productos->generaMinimos()
 2 SYSTEMPATH\CodeIgniter.php(507): CodeIgniter\CodeIgniter->runController(Object(App\Controllers\Productos))
 3 SYSTEMPATH\CodeIgniter.php(354): CodeIgniter\CodeIgniter->handleRequest(null, Object(Config\Cache), false)
 4 SYSTEMPATH\Boot.php(363): CodeIgniter\CodeIgniter->run()
 5 SYSTEMPATH\Boot.php(68): CodeIgniter\Boot::runCodeIgniter(Object(CodeIgniter\CodeIgniter))
 6 FCPATH\index.php(59): CodeIgniter\Boot::bootWeb(Object(Config\Paths))
WARNING - 2025-11-28 15:46:51 --> [DEPRECATED] Function utf8_decode() is deprecated in APPPATH\Controllers\Productos.php on line 327.
 1 SYSTEMPATH\CodeIgniter.php(933): App\Controllers\Productos->generaMinimos()
 2 SYSTEMPATH\CodeIgniter.php(507): CodeIgniter\CodeIgniter->runController(Object(App\Controllers\Productos))
 3 SYSTEMPATH\CodeIgniter.php(354): CodeIgniter\CodeIgniter->handleRequest(null, Object(Config\Cache), false)
 4 SYSTEMPATH\Boot.php(363): CodeIgniter\CodeIgniter->run()
 5 SYSTEMPATH\Boot.php(68): CodeIgniter\Boot::runCodeIgniter(Object(CodeIgniter\CodeIgniter))
 6 FCPATH\index.php(59): CodeIgniter\Boot::bootWeb(Object(Config\Paths))
WARNING - 2025-11-28 15:46:51 --> [DEPRECATED] Function utf8_decode() is deprecated in APPPATH\Controllers\Productos.php on line 328.
 1 SYSTEMPATH\CodeIgniter.php(933): App\Controllers\Productos->generaMinimos()
 2 SYSTEMPATH\CodeIgniter.php(507): CodeIgniter\CodeIgniter->runController(Object(App\Controllers\Productos))
 3 SYSTEMPATH\CodeIgniter.php(354): CodeIgniter\CodeIgniter->handleRequest(null, Object(Config\Cache), false)
 4 SYSTEMPATH\Boot.php(363): CodeIgniter\CodeIgniter->run()
 5 SYSTEMPATH\Boot.php(68): CodeIgniter\Boot::runCodeIgniter(Object(CodeIgniter\CodeIgniter))
 6 FCPATH\index.php(59): CodeIgniter\Boot::bootWeb(Object(Config\Paths))
WARNING - 2025-11-28 15:46:51 --> [DEPRECATED] Function utf8_decode() is deprecated in APPPATH\Controllers\Productos.php on line 329.
 1 SYSTEMPATH\CodeIgniter.php(933): App\Controllers\Productos->generaMinimos()
 2 SYSTEMPATH\CodeIgniter.php(507): CodeIgniter\CodeIgniter->runController(Object(App\Controllers\Productos))
 3 SYSTEMPATH\CodeIgniter.php(354): CodeIgniter\CodeIgniter->handleRequest(null, Object(Config\Cache), false)
 4 SYSTEMPATH\Boot.php(363): CodeIgniter\CodeIgniter->run()
 5 SYSTEMPATH\Boot.php(68): CodeIgniter\Boot::runCodeIgniter(Object(CodeIgniter\CodeIgniter))
 6 FCPATH\index.php(59): CodeIgniter\Boot::bootWeb(Object(Config\Paths))
WARNING - 2025-11-28 15:46:51 --> [DEPRECATED] Function utf8_decode() is deprecated in APPPATH\Controllers\Productos.php on line 330.
 1 SYSTEMPATH\CodeIgniter.php(933): App\Controllers\Productos->generaMinimos()
 2 SYSTEMPATH\CodeIgniter.php(507): CodeIgniter\CodeIgniter->runController(Object(App\Controllers\Productos))
 3 SYSTEMPATH\CodeIgniter.php(354): CodeIgniter\CodeIgniter->handleRequest(null, Object(Config\Cache), false)
 4 SYSTEMPATH\Boot.php(363): CodeIgniter\CodeIgniter->run()
 5 SYSTEMPATH\Boot.php(68): CodeIgniter\Boot::runCodeIgniter(Object(CodeIgniter\CodeIgniter))
 6 FCPATH\index.php(59): CodeIgniter\Boot::bootWeb(Object(Config\Paths))
DEBUG - 2025-11-28 15:50:47 --> Session: Class initialized using 'CodeIgniter\Session\Handlers\FileHandler' driver.
WARNING - 2025-11-28 15:50:48 --> [DEPRECATED] Function utf8_decode() is deprecated in APPPATH\Controllers\Productos.php on line 320.
 1 SYSTEMPATH\CodeIgniter.php(933): App\Controllers\Productos->generaMinimos()
 2 SYSTEMPATH\CodeIgniter.php(507): CodeIgniter\CodeIgniter->runController(Object(App\Controllers\Productos))
 3 SYSTEMPATH\CodeIgniter.php(354): CodeIgniter\CodeIgniter->handleRequest(null, Object(Config\Cache), false)
 4 SYSTEMPATH\Boot.php(363): CodeIgniter\CodeIgniter->run()
 5 SYSTEMPATH\Boot.php(68): CodeIgniter\Boot::runCodeIgniter(Object(CodeIgniter\CodeIgniter))
 6 FCPATH\index.php(59): CodeIgniter\Boot::bootWeb(Object(Config\Paths))
WARNING - 2025-11-28 15:50:49 --> [DEPRECATED] Function utf8_decode() is deprecated in APPPATH\Controllers\Productos.php on line 324.
 1 SYSTEMPATH\CodeIgniter.php(933): App\Controllers\Productos->generaMinimos()
 2 SYSTEMPATH\CodeIgniter.php(507): CodeIgniter\CodeIgniter->runController(Object(App\Controllers\Productos))
 3 SYSTEMPATH\CodeIgniter.php(354): CodeIgniter\CodeIgniter->handleRequest(null, Object(Config\Cache), false)
 4 SYSTEMPATH\Boot.php(363): CodeIgniter\CodeIgniter->run()
 5 SYSTEMPATH\Boot.php(68): CodeIgniter\Boot::runCodeIgniter(Object(CodeIgniter\CodeIgniter))
 6 FCPATH\index.php(59): CodeIgniter\Boot::bootWeb(Object(Config\Paths))
WARNING - 2025-11-28 15:50:49 --> [DEPRECATED] Function utf8_decode() is deprecated in APPPATH\Controllers\Productos.php on line 327.
 1 SYSTEMPATH\CodeIgniter.php(933): App\Controllers\Productos->generaMinimos()
 2 SYSTEMPATH\CodeIgniter.php(507): CodeIgniter\CodeIgniter->runController(Object(App\Controllers\Productos))
 3 SYSTEMPATH\CodeIgniter.php(354): CodeIgniter\CodeIgniter->handleRequest(null, Object(Config\Cache), false)
 4 SYSTEMPATH\Boot.php(363): CodeIgniter\CodeIgniter->run()
 5 SYSTEMPATH\Boot.php(68): CodeIgniter\Boot::runCodeIgniter(Object(CodeIgniter\CodeIgniter))
 6 FCPATH\index.php(59): CodeIgniter\Boot::bootWeb(Object(Config\Paths))
WARNING - 2025-11-28 15:50:49 --> [DEPRECATED] Function utf8_decode() is deprecated in APPPATH\Controllers\Productos.php on line 328.
 1 SYSTEMPATH\CodeIgniter.php(933): App\Controllers\Productos->generaMinimos()
 2 SYSTEMPATH\CodeIgniter.php(507): CodeIgniter\CodeIgniter->runController(Object(App\Controllers\Productos))
 3 SYSTEMPATH\CodeIgniter.php(354): CodeIgniter\CodeIgniter->handleRequest(null, Object(Config\Cache), false)
 4 SYSTEMPATH\Boot.php(363): CodeIgniter\CodeIgniter->run()
 5 SYSTEMPATH\Boot.php(68): CodeIgniter\Boot::runCodeIgniter(Object(CodeIgniter\CodeIgniter))
 6 FCPATH\index.php(59): CodeIgniter\Boot::bootWeb(Object(Config\Paths))
WARNING - 2025-11-28 15:50:49 --> [DEPRECATED] Function utf8_decode() is deprecated in APPPATH\Controllers\Productos.php on line 329.
 1 SYSTEMPATH\CodeIgniter.php(933): App\Controllers\Productos->generaMinimos()
 2 SYSTEMPATH\CodeIgniter.php(507): CodeIgniter\CodeIgniter->runController(Object(App\Controllers\Productos))
 3 SYSTEMPATH\CodeIgniter.php(354): CodeIgniter\CodeIgniter->handleRequest(null, Object(Config\Cache), false)
 4 SYSTEMPATH\Boot.php(363): CodeIgniter\CodeIgniter->run()
 5 SYSTEMPATH\Boot.php(68): CodeIgniter\Boot::runCodeIgniter(Object(CodeIgniter\CodeIgniter))
 6 FCPATH\index.php(59): CodeIgniter\Boot::bootWeb(Object(Config\Paths))
WARNING - 2025-11-28 15:50:49 --> [DEPRECATED] Function utf8_decode() is deprecated in APPPATH\Controllers\Productos.php on line 330.
 1 SYSTEMPATH\CodeIgniter.php(933): App\Controllers\Productos->generaMinimos()
 2 SYSTEMPATH\CodeIgniter.php(507): CodeIgniter\CodeIgniter->runController(Object(App\Controllers\Productos))
 3 SYSTEMPATH\CodeIgniter.php(354): CodeIgniter\CodeIgniter->handleRequest(null, Object(Config\Cache), false)
 4 SYSTEMPATH\Boot.php(363): CodeIgniter\CodeIgniter->run()
 5 SYSTEMPATH\Boot.php(68): CodeIgniter\Boot::runCodeIgniter(Object(CodeIgniter\CodeIgniter))
 6 FCPATH\index.php(59): CodeIgniter\Boot::bootWeb(Object(Config\Paths))
DEBUG - 2025-11-28 15:50:59 --> Session: Class initialized using 'CodeIgniter\Session\Handlers\FileHandler' driver.
DEBUG - 2025-11-28 15:51:01 --> Session: Class initialized using 'CodeIgniter\Session\Handlers\FileHandler' driver.
DEBUG - 2025-11-28 15:51:23 --> Session: Class initialized using 'CodeIgniter\Session\Handlers\FileHandler' driver.
DEBUG - 2025-11-28 15:51:25 --> Session: Class initialized using 'CodeIgniter\Session\Handlers\FileHandler' driver.
DEBUG - 2025-11-28 15:51:40 --> Session: Class initialized using 'CodeIgniter\Session\Handlers\FileHandler' driver.
WARNING - 2025-11-28 15:51:41 --> [DEPRECATED] Function utf8_decode() is deprecated in APPPATH\Controllers\Productos.php on line 320.
 1 SYSTEMPATH\CodeIgniter.php(933): App\Controllers\Productos->generaMinimos()
 2 SYSTEMPATH\CodeIgniter.php(507): CodeIgniter\CodeIgniter->runController(Object(App\Controllers\Productos))
 3 SYSTEMPATH\CodeIgniter.php(354): CodeIgniter\CodeIgniter->handleRequest(null, Object(Config\Cache), false)
 4 SYSTEMPATH\Boot.php(363): CodeIgniter\CodeIgniter->run()
 5 SYSTEMPATH\Boot.php(68): CodeIgniter\Boot::runCodeIgniter(Object(CodeIgniter\CodeIgniter))
 6 FCPATH\index.php(59): CodeIgniter\Boot::bootWeb(Object(Config\Paths))
WARNING - 2025-11-28 15:51:41 --> [DEPRECATED] Function utf8_decode() is deprecated in APPPATH\Controllers\Productos.php on line 324.
 1 SYSTEMPATH\CodeIgniter.php(933): App\Controllers\Productos->generaMinimos()
 2 SYSTEMPATH\CodeIgniter.php(507): CodeIgniter\CodeIgniter->runController(Object(App\Controllers\Productos))
 3 SYSTEMPATH\CodeIgniter.php(354): CodeIgniter\CodeIgniter->handleRequest(null, Object(Config\Cache), false)
 4 SYSTEMPATH\Boot.php(363): CodeIgniter\CodeIgniter->run()
 5 SYSTEMPATH\Boot.php(68): CodeIgniter\Boot::runCodeIgniter(Object(CodeIgniter\CodeIgniter))
 6 FCPATH\index.php(59): CodeIgniter\Boot::bootWeb(Object(Config\Paths))
WARNING - 2025-11-28 15:51:41 --> [DEPRECATED] Function utf8_decode() is deprecated in APPPATH\Controllers\Productos.php on line 327.
 1 SYSTEMPATH\CodeIgniter.php(933): App\Controllers\Productos->generaMinimos()
 2 SYSTEMPATH\CodeIgniter.php(507): CodeIgniter\CodeIgniter->runController(Object(App\Controllers\Productos))
 3 SYSTEMPATH\CodeIgniter.php(354): CodeIgniter\CodeIgniter->handleRequest(null, Object(Config\Cache), false)
 4 SYSTEMPATH\Boot.php(363): CodeIgniter\CodeIgniter->run()
 5 SYSTEMPATH\Boot.php(68): CodeIgniter\Boot::runCodeIgniter(Object(CodeIgniter\CodeIgniter))
 6 FCPATH\index.php(59): CodeIgniter\Boot::bootWeb(Object(Config\Paths))
WARNING - 2025-11-28 15:51:41 --> [DEPRECATED] Function utf8_decode() is deprecated in APPPATH\Controllers\Productos.php on line 328.
 1 SYSTEMPATH\CodeIgniter.php(933): App\Controllers\Productos->generaMinimos()
 2 SYSTEMPATH\CodeIgniter.php(507): CodeIgniter\CodeIgniter->runController(Object(App\Controllers\Productos))
 3 SYSTEMPATH\CodeIgniter.php(354): CodeIgniter\CodeIgniter->handleRequest(null, Object(Config\Cache), false)
 4 SYSTEMPATH\Boot.php(363): CodeIgniter\CodeIgniter->run()
 5 SYSTEMPATH\Boot.php(68): CodeIgniter\Boot::runCodeIgniter(Object(CodeIgniter\CodeIgniter))
 6 FCPATH\index.php(59): CodeIgniter\Boot::bootWeb(Object(Config\Paths))
WARNING - 2025-11-28 15:51:41 --> [DEPRECATED] Function utf8_decode() is deprecated in APPPATH\Controllers\Productos.php on line 329.
 1 SYSTEMPATH\CodeIgniter.php(933): App\Controllers\Productos->generaMinimos()
 2 SYSTEMPATH\CodeIgniter.php(507): CodeIgniter\CodeIgniter->runController(Object(App\Controllers\Productos))
 3 SYSTEMPATH\CodeIgniter.php(354): CodeIgniter\CodeIgniter->handleRequest(null, Object(Config\Cache), false)
 4 SYSTEMPATH\Boot.php(363): CodeIgniter\CodeIgniter->run()
 5 SYSTEMPATH\Boot.php(68): CodeIgniter\Boot::runCodeIgniter(Object(CodeIgniter\CodeIgniter))
 6 FCPATH\index.php(59): CodeIgniter\Boot::bootWeb(Object(Config\Paths))
WARNING - 2025-11-28 15:51:41 --> [DEPRECATED] Function utf8_decode() is deprecated in APPPATH\Controllers\Productos.php on line 330.
 1 SYSTEMPATH\CodeIgniter.php(933): App\Controllers\Productos->generaMinimos()
 2 SYSTEMPATH\CodeIgniter.php(507): CodeIgniter\CodeIgniter->runController(Object(App\Controllers\Productos))
 3 SYSTEMPATH\CodeIgniter.php(354): CodeIgniter\CodeIgniter->handleRequest(null, Object(Config\Cache), false)
 4 SYSTEMPATH\Boot.php(363): CodeIgniter\CodeIgniter->run()
 5 SYSTEMPATH\Boot.php(68): CodeIgniter\Boot::runCodeIgniter(Object(CodeIgniter\CodeIgniter))
 6 FCPATH\index.php(59): CodeIgniter\Boot::bootWeb(Object(Config\Paths))
DEBUG - 2025-11-28 15:52:42 --> Session: Class initialized using 'CodeIgniter\Session\Handlers\FileHandler' driver.
DEBUG - 2025-11-28 15:52:45 --> Session: Class initialized using 'CodeIgniter\Session\Handlers\FileHandler' driver.
DEBUG - 2025-11-28 15:53:23 --> Session: Class initialized using 'CodeIgniter\Session\Handlers\FileHandler' driver.
DEBUG - 2025-11-28 15:54:28 --> Session: Class initialized using 'CodeIgniter\Session\Handlers\FileHandler' driver.
DEBUG - 2025-11-28 15:54:29 --> Session: Class initialized using 'CodeIgniter\Session\Handlers\FileHandler' driver.
DEBUG - 2025-11-28 15:54:40 --> Session: Class initialized using 'CodeIgniter\Session\Handlers\FileHandler' driver.
DEBUG - 2025-11-28 15:56:43 --> Session: Class initialized using 'CodeIgniter\Session\Handlers\FileHandler' driver.
DEBUG - 2025-11-28 15:56:48 --> Session: Class initialized using 'CodeIgniter\Session\Handlers\FileHandler' driver.
DEBUG - 2025-11-28 15:56:57 --> Session: Class initialized using 'CodeIgniter\Session\Handlers\FileHandler' driver.
DEBUG - 2025-11-28 15:57:06 --> Session: Class initialized using 'CodeIgniter\Session\Handlers\FileHandler' driver.
DEBUG - 2025-11-28 15:57:06 --> Session: Class initialized using 'CodeIgniter\Session\Handlers\FileHandler' driver.
WARNING - 2025-11-28 15:57:07 --> [DEPRECATED] Function utf8_decode() is deprecated in APPPATH\Controllers\Ventas.php on line 146.
 1 SYSTEMPATH\CodeIgniter.php(933): App\Controllers\Ventas->generarTicketPdf('10')
 2 SYSTEMPATH\CodeIgniter.php(507): CodeIgniter\CodeIgniter->runController(Object(App\Controllers\Ventas))
 3 SYSTEMPATH\CodeIgniter.php(354): CodeIgniter\CodeIgniter->handleRequest(null, Object(Config\Cache), false)
 4 SYSTEMPATH\Boot.php(363): CodeIgniter\CodeIgniter->run()
 5 SYSTEMPATH\Boot.php(68): CodeIgniter\Boot::runCodeIgniter(Object(CodeIgniter\CodeIgniter))
 6 FCPATH\index.php(59): CodeIgniter\Boot::bootWeb(Object(Config\Paths))
WARNING - 2025-11-28 15:57:07 --> [DEPRECATED] Function utf8_decode() is deprecated in APPPATH\Controllers\Ventas.php on line 151.
 1 SYSTEMPATH\CodeIgniter.php(933): App\Controllers\Ventas->generarTicketPdf('10')
 2 SYSTEMPATH\CodeIgniter.php(507): CodeIgniter\CodeIgniter->runController(Object(App\Controllers\Ventas))
 3 SYSTEMPATH\CodeIgniter.php(354): CodeIgniter\CodeIgniter->handleRequest(null, Object(Config\Cache), false)
 4 SYSTEMPATH\Boot.php(363): CodeIgniter\CodeIgniter->run()
 5 SYSTEMPATH\Boot.php(68): CodeIgniter\Boot::runCodeIgniter(Object(CodeIgniter\CodeIgniter))
 6 FCPATH\index.php(59): CodeIgniter\Boot::bootWeb(Object(Config\Paths))
DEBUG - 2025-11-28 15:57:12 --> Session: Class initialized using 'CodeIgniter\Session\Handlers\FileHandler' driver.
WARNING - 2025-11-28 15:57:12 --> [DEPRECATED] Function utf8_decode() is deprecated in APPPATH\Controllers\Productos.php on line 320.
 1 SYSTEMPATH\CodeIgniter.php(933): App\Controllers\Productos->generaMinimos()
 2 SYSTEMPATH\CodeIgniter.php(507): CodeIgniter\CodeIgniter->runController(Object(App\Controllers\Productos))
 3 SYSTEMPATH\CodeIgniter.php(354): CodeIgniter\CodeIgniter->handleRequest(null, Object(Config\Cache), false)
 4 SYSTEMPATH\Boot.php(363): CodeIgniter\CodeIgniter->run()
 5 SYSTEMPATH\Boot.php(68): CodeIgniter\Boot::runCodeIgniter(Object(CodeIgniter\CodeIgniter))
 6 FCPATH\index.php(59): CodeIgniter\Boot::bootWeb(Object(Config\Paths))
WARNING - 2025-11-28 15:57:13 --> [DEPRECATED] Function utf8_decode() is deprecated in APPPATH\Controllers\Productos.php on line 324.
 1 SYSTEMPATH\CodeIgniter.php(933): App\Controllers\Productos->generaMinimos()
 2 SYSTEMPATH\CodeIgniter.php(507): CodeIgniter\CodeIgniter->runController(Object(App\Controllers\Productos))
 3 SYSTEMPATH\CodeIgniter.php(354): CodeIgniter\CodeIgniter->handleRequest(null, Object(Config\Cache), false)
 4 SYSTEMPATH\Boot.php(363): CodeIgniter\CodeIgniter->run()
 5 SYSTEMPATH\Boot.php(68): CodeIgniter\Boot::runCodeIgniter(Object(CodeIgniter\CodeIgniter))
 6 FCPATH\index.php(59): CodeIgniter\Boot::bootWeb(Object(Config\Paths))
WARNING - 2025-11-28 15:57:13 --> [DEPRECATED] Function utf8_decode() is deprecated in APPPATH\Controllers\Productos.php on line 327.
 1 SYSTEMPATH\CodeIgniter.php(933): App\Controllers\Productos->generaMinimos()
 2 SYSTEMPATH\CodeIgniter.php(507): CodeIgniter\CodeIgniter->runController(Object(App\Controllers\Productos))
 3 SYSTEMPATH\CodeIgniter.php(354): CodeIgniter\CodeIgniter->handleRequest(null, Object(Config\Cache), false)
 4 SYSTEMPATH\Boot.php(363): CodeIgniter\CodeIgniter->run()
 5 SYSTEMPATH\Boot.php(68): CodeIgniter\Boot::runCodeIgniter(Object(CodeIgniter\CodeIgniter))
 6 FCPATH\index.php(59): CodeIgniter\Boot::bootWeb(Object(Config\Paths))
WARNING - 2025-11-28 15:57:13 --> [DEPRECATED] Function utf8_decode() is deprecated in APPPATH\Controllers\Productos.php on line 328.
 1 SYSTEMPATH\CodeIgniter.php(933): App\Controllers\Productos->generaMinimos()
 2 SYSTEMPATH\CodeIgniter.php(507): CodeIgniter\CodeIgniter->runController(Object(App\Controllers\Productos))
 3 SYSTEMPATH\CodeIgniter.php(354): CodeIgniter\CodeIgniter->handleRequest(null, Object(Config\Cache), false)
 4 SYSTEMPATH\Boot.php(363): CodeIgniter\CodeIgniter->run()
 5 SYSTEMPATH\Boot.php(68): CodeIgniter\Boot::runCodeIgniter(Object(CodeIgniter\CodeIgniter))
 6 FCPATH\index.php(59): CodeIgniter\Boot::bootWeb(Object(Config\Paths))
WARNING - 2025-11-28 15:57:13 --> [DEPRECATED] Function utf8_decode() is deprecated in APPPATH\Controllers\Productos.php on line 329.
 1 SYSTEMPATH\CodeIgniter.php(933): App\Controllers\Productos->generaMinimos()
 2 SYSTEMPATH\CodeIgniter.php(507): CodeIgniter\CodeIgniter->runController(Object(App\Controllers\Productos))
 3 SYSTEMPATH\CodeIgniter.php(354): CodeIgniter\CodeIgniter->handleRequest(null, Object(Config\Cache), false)
 4 SYSTEMPATH\Boot.php(363): CodeIgniter\CodeIgniter->run()
 5 SYSTEMPATH\Boot.php(68): CodeIgniter\Boot::runCodeIgniter(Object(CodeIgniter\CodeIgniter))
 6 FCPATH\index.php(59): CodeIgniter\Boot::bootWeb(Object(Config\Paths))
WARNING - 2025-11-28 15:57:13 --> [DEPRECATED] Function utf8_decode() is deprecated in APPPATH\Controllers\Productos.php on line 330.
 1 SYSTEMPATH\CodeIgniter.php(933): App\Controllers\Productos->generaMinimos()
 2 SYSTEMPATH\CodeIgniter.php(507): CodeIgniter\CodeIgniter->runController(Object(App\Controllers\Productos))
 3 SYSTEMPATH\CodeIgniter.php(354): CodeIgniter\CodeIgniter->handleRequest(null, Object(Config\Cache), false)
 4 SYSTEMPATH\Boot.php(363): CodeIgniter\CodeIgniter->run()
 5 SYSTEMPATH\Boot.php(68): CodeIgniter\Boot::runCodeIgniter(Object(CodeIgniter\CodeIgniter))
 6 FCPATH\index.php(59): CodeIgniter\Boot::bootWeb(Object(Config\Paths))
DEBUG - 2025-11-28 15:57:16 --> Session: Class initialized using 'CodeIgniter\Session\Handlers\FileHandler' driver.
DEBUG - 2025-11-28 15:59:45 --> Session: Class initialized using 'CodeIgniter\Session\Handlers\FileHandler' driver.
DEBUG - 2025-11-28 16:20:51 --> Session: Class initialized using 'CodeIgniter\Session\Handlers\FileHandler' driver.
DEBUG - 2025-11-28 16:20:53 --> Session: Class initialized using 'CodeIgniter\Session\Handlers\FileHandler' driver.
DEBUG - 2025-11-28 16:21:08 --> Session: Class initialized using 'CodeIgniter\Session\Handlers\FileHandler' driver.
DEBUG - 2025-11-28 16:21:09 --> Session: Class initialized using 'CodeIgniter\Session\Handlers\FileHandler' driver.
WARNING - 2025-11-28 16:21:09 --> [DEPRECATED] Function utf8_decode() is deprecated in APPPATH\Controllers\Ventas.php on line 157.
 1 SYSTEMPATH\CodeIgniter.php(933): App\Controllers\Ventas->generarTicketPdf('11')
 2 SYSTEMPATH\CodeIgniter.php(507): CodeIgniter\CodeIgniter->runController(Object(App\Controllers\Ventas))
 3 SYSTEMPATH\CodeIgniter.php(354): CodeIgniter\CodeIgniter->handleRequest(null, Object(Config\Cache), false)
 4 SYSTEMPATH\Boot.php(363): CodeIgniter\CodeIgniter->run()
 5 SYSTEMPATH\Boot.php(68): CodeIgniter\Boot::runCodeIgniter(Object(CodeIgniter\CodeIgniter))
 6 FCPATH\index.php(59): CodeIgniter\Boot::bootWeb(Object(Config\Paths))
WARNING - 2025-11-28 16:21:09 --> [DEPRECATED] Function utf8_decode() is deprecated in APPPATH\Controllers\Ventas.php on line 162.
 1 SYSTEMPATH\CodeIgniter.php(933): App\Controllers\Ventas->generarTicketPdf('11')
 2 SYSTEMPATH\CodeIgniter.php(507): CodeIgniter\CodeIgniter->runController(Object(App\Controllers\Ventas))
 3 SYSTEMPATH\CodeIgniter.php(354): CodeIgniter\CodeIgniter->handleRequest(null, Object(Config\Cache), false)
 4 SYSTEMPATH\Boot.php(363): CodeIgniter\CodeIgniter->run()
 5 SYSTEMPATH\Boot.php(68): CodeIgniter\Boot::runCodeIgniter(Object(CodeIgniter\CodeIgniter))
 6 FCPATH\index.php(59): CodeIgniter\Boot::bootWeb(Object(Config\Paths))
DEBUG - 2025-11-28 16:21:45 --> Session: Class initialized using 'CodeIgniter\Session\Handlers\FileHandler' driver.
DEBUG - 2025-11-28 16:21:49 --> Session: Class initialized using 'CodeIgniter\Session\Handlers\FileHandler' driver.
DEBUG - 2025-11-28 16:23:56 --> Session: Class initialized using 'CodeIgniter\Session\Handlers\FileHandler' driver.
DEBUG - 2025-11-28 16:24:18 --> Session: Class initialized using 'CodeIgniter\Session\Handlers\FileHandler' driver.
DEBUG - 2025-11-28 16:24:20 --> Session: Class initialized using 'CodeIgniter\Session\Handlers\FileHandler' driver.
DEBUG - 2025-11-28 16:24:22 --> Session: Class initialized using 'CodeIgniter\Session\Handlers\FileHandler' driver.
DEBUG - 2025-11-28 16:28:40 --> Session: Class initialized using 'CodeIgniter\Session\Handlers\FileHandler' driver.
DEBUG - 2025-11-28 16:28:44 --> Session: Class initialized using 'CodeIgniter\Session\Handlers\FileHandler' driver.
DEBUG - 2025-11-28 16:35:12 --> Session: Class initialized using 'CodeIgniter\Session\Handlers\FileHandler' driver.
DEBUG - 2025-11-28 16:36:22 --> Session: Class initialized using 'CodeIgniter\Session\Handlers\FileHandler' driver.
DEBUG - 2025-11-28 16:36:26 --> Session: Class initialized using 'CodeIgniter\Session\Handlers\FileHandler' driver.
DEBUG - 2025-11-28 16:36:34 --> Session: Class initialized using 'CodeIgniter\Session\Handlers\FileHandler' driver.
DEBUG - 2025-11-28 16:40:25 --> Session: Class initialized using 'CodeIgniter\Session\Handlers\FileHandler' driver.
DEBUG - 2025-11-28 16:40:32 --> Session: Class initialized using 'CodeIgniter\Session\Handlers\FileHandler' driver.
DEBUG - 2025-11-28 16:40:40 --> Session: Class initialized using 'CodeIgniter\Session\Handlers\FileHandler' driver.
DEBUG - 2025-11-28 16:42:00 --> Session: Class initialized using 'CodeIgniter\Session\Handlers\FileHandler' driver.
DEBUG - 2025-11-28 16:42:08 --> Session: Class initialized using 'CodeIgniter\Session\Handlers\FileHandler' driver.
DEBUG - 2025-11-28 16:42:10 --> Session: Class initialized using 'CodeIgniter\Session\Handlers\FileHandler' driver.
DEBUG - 2025-11-28 16:42:12 --> Session: Class initialized using 'CodeIgniter\Session\Handlers\FileHandler' driver.
DEBUG - 2025-11-28 16:42:14 --> Session: Class initialized using 'CodeIgniter\Session\Handlers\FileHandler' driver.
DEBUG - 2025-11-28 16:42:16 --> Session: Class initialized using 'CodeIgniter\Session\Handlers\FileHandler' driver.
DEBUG - 2025-11-28 16:42:23 --> Session: Class initialized using 'CodeIgniter\Session\Handlers\FileHandler' driver.
DEBUG - 2025-11-28 16:42:27 --> Session: Class initialized using 'CodeIgniter\Session\Handlers\FileHandler' driver.
DEBUG - 2025-11-28 16:42:58 --> Session: Class initialized using 'CodeIgniter\Session\Handlers\FileHandler' driver.
DEBUG - 2025-11-28 16:42:58 --> Session: Class initialized using 'CodeIgniter\Session\Handlers\FileHandler' driver.
DEBUG - 2025-11-28 16:43:04 --> Session: Class initialized using 'CodeIgniter\Session\Handlers\FileHandler' driver.
DEBUG - 2025-11-28 16:43:10 --> Session: Class initialized using 'CodeIgniter\Session\Handlers\FileHandler' driver.
DEBUG - 2025-11-28 17:09:53 --> Session: Class initialized using 'CodeIgniter\Session\Handlers\FileHandler' driver.
CRITICAL - 2025-11-28 17:10:12 --> Error: Call to a member function save() on null
[Method: POST, Route: usuarios/valida]
in APPPATH\Controllers\Usuarios.php on line 243.
 1 SYSTEMPATH\CodeIgniter.php(933): App\Controllers\Usuarios->valida()
 2 SYSTEMPATH\CodeIgniter.php(507): CodeIgniter\CodeIgniter->runController(Object(App\Controllers\Usuarios))
 3 SYSTEMPATH\CodeIgniter.php(354): CodeIgniter\CodeIgniter->handleRequest(null, Object(Config\Cache), false)
 4 SYSTEMPATH\Boot.php(363): CodeIgniter\CodeIgniter->run()
 5 SYSTEMPATH\Boot.php(68): CodeIgniter\Boot::runCodeIgniter(Object(CodeIgniter\CodeIgniter))
 6 FCPATH\index.php(59): CodeIgniter\Boot::bootWeb(Object(Config\Paths))
CRITICAL - 2025-11-28 17:11:27 --> ErrorException: Cannot use string as default value for property App\Models\LogsModel::$createdField of type bool
[Method: POST, Route: usuarios/valida]
in APPPATH\Models\LogsModel.php on line 19.
 1 [internal function]: CodeIgniter\Debug\Exceptions->shutdownHandler()
DEBUG - 2025-11-28 17:13:26 --> Session: Class initialized using 'CodeIgniter\Session\Handlers\FileHandler' driver.
DEBUG - 2025-11-28 17:13:27 --> Session: Class initialized using 'CodeIgniter\Session\Handlers\FileHandler' driver.
DEBUG - 2025-11-28 17:26:02 --> Session: Class initialized using 'CodeIgniter\Session\Handlers\FileHandler' driver.
DEBUG - 2025-11-28 17:26:02 --> Session: Class initialized using 'CodeIgniter\Session\Handlers\FileHandler' driver.
DEBUG - 2025-11-28 17:32:49 --> Session: Class initialized using 'CodeIgniter\Session\Handlers\FileHandler' driver.
DEBUG - 2025-11-28 17:32:50 --> Session: Class initialized using 'CodeIgniter\Session\Handlers\FileHandler' driver.
DEBUG - 2025-11-28 17:32:53 --> Session: Class initialized using 'CodeIgniter\Session\Handlers\FileHandler' driver.
DEBUG - 2025-11-28 17:32:56 --> Session: Class initialized using 'CodeIgniter\Session\Handlers\FileHandler' driver.
DEBUG - 2025-11-28 19:08:57 --> Session: Class initialized using 'CodeIgniter\Session\Handlers\FileHandler' driver.
DEBUG - 2025-11-28 19:12:56 --> Session: Class initialized using 'CodeIgniter\Session\Handlers\FileHandler' driver.
DEBUG - 2025-11-28 19:13:10 --> Session: Class initialized using 'CodeIgniter\Session\Handlers\FileHandler' driver.
DEBUG - 2025-11-28 19:14:25 --> Session: Class initialized using 'CodeIgniter\Session\Handlers\FileHandler' driver.
DEBUG - 2025-11-28 19:18:38 --> Session: Class initialized using 'CodeIgniter\Session\Handlers\FileHandler' driver.
DEBUG - 2025-11-28 20:30:45 --> Session: Class initialized using 'CodeIgniter\Session\Handlers\FileHandler' driver.
DEBUG - 2025-11-28 20:30:51 --> Session: Class initialized using 'CodeIgniter\Session\Handlers\FileHandler' driver.
DEBUG - 2025-11-28 20:30:54 --> Session: Class initialized using 'CodeIgniter\Session\Handlers\FileHandler' driver.
DEBUG - 2025-11-28 20:30:57 --> Session: Class initialized using 'CodeIgniter\Session\Handlers\FileHandler' driver.
DEBUG - 2025-11-28 20:31:04 --> Session: Class initialized using 'CodeIgniter\Session\Handlers\FileHandler' driver.
DEBUG - 2025-11-28 20:31:06 --> Session: Class initialized using 'CodeIgniter\Session\Handlers\FileHandler' driver.
DEBUG - 2025-11-28 20:33:28 --> Session: Class initialized using 'CodeIgniter\Session\Handlers\FileHandler' driver.
DEBUG - 2025-11-28 20:33:33 --> Session: Class initialized using 'CodeIgniter\Session\Handlers\FileHandler' driver.
DEBUG - 2025-11-28 20:33:36 --> Session: Class initialized using 'CodeIgniter\Session\Handlers\FileHandler' driver.
DEBUG - 2025-11-28 20:33:39 --> Session: Class initialized using 'CodeIgniter\Session\Handlers\FileHandler' driver.
DEBUG - 2025-11-28 20:38:16 --> Session: Class initialized using 'CodeIgniter\Session\Handlers\FileHandler' driver.
DEBUG - 2025-11-28 20:38:19 --> Session: Class initialized using 'CodeIgniter\Session\Handlers\FileHandler' driver.
DEBUG - 2025-11-28 20:45:03 --> Session: Class initialized using 'CodeIgniter\Session\Handlers\FileHandler' driver.
DEBUG - 2025-11-28 20:45:06 --> Session: Class initialized using 'CodeIgniter\Session\Handlers\FileHandler' driver.
DEBUG - 2025-11-28 20:45:09 --> Session: Class initialized using 'CodeIgniter\Session\Handlers\FileHandler' driver.
DEBUG - 2025-11-28 20:45:11 --> Session: Class initialized using 'CodeIgniter\Session\Handlers\FileHandler' driver.
DEBUG - 2025-11-28 20:45:14 --> Session: Class initialized using 'CodeIgniter\Session\Handlers\FileHandler' driver.
DEBUG - 2025-11-28 20:45:16 --> Session: Class initialized using 'CodeIgniter\Session\Handlers\FileHandler' driver.
CRITICAL - 2025-11-28 20:45:16 --> ErrorException: Undefined variable $arqueos
[Method: GET, Route: cajas/nuevo_arqueo]
in APPPATH\Controllers\Cajas.php on line 178.
 1 APPPATH\Controllers\Cajas.php(178): CodeIgniter\Debug\Exceptions->errorHandler(2, 'Undefined variable $arqueos', 'C:\\xampp\\htdocs\\pos\\app\\Controllers\\Cajas.php', 178)
 2 SYSTEMPATH\CodeIgniter.php(933): App\Controllers\Cajas->nuevo_arqueo()
 3 SYSTEMPATH\CodeIgniter.php(507): CodeIgniter\CodeIgniter->runController(Object(App\Controllers\Cajas))
 4 SYSTEMPATH\CodeIgniter.php(354): CodeIgniter\CodeIgniter->handleRequest(null, Object(Config\Cache), false)
 5 SYSTEMPATH\Boot.php(363): CodeIgniter\CodeIgniter->run()
 6 SYSTEMPATH\Boot.php(68): CodeIgniter\Boot::runCodeIgniter(Object(CodeIgniter\CodeIgniter))
 7 FCPATH\index.php(59): CodeIgniter\Boot::bootWeb(Object(Config\Paths))
DEBUG - 2025-11-28 20:45:23 --> Session: Class initialized using 'CodeIgniter\Session\Handlers\FileHandler' driver.
DEBUG - 2025-11-28 21:00:26 --> Session: Class initialized using 'CodeIgniter\Session\Handlers\FileHandler' driver.
CRITICAL - 2025-11-28 21:00:26 --> ErrorException: Undefined property: App\Controllers\Cajas::$session
[Method: GET, Route: cajas/nuevo_arqueo]
in APPPATH\Controllers\Cajas.php on line 178.
 1 APPPATH\Controllers\Cajas.php(178): CodeIgniter\Debug\Exceptions->errorHandler(2, 'Undefined property: App\\Controllers\\Cajas::$session', 'C:\\xampp\\htdocs\\pos\\app\\Controllers\\Cajas.php', 178)
 2 SYSTEMPATH\CodeIgniter.php(933): App\Controllers\Cajas->nuevo_arqueo()
 3 SYSTEMPATH\CodeIgniter.php(507): CodeIgniter\CodeIgniter->runController(Object(App\Controllers\Cajas))
 4 SYSTEMPATH\CodeIgniter.php(354): CodeIgniter\CodeIgniter->handleRequest(null, Object(Config\Cache), false)
 5 SYSTEMPATH\Boot.php(363): CodeIgniter\CodeIgniter->run()
 6 SYSTEMPATH\Boot.php(68): CodeIgniter\Boot::runCodeIgniter(Object(CodeIgniter\CodeIgniter))
 7 FCPATH\index.php(59): CodeIgniter\Boot::bootWeb(Object(Config\Paths))
DEBUG - 2025-11-28 21:01:30 --> Session: Class initialized using 'CodeIgniter\Session\Handlers\FileHandler' driver.
CRITICAL - 2025-11-28 21:01:30 --> CodeIgniter\View\Exceptions\ViewException: Invalid file: "cajas/nuevo_arqueo.php"
[Method: GET, Route: cajas/nuevo_arqueo]
in SYSTEMPATH\Exceptions\FrameworkException.php on line 39.
 1 SYSTEMPATH\View\View.php(214): CodeIgniter\Exceptions\FrameworkException::forInvalidFile('cajas/nuevo_arqueo.php')
 2 SYSTEMPATH\Common.php(1167): CodeIgniter\View\View->render('cajas/nuevo_arqueo', [], true)
 3 APPPATH\Controllers\Cajas.php(181): view('cajas/nuevo_arqueo', [...])
 4 SYSTEMPATH\CodeIgniter.php(933): App\Controllers\Cajas->nuevo_arqueo()
 5 SYSTEMPATH\CodeIgniter.php(507): CodeIgniter\CodeIgniter->runController(Object(App\Controllers\Cajas))
 6 SYSTEMPATH\CodeIgniter.php(354): CodeIgniter\CodeIgniter->handleRequest(null, Object(Config\Cache), false)
 7 SYSTEMPATH\Boot.php(363): CodeIgniter\CodeIgniter->run()
 8 SYSTEMPATH\Boot.php(68): CodeIgniter\Boot::runCodeIgniter(Object(CodeIgniter\CodeIgniter))
 9 FCPATH\index.php(59): CodeIgniter\Boot::bootWeb(Object(Config\Paths))
DEBUG - 2025-11-28 21:01:32 --> Session: Class initialized using 'CodeIgniter\Session\Handlers\FileHandler' driver.
CRITICAL - 2025-11-28 21:01:32 --> CodeIgniter\View\Exceptions\ViewException: Invalid file: "cajas/nuevo_arqueo.php"
[Method: GET, Route: cajas/nuevo_arqueo]
in SYSTEMPATH\Exceptions\FrameworkException.php on line 39.
 1 SYSTEMPATH\View\View.php(214): CodeIgniter\Exceptions\FrameworkException::forInvalidFile('cajas/nuevo_arqueo.php')
 2 SYSTEMPATH\Common.php(1167): CodeIgniter\View\View->render('cajas/nuevo_arqueo', [], true)
 3 APPPATH\Controllers\Cajas.php(181): view('cajas/nuevo_arqueo', [...])
 4 SYSTEMPATH\CodeIgniter.php(933): App\Controllers\Cajas->nuevo_arqueo()
 5 SYSTEMPATH\CodeIgniter.php(507): CodeIgniter\CodeIgniter->runController(Object(App\Controllers\Cajas))
 6 SYSTEMPATH\CodeIgniter.php(354): CodeIgniter\CodeIgniter->handleRequest(null, Object(Config\Cache), false)
 7 SYSTEMPATH\Boot.php(363): CodeIgniter\CodeIgniter->run()
 8 SYSTEMPATH\Boot.php(68): CodeIgniter\Boot::runCodeIgniter(Object(CodeIgniter\CodeIgniter))
 9 FCPATH\index.php(59): CodeIgniter\Boot::bootWeb(Object(Config\Paths))
DEBUG - 2025-11-28 21:15:12 --> Session: Class initialized using 'CodeIgniter\Session\Handlers\FileHandler' driver.
CRITICAL - 2025-11-28 21:15:12 --> ErrorException: Undefined variable $caja
[Method: GET, Route: cajas/nuevo_arqueo]
in APPPATH\Views\cajas\nuevo_arqueo.php on line 29.
 1 APPPATH\Views\cajas\nuevo_arqueo.php(29): CodeIgniter\Debug\Exceptions->errorHandler(2, 'Undefined variable $caja', 'C:\\xampp\\htdocs\\pos\\app\\Views\\cajas\\nuevo_arqueo.php', 29)
 2 SYSTEMPATH\View\View.php(226): include('C:\\xampp\\htdocs\\pos\\app\\Views\\cajas\\nuevo_arqueo.php')
 3 SYSTEMPATH\View\View.php(229): CodeIgniter\View\View->CodeIgniter\View\{closure}()
 4 SYSTEMPATH\Common.php(1167): CodeIgniter\View\View->render('cajas/nuevo_arqueo', [], true)
 5 APPPATH\Controllers\Cajas.php(181): view('cajas/nuevo_arqueo', [...])
 6 SYSTEMPATH\CodeIgniter.php(933): App\Controllers\Cajas->nuevo_arqueo()
 7 SYSTEMPATH\CodeIgniter.php(507): CodeIgniter\CodeIgniter->runController(Object(App\Controllers\Cajas))
 8 SYSTEMPATH\CodeIgniter.php(354): CodeIgniter\CodeIgniter->handleRequest(null, Object(Config\Cache), false)
 9 SYSTEMPATH\Boot.php(363): CodeIgniter\CodeIgniter->run()
10 SYSTEMPATH\Boot.php(68): CodeIgniter\Boot::runCodeIgniter(Object(CodeIgniter\CodeIgniter))
11 FCPATH\index.php(59): CodeIgniter\Boot::bootWeb(Object(Config\Paths))
DEBUG - 2025-11-28 21:16:03 --> Session: Class initialized using 'CodeIgniter\Session\Handlers\FileHandler' driver.
DEBUG - 2025-11-28 21:29:34 --> Session: Class initialized using 'CodeIgniter\Session\Handlers\FileHandler' driver.
DEBUG - 2025-11-28 21:29:47 --> Session: Class initialized using 'CodeIgniter\Session\Handlers\FileHandler' driver.
DEBUG - 2025-11-28 21:55:43 --> Session: Class initialized using 'CodeIgniter\Session\Handlers\FileHandler' driver.
DEBUG - 2025-11-28 21:56:30 --> Session: Class initialized using 'CodeIgniter\Session\Handlers\FileHandler' driver.
DEBUG - 2025-11-28 22:05:07 --> Session: Class initialized using 'CodeIgniter\Session\Handlers\FileHandler' driver.
DEBUG - 2025-11-28 22:08:46 --> Session: Class initialized using 'CodeIgniter\Session\Handlers\FileHandler' driver.
DEBUG - 2025-11-28 22:09:25 --> Session: Class initialized using 'CodeIgniter\Session\Handlers\FileHandler' driver.
DEBUG - 2025-11-28 22:10:08 --> Session: Class initialized using 'CodeIgniter\Session\Handlers\FileHandler' driver.
DEBUG - 2025-11-28 22:10:15 --> Session: Class initialized using 'CodeIgniter\Session\Handlers\FileHandler' driver.
DEBUG - 2025-11-28 22:10:17 --> Session: Class initialized using 'CodeIgniter\Session\Handlers\FileHandler' driver.
DEBUG - 2025-11-28 22:10:19 --> Session: Class initialized using 'CodeIgniter\Session\Handlers\FileHandler' driver.
DEBUG - 2025-11-28 22:11:27 --> Session: Class initialized using 'CodeIgniter\Session\Handlers\FileHandler' driver.
DEBUG - 2025-11-28 22:11:31 --> Session: Class initialized using 'CodeIgniter\Session\Handlers\FileHandler' driver.
DEBUG - 2025-11-28 22:11:34 --> Session: Class initialized using 'CodeIgniter\Session\Handlers\FileHandler' driver.
DEBUG - 2025-11-28 22:11:37 --> Session: Class initialized using 'CodeIgniter\Session\Handlers\FileHandler' driver.
DEBUG - 2025-11-28 22:11:41 --> Session: Class initialized using 'CodeIgniter\Session\Handlers\FileHandler' driver.
DEBUG - 2025-11-28 22:11:46 --> Session: Class initialized using 'CodeIgniter\Session\Handlers\FileHandler' driver.
DEBUG - 2025-11-28 22:11:47 --> Session: Class initialized using 'CodeIgniter\Session\Handlers\FileHandler' driver.
DEBUG - 2025-11-28 22:11:52 --> Session: Class initialized using 'CodeIgniter\Session\Handlers\FileHandler' driver.
DEBUG - 2025-11-28 22:11:55 --> Session: Class initialized using 'CodeIgniter\Session\Handlers\FileHandler' driver.
DEBUG - 2025-11-28 22:12:03 --> Session: Class initialized using 'CodeIgniter\Session\Handlers\FileHandler' driver.
DEBUG - 2025-11-28 22:12:05 --> Session: Class initialized using 'CodeIgniter\Session\Handlers\FileHandler' driver.
DEBUG - 2025-11-28 22:12:10 --> Session: Class initialized using 'CodeIgniter\Session\Handlers\FileHandler' driver.
DEBUG - 2025-11-28 22:12:12 --> Session: Class initialized using 'CodeIgniter\Session\Handlers\FileHandler' driver.
DEBUG - 2025-11-28 22:12:15 --> Session: Class initialized using 'CodeIgniter\Session\Handlers\FileHandler' driver.
DEBUG - 2025-11-28 22:12:20 --> Session: Class initialized using 'CodeIgniter\Session\Handlers\FileHandler' driver.
DEBUG - 2025-11-28 22:12:23 --> Session: Class initialized using 'CodeIgniter\Session\Handlers\FileHandler' driver.
DEBUG - 2025-11-28 22:12:26 --> Session: Class initialized using 'CodeIgniter\Session\Handlers\FileHandler' driver.
DEBUG - 2025-11-28 22:12:28 --> Session: Class initialized using 'CodeIgniter\Session\Handlers\FileHandler' driver.
DEBUG - 2025-11-28 22:12:31 --> Session: Class initialized using 'CodeIgniter\Session\Handlers\FileHandler' driver.
DEBUG - 2025-11-28 22:13:21 --> Session: Class initialized using 'CodeIgniter\Session\Handlers\FileHandler' driver.
DEBUG - 2025-11-28 22:13:22 --> Session: Class initialized using 'CodeIgniter\Session\Handlers\FileHandler' driver.
DEBUG - 2025-11-28 22:13:24 --> Session: Class initialized using 'CodeIgniter\Session\Handlers\FileHandler' driver.
DEBUG - 2025-11-28 22:13:25 --> Session: Class initialized using 'CodeIgniter\Session\Handlers\FileHandler' driver.
DEBUG - 2025-11-28 22:13:26 --> Session: Class initialized using 'CodeIgniter\Session\Handlers\FileHandler' driver.
DEBUG - 2025-11-28 22:13:28 --> Session: Class initialized using 'CodeIgniter\Session\Handlers\FileHandler' driver.
DEBUG - 2025-11-28 22:13:29 --> Session: Class initialized using 'CodeIgniter\Session\Handlers\FileHandler' driver.
DEBUG - 2025-11-28 22:13:30 --> Session: Class initialized using 'CodeIgniter\Session\Handlers\FileHandler' driver.
DEBUG - 2025-11-28 22:13:31 --> Session: Class initialized using 'CodeIgniter\Session\Handlers\FileHandler' driver.
DEBUG - 2025-11-28 22:13:34 --> Session: Class initialized using 'CodeIgniter\Session\Handlers\FileHandler' driver.
DEBUG - 2025-11-28 22:13:38 --> Session: Class initialized using 'CodeIgniter\Session\Handlers\FileHandler' driver.
DEBUG - 2025-11-28 22:13:39 --> Session: Class initialized using 'CodeIgniter\Session\Handlers\FileHandler' driver.
DEBUG - 2025-11-28 22:15:23 --> Session: Class initialized using 'CodeIgniter\Session\Handlers\FileHandler' driver.
DEBUG - 2025-11-28 22:16:00 --> Session: Class initialized using 'CodeIgniter\Session\Handlers\FileHandler' driver.
DEBUG - 2025-11-28 22:16:03 --> Session: Class initialized using 'CodeIgniter\Session\Handlers\FileHandler' driver.
DEBUG - 2025-11-28 22:16:07 --> Session: Class initialized using 'CodeIgniter\Session\Handlers\FileHandler' driver.
DEBUG - 2025-11-28 22:16:09 --> Session: Class initialized using 'CodeIgniter\Session\Handlers\FileHandler' driver.
DEBUG - 2025-11-28 22:16:11 --> Session: Class initialized using 'CodeIgniter\Session\Handlers\FileHandler' driver.
DEBUG - 2025-11-28 22:19:38 --> Session: Class initialized using 'CodeIgniter\Session\Handlers\FileHandler' driver.
DEBUG - 2025-11-28 22:19:51 --> Session: Class initialized using 'CodeIgniter\Session\Handlers\FileHandler' driver.
DEBUG - 2025-11-28 22:19:53 --> Session: Class initialized using 'CodeIgniter\Session\Handlers\FileHandler' driver.
DEBUG - 2025-11-28 22:19:58 --> Session: Class initialized using 'CodeIgniter\Session\Handlers\FileHandler' driver.
DEBUG - 2025-11-28 22:20:02 --> Session: Class initialized using 'CodeIgniter\Session\Handlers\FileHandler' driver.
WARNING - 2025-11-28 22:20:02 --> [DEPRECATED] Function utf8_decode() is deprecated in APPPATH\Controllers\Productos.php on line 320.
 1 SYSTEMPATH\CodeIgniter.php(933): App\Controllers\Productos->generaMinimos()
 2 SYSTEMPATH\CodeIgniter.php(507): CodeIgniter\CodeIgniter->runController(Object(App\Controllers\Productos))
 3 SYSTEMPATH\CodeIgniter.php(354): CodeIgniter\CodeIgniter->handleRequest(null, Object(Config\Cache), false)
 4 SYSTEMPATH\Boot.php(363): CodeIgniter\CodeIgniter->run()
 5 SYSTEMPATH\Boot.php(68): CodeIgniter\Boot::runCodeIgniter(Object(CodeIgniter\CodeIgniter))
 6 FCPATH\index.php(59): CodeIgniter\Boot::bootWeb(Object(Config\Paths))
WARNING - 2025-11-28 22:20:03 --> [DEPRECATED] Function utf8_decode() is deprecated in APPPATH\Controllers\Productos.php on line 324.
 1 SYSTEMPATH\CodeIgniter.php(933): App\Controllers\Productos->generaMinimos()
 2 SYSTEMPATH\CodeIgniter.php(507): CodeIgniter\CodeIgniter->runController(Object(App\Controllers\Productos))
 3 SYSTEMPATH\CodeIgniter.php(354): CodeIgniter\CodeIgniter->handleRequest(null, Object(Config\Cache), false)
 4 SYSTEMPATH\Boot.php(363): CodeIgniter\CodeIgniter->run()
 5 SYSTEMPATH\Boot.php(68): CodeIgniter\Boot::runCodeIgniter(Object(CodeIgniter\CodeIgniter))
 6 FCPATH\index.php(59): CodeIgniter\Boot::bootWeb(Object(Config\Paths))
WARNING - 2025-11-28 22:20:03 --> [DEPRECATED] Function utf8_decode() is deprecated in APPPATH\Controllers\Productos.php on line 327.
 1 SYSTEMPATH\CodeIgniter.php(933): App\Controllers\Productos->generaMinimos()
 2 SYSTEMPATH\CodeIgniter.php(507): CodeIgniter\CodeIgniter->runController(Object(App\Controllers\Productos))
 3 SYSTEMPATH\CodeIgniter.php(354): CodeIgniter\CodeIgniter->handleRequest(null, Object(Config\Cache), false)
 4 SYSTEMPATH\Boot.php(363): CodeIgniter\CodeIgniter->run()
 5 SYSTEMPATH\Boot.php(68): CodeIgniter\Boot::runCodeIgniter(Object(CodeIgniter\CodeIgniter))
 6 FCPATH\index.php(59): CodeIgniter\Boot::bootWeb(Object(Config\Paths))
WARNING - 2025-11-28 22:20:03 --> [DEPRECATED] Function utf8_decode() is deprecated in APPPATH\Controllers\Productos.php on line 328.
 1 SYSTEMPATH\CodeIgniter.php(933): App\Controllers\Productos->generaMinimos()
 2 SYSTEMPATH\CodeIgniter.php(507): CodeIgniter\CodeIgniter->runController(Object(App\Controllers\Productos))
 3 SYSTEMPATH\CodeIgniter.php(354): CodeIgniter\CodeIgniter->handleRequest(null, Object(Config\Cache), false)
 4 SYSTEMPATH\Boot.php(363): CodeIgniter\CodeIgniter->run()
 5 SYSTEMPATH\Boot.php(68): CodeIgniter\Boot::runCodeIgniter(Object(CodeIgniter\CodeIgniter))
 6 FCPATH\index.php(59): CodeIgniter\Boot::bootWeb(Object(Config\Paths))
WARNING - 2025-11-28 22:20:03 --> [DEPRECATED] Function utf8_decode() is deprecated in APPPATH\Controllers\Productos.php on line 329.
 1 SYSTEMPATH\CodeIgniter.php(933): App\Controllers\Productos->generaMinimos()
 2 SYSTEMPATH\CodeIgniter.php(507): CodeIgniter\CodeIgniter->runController(Object(App\Controllers\Productos))
 3 SYSTEMPATH\CodeIgniter.php(354): CodeIgniter\CodeIgniter->handleRequest(null, Object(Config\Cache), false)
 4 SYSTEMPATH\Boot.php(363): CodeIgniter\CodeIgniter->run()
 5 SYSTEMPATH\Boot.php(68): CodeIgniter\Boot::runCodeIgniter(Object(CodeIgniter\CodeIgniter))
 6 FCPATH\index.php(59): CodeIgniter\Boot::bootWeb(Object(Config\Paths))
WARNING - 2025-11-28 22:20:03 --> [DEPRECATED] Function utf8_decode() is deprecated in APPPATH\Controllers\Productos.php on line 330.
 1 SYSTEMPATH\CodeIgniter.php(933): App\Controllers\Productos->generaMinimos()
 2 SYSTEMPATH\CodeIgniter.php(507): CodeIgniter\CodeIgniter->runController(Object(App\Controllers\Productos))
 3 SYSTEMPATH\CodeIgniter.php(354): CodeIgniter\CodeIgniter->handleRequest(null, Object(Config\Cache), false)
 4 SYSTEMPATH\Boot.php(363): CodeIgniter\CodeIgniter->run()
 5 SYSTEMPATH\Boot.php(68): CodeIgniter\Boot::runCodeIgniter(Object(CodeIgniter\CodeIgniter))
 6 FCPATH\index.php(59): CodeIgniter\Boot::bootWeb(Object(Config\Paths))
DEBUG - 2025-11-28 22:20:07 --> Session: Class initialized using 'CodeIgniter\Session\Handlers\FileHandler' driver.
DEBUG - 2025-11-28 22:20:09 --> Session: Class initialized using 'CodeIgniter\Session\Handlers\FileHandler' driver.
DEBUG - 2025-11-28 22:25:05 --> Session: Class initialized using 'CodeIgniter\Session\Handlers\FileHandler' driver.
DEBUG - 2025-11-28 22:25:11 --> Session: Class initialized using 'CodeIgniter\Session\Handlers\FileHandler' driver.
DEBUG - 2025-11-28 22:30:02 --> Session: Class initialized using 'CodeIgniter\Session\Handlers\FileHandler' driver.
DEBUG - 2025-11-28 22:32:33 --> Session: Class initialized using 'CodeIgniter\Session\Handlers\FileHandler' driver.
DEBUG - 2025-11-28 22:32:46 --> Session: Class initialized using 'CodeIgniter\Session\Handlers\FileHandler' driver.
DEBUG - 2025-11-28 22:36:58 --> Session: Class initialized using 'CodeIgniter\Session\Handlers\FileHandler' driver.
DEBUG - 2025-11-28 22:36:58 --> Session: Class initialized using 'CodeIgniter\Session\Handlers\FileHandler' driver.
DEBUG - 2025-11-28 22:37:31 --> Session: Class initialized using 'CodeIgniter\Session\Handlers\FileHandler' driver.
DEBUG - 2025-11-28 22:38:07 --> Session: Class initialized using 'CodeIgniter\Session\Handlers\FileHandler' driver.
WARNING - 2025-11-28 21:45:16 --> [DEPRECATED] Function utf8_encode() is deprecated in APPPATH\Libraries\cfdi_sat\satxmlsv33.php on line 242.
 1 APPPATH\Libraries\cfdi_sat\satxmlsv33.php(57): GeneraXML->satxmlsv33_cargaAtt(Object(DOMElement), [...])
 2 APPPATH\Libraries\cfdi_sat\satxmlsv33.php(39): GeneraXML->satxmlsv33_generales([...], '', 'C:\\xampp\\htdocs\\pos\\app\\Libraries/cfdi_sat/', '')
 3 APPPATH\Libraries\cfdi_sat\satxmlsv33.php(27): GeneraXML->satxmlsv33_genera_xml([...], '', 'C:\\xampp\\htdocs\\pos\\app\\Libraries/cfdi_sat/', '')
 4 APPPATH\Controllers\Factura.php(64): GeneraXML->satxmlsv33([...], '', 'C:\\xampp\\htdocs\\pos\\app\\Libraries/cfdi_sat/', '')
 5 SYSTEMPATH\CodeIgniter.php(933): App\Controllers\Factura->facturar('11')
 6 SYSTEMPATH\CodeIgniter.php(507): CodeIgniter\CodeIgniter->runController(Object(App\Controllers\Factura))
 7 SYSTEMPATH\CodeIgniter.php(354): CodeIgniter\CodeIgniter->handleRequest(null, Object(Config\Cache), false)
 8 SYSTEMPATH\Boot.php(363): CodeIgniter\CodeIgniter->run()
 9 SYSTEMPATH\Boot.php(68): CodeIgniter\Boot::runCodeIgniter(Object(CodeIgniter\CodeIgniter))
10 FCPATH\index.php(59): CodeIgniter\Boot::bootWeb(Object(Config\Paths))
WARNING - 2025-11-28 21:45:16 --> [DEPRECATED] Function utf8_encode() is deprecated in APPPATH\Libraries\cfdi_sat\satxmlsv33.php on line 242.
 1 APPPATH\Libraries\cfdi_sat\satxmlsv33.php(57): GeneraXML->satxmlsv33_cargaAtt(Object(DOMElement), [...])
 2 APPPATH\Libraries\cfdi_sat\satxmlsv33.php(39): GeneraXML->satxmlsv33_generales([...], '', 'C:\\xampp\\htdocs\\pos\\app\\Libraries/cfdi_sat/', '')
 3 APPPATH\Libraries\cfdi_sat\satxmlsv33.php(27): GeneraXML->satxmlsv33_genera_xml([...], '', 'C:\\xampp\\htdocs\\pos\\app\\Libraries/cfdi_sat/', '')
 4 APPPATH\Controllers\Factura.php(64): GeneraXML->satxmlsv33([...], '', 'C:\\xampp\\htdocs\\pos\\app\\Libraries/cfdi_sat/', '')
 5 SYSTEMPATH\CodeIgniter.php(933): App\Controllers\Factura->facturar('11')
 6 SYSTEMPATH\CodeIgniter.php(507): CodeIgniter\CodeIgniter->runController(Object(App\Controllers\Factura))
 7 SYSTEMPATH\CodeIgniter.php(354): CodeIgniter\CodeIgniter->handleRequest(null, Object(Config\Cache), false)
 8 SYSTEMPATH\Boot.php(363): CodeIgniter\CodeIgniter->run()
 9 SYSTEMPATH\Boot.php(68): CodeIgniter\Boot::runCodeIgniter(Object(CodeIgniter\CodeIgniter))
10 FCPATH\index.php(59): CodeIgniter\Boot::bootWeb(Object(Config\Paths))
WARNING - 2025-11-28 21:45:16 --> [DEPRECATED] Function utf8_encode() is deprecated in APPPATH\Libraries\cfdi_sat\satxmlsv33.php on line 242.
 1 APPPATH\Libraries\cfdi_sat\satxmlsv33.php(57): GeneraXML->satxmlsv33_cargaAtt(Object(DOMElement), [...])
 2 APPPATH\Libraries\cfdi_sat\satxmlsv33.php(39): GeneraXML->satxmlsv33_generales([...], '', 'C:\\xampp\\htdocs\\pos\\app\\Libraries/cfdi_sat/', '')
 3 APPPATH\Libraries\cfdi_sat\satxmlsv33.php(27): GeneraXML->satxmlsv33_genera_xml([...], '', 'C:\\xampp\\htdocs\\pos\\app\\Libraries/cfdi_sat/', '')
 4 APPPATH\Controllers\Factura.php(64): GeneraXML->satxmlsv33([...], '', 'C:\\xampp\\htdocs\\pos\\app\\Libraries/cfdi_sat/', '')
 5 SYSTEMPATH\CodeIgniter.php(933): App\Controllers\Factura->facturar('11')
 6 SYSTEMPATH\CodeIgniter.php(507): CodeIgniter\CodeIgniter->runController(Object(App\Controllers\Factura))
 7 SYSTEMPATH\CodeIgniter.php(354): CodeIgniter\CodeIgniter->handleRequest(null, Object(Config\Cache), false)
 8 SYSTEMPATH\Boot.php(363): CodeIgniter\CodeIgniter->run()
 9 SYSTEMPATH\Boot.php(68): CodeIgniter\Boot::runCodeIgniter(Object(CodeIgniter\CodeIgniter))
10 FCPATH\index.php(59): CodeIgniter\Boot::bootWeb(Object(Config\Paths))
WARNING - 2025-11-28 21:45:16 --> [DEPRECATED] substr(): Passing null to parameter #1 ($string) of type string is deprecated in APPPATH\Libraries\cfdi_sat\satxmlsv33.php on line 250.
 1 APPPATH\Libraries\cfdi_sat\satxmlsv33.php(250): substr(null, 0, 4)
 2 APPPATH\Libraries\cfdi_sat\satxmlsv33.php(82): GeneraXML->satxmlsv33_xml_fech(null)
 3 APPPATH\Libraries\cfdi_sat\satxmlsv33.php(39): GeneraXML->satxmlsv33_generales([...], '', 'C:\\xampp\\htdocs\\pos\\app\\Libraries/cfdi_sat/', '')
 4 APPPATH\Libraries\cfdi_sat\satxmlsv33.php(27): GeneraXML->satxmlsv33_genera_xml([...], '', 'C:\\xampp\\htdocs\\pos\\app\\Libraries/cfdi_sat/', '')
 5 APPPATH\Controllers\Factura.php(64): GeneraXML->satxmlsv33([...], '', 'C:\\xampp\\htdocs\\pos\\app\\Libraries/cfdi_sat/', '')
 6 SYSTEMPATH\CodeIgniter.php(933): App\Controllers\Factura->facturar('11')
 7 SYSTEMPATH\CodeIgniter.php(507): CodeIgniter\CodeIgniter->runController(Object(App\Controllers\Factura))
 8 SYSTEMPATH\CodeIgniter.php(354): CodeIgniter\CodeIgniter->handleRequest(null, Object(Config\Cache), false)
 9 SYSTEMPATH\Boot.php(363): CodeIgniter\CodeIgniter->run()
10 SYSTEMPATH\Boot.php(68): CodeIgniter\Boot::runCodeIgniter(Object(CodeIgniter\CodeIgniter))
11 FCPATH\index.php(59): CodeIgniter\Boot::bootWeb(Object(Config\Paths))
WARNING - 2025-11-28 21:45:16 --> [DEPRECATED] substr(): Passing null to parameter #1 ($string) of type string is deprecated in APPPATH\Libraries\cfdi_sat\satxmlsv33.php on line 251.
 1 APPPATH\Libraries\cfdi_sat\satxmlsv33.php(251): substr(null, 4, 2)
 2 APPPATH\Libraries\cfdi_sat\satxmlsv33.php(82): GeneraXML->satxmlsv33_xml_fech(null)
 3 APPPATH\Libraries\cfdi_sat\satxmlsv33.php(39): GeneraXML->satxmlsv33_generales([...], '', 'C:\\xampp\\htdocs\\pos\\app\\Libraries/cfdi_sat/', '')
 4 APPPATH\Libraries\cfdi_sat\satxmlsv33.php(27): GeneraXML->satxmlsv33_genera_xml([...], '', 'C:\\xampp\\htdocs\\pos\\app\\Libraries/cfdi_sat/', '')
 5 APPPATH\Controllers\Factura.php(64): GeneraXML->satxmlsv33([...], '', 'C:\\xampp\\htdocs\\pos\\app\\Libraries/cfdi_sat/', '')
 6 SYSTEMPATH\CodeIgniter.php(933): App\Controllers\Factura->facturar('11')
 7 SYSTEMPATH\CodeIgniter.php(507): CodeIgniter\CodeIgniter->runController(Object(App\Controllers\Factura))
 8 SYSTEMPATH\CodeIgniter.php(354): CodeIgniter\CodeIgniter->handleRequest(null, Object(Config\Cache), false)
 9 SYSTEMPATH\Boot.php(363): CodeIgniter\CodeIgniter->run()
10 SYSTEMPATH\Boot.php(68): CodeIgniter\Boot::runCodeIgniter(Object(CodeIgniter\CodeIgniter))
11 FCPATH\index.php(59): CodeIgniter\Boot::bootWeb(Object(Config\Paths))
WARNING - 2025-11-28 21:45:16 --> [DEPRECATED] substr(): Passing null to parameter #1 ($string) of type string is deprecated in APPPATH\Libraries\cfdi_sat\satxmlsv33.php on line 252.
 1 APPPATH\Libraries\cfdi_sat\satxmlsv33.php(252): substr(null, 6, 2)
 2 APPPATH\Libraries\cfdi_sat\satxmlsv33.php(82): GeneraXML->satxmlsv33_xml_fech(null)
 3 APPPATH\Libraries\cfdi_sat\satxmlsv33.php(39): GeneraXML->satxmlsv33_generales([...], '', 'C:\\xampp\\htdocs\\pos\\app\\Libraries/cfdi_sat/', '')
 4 APPPATH\Libraries\cfdi_sat\satxmlsv33.php(27): GeneraXML->satxmlsv33_genera_xml([...], '', 'C:\\xampp\\htdocs\\pos\\app\\Libraries/cfdi_sat/', '')
 5 APPPATH\Controllers\Factura.php(64): GeneraXML->satxmlsv33([...], '', 'C:\\xampp\\htdocs\\pos\\app\\Libraries/cfdi_sat/', '')
 6 SYSTEMPATH\CodeIgniter.php(933): App\Controllers\Factura->facturar('11')
 7 SYSTEMPATH\CodeIgniter.php(507): CodeIgniter\CodeIgniter->runController(Object(App\Controllers\Factura))
 8 SYSTEMPATH\CodeIgniter.php(354): CodeIgniter\CodeIgniter->handleRequest(null, Object(Config\Cache), false)
 9 SYSTEMPATH\Boot.php(363): CodeIgniter\CodeIgniter->run()
10 SYSTEMPATH\Boot.php(68): CodeIgniter\Boot::runCodeIgniter(Object(CodeIgniter\CodeIgniter))
11 FCPATH\index.php(59): CodeIgniter\Boot::bootWeb(Object(Config\Paths))
WARNING - 2025-11-28 21:45:16 --> [DEPRECATED] substr(): Passing null to parameter #1 ($string) of type string is deprecated in APPPATH\Libraries\cfdi_sat\satxmlsv33.php on line 253.
 1 APPPATH\Libraries\cfdi_sat\satxmlsv33.php(253): substr(null, 8, 2)
 2 APPPATH\Libraries\cfdi_sat\satxmlsv33.php(82): GeneraXML->satxmlsv33_xml_fech(null)
 3 APPPATH\Libraries\cfdi_sat\satxmlsv33.php(39): GeneraXML->satxmlsv33_generales([...], '', 'C:\\xampp\\htdocs\\pos\\app\\Libraries/cfdi_sat/', '')
 4 APPPATH\Libraries\cfdi_sat\satxmlsv33.php(27): GeneraXML->satxmlsv33_genera_xml([...], '', 'C:\\xampp\\htdocs\\pos\\app\\Libraries/cfdi_sat/', '')
 5 APPPATH\Controllers\Factura.php(64): GeneraXML->satxmlsv33([...], '', 'C:\\xampp\\htdocs\\pos\\app\\Libraries/cfdi_sat/', '')
 6 SYSTEMPATH\CodeIgniter.php(933): App\Controllers\Factura->facturar('11')
 7 SYSTEMPATH\CodeIgniter.php(507): CodeIgniter\CodeIgniter->runController(Object(App\Controllers\Factura))
 8 SYSTEMPATH\CodeIgniter.php(354): CodeIgniter\CodeIgniter->handleRequest(null, Object(Config\Cache), false)
 9 SYSTEMPATH\Boot.php(363): CodeIgniter\CodeIgniter->run()
10 SYSTEMPATH\Boot.php(68): CodeIgniter\Boot::runCodeIgniter(Object(CodeIgniter\CodeIgniter))
11 FCPATH\index.php(59): CodeIgniter\Boot::bootWeb(Object(Config\Paths))
WARNING - 2025-11-28 21:45:16 --> [DEPRECATED] substr(): Passing null to parameter #1 ($string) of type string is deprecated in APPPATH\Libraries\cfdi_sat\satxmlsv33.php on line 254.
 1 APPPATH\Libraries\cfdi_sat\satxmlsv33.php(254): substr(null, 10, 2)
 2 APPPATH\Libraries\cfdi_sat\satxmlsv33.php(82): GeneraXML->satxmlsv33_xml_fech(null)
 3 APPPATH\Libraries\cfdi_sat\satxmlsv33.php(39): GeneraXML->satxmlsv33_generales([...], '', 'C:\\xampp\\htdocs\\pos\\app\\Libraries/cfdi_sat/', '')
 4 APPPATH\Libraries\cfdi_sat\satxmlsv33.php(27): GeneraXML->satxmlsv33_genera_xml([...], '', 'C:\\xampp\\htdocs\\pos\\app\\Libraries/cfdi_sat/', '')
 5 APPPATH\Controllers\Factura.php(64): GeneraXML->satxmlsv33([...], '', 'C:\\xampp\\htdocs\\pos\\app\\Libraries/cfdi_sat/', '')
 6 SYSTEMPATH\CodeIgniter.php(933): App\Controllers\Factura->facturar('11')
 7 SYSTEMPATH\CodeIgniter.php(507): CodeIgniter\CodeIgniter->runController(Object(App\Controllers\Factura))
 8 SYSTEMPATH\CodeIgniter.php(354): CodeIgniter\CodeIgniter->handleRequest(null, Object(Config\Cache), false)
 9 SYSTEMPATH\Boot.php(363): CodeIgniter\CodeIgniter->run()
10 SYSTEMPATH\Boot.php(68): CodeIgniter\Boot::runCodeIgniter(Object(CodeIgniter\CodeIgniter))
11 FCPATH\index.php(59): CodeIgniter\Boot::bootWeb(Object(Config\Paths))
WARNING - 2025-11-28 21:45:16 --> [DEPRECATED] substr(): Passing null to parameter #1 ($string) of type string is deprecated in APPPATH\Libraries\cfdi_sat\satxmlsv33.php on line 255.
 1 APPPATH\Libraries\cfdi_sat\satxmlsv33.php(255): substr(null, 12, 2)
 2 APPPATH\Libraries\cfdi_sat\satxmlsv33.php(82): GeneraXML->satxmlsv33_xml_fech(null)
 3 APPPATH\Libraries\cfdi_sat\satxmlsv33.php(39): GeneraXML->satxmlsv33_generales([...], '', 'C:\\xampp\\htdocs\\pos\\app\\Libraries/cfdi_sat/', '')
 4 APPPATH\Libraries\cfdi_sat\satxmlsv33.php(27): GeneraXML->satxmlsv33_genera_xml([...], '', 'C:\\xampp\\htdocs\\pos\\app\\Libraries/cfdi_sat/', '')
 5 APPPATH\Controllers\Factura.php(64): GeneraXML->satxmlsv33([...], '', 'C:\\xampp\\htdocs\\pos\\app\\Libraries/cfdi_sat/', '')
 6 SYSTEMPATH\CodeIgniter.php(933): App\Controllers\Factura->facturar('11')
 7 SYSTEMPATH\CodeIgniter.php(507): CodeIgniter\CodeIgniter->runController(Object(App\Controllers\Factura))
 8 SYSTEMPATH\CodeIgniter.php(354): CodeIgniter\CodeIgniter->handleRequest(null, Object(Config\Cache), false)
 9 SYSTEMPATH\Boot.php(363): CodeIgniter\CodeIgniter->run()
10 SYSTEMPATH\Boot.php(68): CodeIgniter\Boot::runCodeIgniter(Object(CodeIgniter\CodeIgniter))
11 FCPATH\index.php(59): CodeIgniter\Boot::bootWeb(Object(Config\Paths))
WARNING - 2025-11-28 21:45:16 --> [DEPRECATED] Function utf8_encode() is deprecated in APPPATH\Libraries\cfdi_sat\satxmlsv33.php on line 242.
 1 APPPATH\Libraries\cfdi_sat\satxmlsv33.php(64): GeneraXML->satxmlsv33_cargaAtt(Object(DOMElement), [...])
 2 APPPATH\Libraries\cfdi_sat\satxmlsv33.php(39): GeneraXML->satxmlsv33_generales([...], '', 'C:\\xampp\\htdocs\\pos\\app\\Libraries/cfdi_sat/', '')
 3 APPPATH\Libraries\cfdi_sat\satxmlsv33.php(27): GeneraXML->satxmlsv33_genera_xml([...], '', 'C:\\xampp\\htdocs\\pos\\app\\Libraries/cfdi_sat/', '')
 4 APPPATH\Controllers\Factura.php(64): GeneraXML->satxmlsv33([...], '', 'C:\\xampp\\htdocs\\pos\\app\\Libraries/cfdi_sat/', '')
 5 SYSTEMPATH\CodeIgniter.php(933): App\Controllers\Factura->facturar('11')
 6 SYSTEMPATH\CodeIgniter.php(507): CodeIgniter\CodeIgniter->runController(Object(App\Controllers\Factura))
 7 SYSTEMPATH\CodeIgniter.php(354): CodeIgniter\CodeIgniter->handleRequest(null, Object(Config\Cache), false)
 8 SYSTEMPATH\Boot.php(363): CodeIgniter\CodeIgniter->run()
 9 SYSTEMPATH\Boot.php(68): CodeIgniter\Boot::runCodeIgniter(Object(CodeIgniter\CodeIgniter))
10 FCPATH\index.php(59): CodeIgniter\Boot::bootWeb(Object(Config\Paths))
WARNING - 2025-11-28 21:45:16 --> [DEPRECATED] Function utf8_encode() is deprecated in APPPATH\Libraries\cfdi_sat\satxmlsv33.php on line 242.
 1 APPPATH\Libraries\cfdi_sat\satxmlsv33.php(64): GeneraXML->satxmlsv33_cargaAtt(Object(DOMElement), [...])
 2 APPPATH\Libraries\cfdi_sat\satxmlsv33.php(39): GeneraXML->satxmlsv33_generales([...], '', 'C:\\xampp\\htdocs\\pos\\app\\Libraries/cfdi_sat/', '')
 3 APPPATH\Libraries\cfdi_sat\satxmlsv33.php(27): GeneraXML->satxmlsv33_genera_xml([...], '', 'C:\\xampp\\htdocs\\pos\\app\\Libraries/cfdi_sat/', '')
 4 APPPATH\Controllers\Factura.php(64): GeneraXML->satxmlsv33([...], '', 'C:\\xampp\\htdocs\\pos\\app\\Libraries/cfdi_sat/', '')
 5 SYSTEMPATH\CodeIgniter.php(933): App\Controllers\Factura->facturar('11')
 6 SYSTEMPATH\CodeIgniter.php(507): CodeIgniter\CodeIgniter->runController(Object(App\Controllers\Factura))
 7 SYSTEMPATH\CodeIgniter.php(354): CodeIgniter\CodeIgniter->handleRequest(null, Object(Config\Cache), false)
 8 SYSTEMPATH\Boot.php(363): CodeIgniter\CodeIgniter->run()
 9 SYSTEMPATH\Boot.php(68): CodeIgniter\Boot::runCodeIgniter(Object(CodeIgniter\CodeIgniter))
10 FCPATH\index.php(59): CodeIgniter\Boot::bootWeb(Object(Config\Paths))
WARNING - 2025-11-28 21:45:16 --> [DEPRECATED] Function utf8_encode() is deprecated in APPPATH\Libraries\cfdi_sat\satxmlsv33.php on line 242.
 1 APPPATH\Libraries\cfdi_sat\satxmlsv33.php(64): GeneraXML->satxmlsv33_cargaAtt(Object(DOMElement), [...])
 2 APPPATH\Libraries\cfdi_sat\satxmlsv33.php(39): GeneraXML->satxmlsv33_generales([...], '', 'C:\\xampp\\htdocs\\pos\\app\\Libraries/cfdi_sat/', '')
 3 APPPATH\Libraries\cfdi_sat\satxmlsv33.php(27): GeneraXML->satxmlsv33_genera_xml([...], '', 'C:\\xampp\\htdocs\\pos\\app\\Libraries/cfdi_sat/', '')
 4 APPPATH\Controllers\Factura.php(64): GeneraXML->satxmlsv33([...], '', 'C:\\xampp\\htdocs\\pos\\app\\Libraries/cfdi_sat/', '')
 5 SYSTEMPATH\CodeIgniter.php(933): App\Controllers\Factura->facturar('11')
 6 SYSTEMPATH\CodeIgniter.php(507): CodeIgniter\CodeIgniter->runController(Object(App\Controllers\Factura))
 7 SYSTEMPATH\CodeIgniter.php(354): CodeIgniter\CodeIgniter->handleRequest(null, Object(Config\Cache), false)
 8 SYSTEMPATH\Boot.php(363): CodeIgniter\CodeIgniter->run()
 9 SYSTEMPATH\Boot.php(68): CodeIgniter\Boot::runCodeIgniter(Object(CodeIgniter\CodeIgniter))
10 FCPATH\index.php(59): CodeIgniter\Boot::bootWeb(Object(Config\Paths))
WARNING - 2025-11-28 21:45:16 --> [DEPRECATED] Function utf8_encode() is deprecated in APPPATH\Libraries\cfdi_sat\satxmlsv33.php on line 242.
 1 APPPATH\Libraries\cfdi_sat\satxmlsv33.php(64): GeneraXML->satxmlsv33_cargaAtt(Object(DOMElement), [...])
 2 APPPATH\Libraries\cfdi_sat\satxmlsv33.php(39): GeneraXML->satxmlsv33_generales([...], '', 'C:\\xampp\\htdocs\\pos\\app\\Libraries/cfdi_sat/', '')
 3 APPPATH\Libraries\cfdi_sat\satxmlsv33.php(27): GeneraXML->satxmlsv33_genera_xml([...], '', 'C:\\xampp\\htdocs\\pos\\app\\Libraries/cfdi_sat/', '')
 4 APPPATH\Controllers\Factura.php(64): GeneraXML->satxmlsv33([...], '', 'C:\\xampp\\htdocs\\pos\\app\\Libraries/cfdi_sat/', '')
 5 SYSTEMPATH\CodeIgniter.php(933): App\Controllers\Factura->facturar('11')
 6 SYSTEMPATH\CodeIgniter.php(507): CodeIgniter\CodeIgniter->runController(Object(App\Controllers\Factura))
 7 SYSTEMPATH\CodeIgniter.php(354): CodeIgniter\CodeIgniter->handleRequest(null, Object(Config\Cache), false)
 8 SYSTEMPATH\Boot.php(363): CodeIgniter\CodeIgniter->run()
 9 SYSTEMPATH\Boot.php(68): CodeIgniter\Boot::runCodeIgniter(Object(CodeIgniter\CodeIgniter))
10 FCPATH\index.php(59): CodeIgniter\Boot::bootWeb(Object(Config\Paths))
WARNING - 2025-11-28 21:45:16 --> [DEPRECATED] Function utf8_encode() is deprecated in APPPATH\Libraries\cfdi_sat\satxmlsv33.php on line 242.
 1 APPPATH\Libraries\cfdi_sat\satxmlsv33.php(64): GeneraXML->satxmlsv33_cargaAtt(Object(DOMElement), [...])
 2 APPPATH\Libraries\cfdi_sat\satxmlsv33.php(39): GeneraXML->satxmlsv33_generales([...], '', 'C:\\xampp\\htdocs\\pos\\app\\Libraries/cfdi_sat/', '')
 3 APPPATH\Libraries\cfdi_sat\satxmlsv33.php(27): GeneraXML->satxmlsv33_genera_xml([...], '', 'C:\\xampp\\htdocs\\pos\\app\\Libraries/cfdi_sat/', '')
 4 APPPATH\Controllers\Factura.php(64): GeneraXML->satxmlsv33([...], '', 'C:\\xampp\\htdocs\\pos\\app\\Libraries/cfdi_sat/', '')
 5 SYSTEMPATH\CodeIgniter.php(933): App\Controllers\Factura->facturar('11')
 6 SYSTEMPATH\CodeIgniter.php(507): CodeIgniter\CodeIgniter->runController(Object(App\Controllers\Factura))
 7 SYSTEMPATH\CodeIgniter.php(354): CodeIgniter\CodeIgniter->handleRequest(null, Object(Config\Cache), false)
 8 SYSTEMPATH\Boot.php(363): CodeIgniter\CodeIgniter->run()
 9 SYSTEMPATH\Boot.php(68): CodeIgniter\Boot::runCodeIgniter(Object(CodeIgniter\CodeIgniter))
10 FCPATH\index.php(59): CodeIgniter\Boot::bootWeb(Object(Config\Paths))
WARNING - 2025-11-28 21:45:16 --> [DEPRECATED] Function utf8_encode() is deprecated in APPPATH\Libraries\cfdi_sat\satxmlsv33.php on line 242.
 1 APPPATH\Libraries\cfdi_sat\satxmlsv33.php(64): GeneraXML->satxmlsv33_cargaAtt(Object(DOMElement), [...])
 2 APPPATH\Libraries\cfdi_sat\satxmlsv33.php(39): GeneraXML->satxmlsv33_generales([...], '', 'C:\\xampp\\htdocs\\pos\\app\\Libraries/cfdi_sat/', '')
 3 APPPATH\Libraries\cfdi_sat\satxmlsv33.php(27): GeneraXML->satxmlsv33_genera_xml([...], '', 'C:\\xampp\\htdocs\\pos\\app\\Libraries/cfdi_sat/', '')
 4 APPPATH\Controllers\Factura.php(64): GeneraXML->satxmlsv33([...], '', 'C:\\xampp\\htdocs\\pos\\app\\Libraries/cfdi_sat/', '')
 5 SYSTEMPATH\CodeIgniter.php(933): App\Controllers\Factura->facturar('11')
 6 SYSTEMPATH\CodeIgniter.php(507): CodeIgniter\CodeIgniter->runController(Object(App\Controllers\Factura))
 7 SYSTEMPATH\CodeIgniter.php(354): CodeIgniter\CodeIgniter->handleRequest(null, Object(Config\Cache), false)
 8 SYSTEMPATH\Boot.php(363): CodeIgniter\CodeIgniter->run()
 9 SYSTEMPATH\Boot.php(68): CodeIgniter\Boot::runCodeIgniter(Object(CodeIgniter\CodeIgniter))
10 FCPATH\index.php(59): CodeIgniter\Boot::bootWeb(Object(Config\Paths))
WARNING - 2025-11-28 21:45:16 --> [DEPRECATED] Function utf8_encode() is deprecated in APPPATH\Libraries\cfdi_sat\satxmlsv33.php on line 242.
 1 APPPATH\Libraries\cfdi_sat\satxmlsv33.php(64): GeneraXML->satxmlsv33_cargaAtt(Object(DOMElement), [...])
 2 APPPATH\Libraries\cfdi_sat\satxmlsv33.php(39): GeneraXML->satxmlsv33_generales([...], '', 'C:\\xampp\\htdocs\\pos\\app\\Libraries/cfdi_sat/', '')
 3 APPPATH\Libraries\cfdi_sat\satxmlsv33.php(27): GeneraXML->satxmlsv33_genera_xml([...], '', 'C:\\xampp\\htdocs\\pos\\app\\Libraries/cfdi_sat/', '')
 4 APPPATH\Controllers\Factura.php(64): GeneraXML->satxmlsv33([...], '', 'C:\\xampp\\htdocs\\pos\\app\\Libraries/cfdi_sat/', '')
 5 SYSTEMPATH\CodeIgniter.php(933): App\Controllers\Factura->facturar('11')
 6 SYSTEMPATH\CodeIgniter.php(507): CodeIgniter\CodeIgniter->runController(Object(App\Controllers\Factura))
 7 SYSTEMPATH\CodeIgniter.php(354): CodeIgniter\CodeIgniter->handleRequest(null, Object(Config\Cache), false)
 8 SYSTEMPATH\Boot.php(363): CodeIgniter\CodeIgniter->run()
 9 SYSTEMPATH\Boot.php(68): CodeIgniter\Boot::runCodeIgniter(Object(CodeIgniter\CodeIgniter))
10 FCPATH\index.php(59): CodeIgniter\Boot::bootWeb(Object(Config\Paths))
WARNING - 2025-11-28 21:45:16 --> [DEPRECATED] Function utf8_encode() is deprecated in APPPATH\Libraries\cfdi_sat\satxmlsv33.php on line 242.
 1 APPPATH\Libraries\cfdi_sat\satxmlsv33.php(64): GeneraXML->satxmlsv33_cargaAtt(Object(DOMElement), [...])
 2 APPPATH\Libraries\cfdi_sat\satxmlsv33.php(39): GeneraXML->satxmlsv33_generales([...], '', 'C:\\xampp\\htdocs\\pos\\app\\Libraries/cfdi_sat/', '')
 3 APPPATH\Libraries\cfdi_sat\satxmlsv33.php(27): GeneraXML->satxmlsv33_genera_xml([...], '', 'C:\\xampp\\htdocs\\pos\\app\\Libraries/cfdi_sat/', '')
 4 APPPATH\Controllers\Factura.php(64): GeneraXML->satxmlsv33([...], '', 'C:\\xampp\\htdocs\\pos\\app\\Libraries/cfdi_sat/', '')
 5 SYSTEMPATH\CodeIgniter.php(933): App\Controllers\Factura->facturar('11')
 6 SYSTEMPATH\CodeIgniter.php(507): CodeIgniter\CodeIgniter->runController(Object(App\Controllers\Factura))
 7 SYSTEMPATH\CodeIgniter.php(354): CodeIgniter\CodeIgniter->handleRequest(null, Object(Config\Cache), false)
 8 SYSTEMPATH\Boot.php(363): CodeIgniter\CodeIgniter->run()
 9 SYSTEMPATH\Boot.php(68): CodeIgniter\Boot::runCodeIgniter(Object(CodeIgniter\CodeIgniter))
10 FCPATH\index.php(59): CodeIgniter\Boot::bootWeb(Object(Config\Paths))
WARNING - 2025-11-28 21:45:16 --> [DEPRECATED] Function utf8_encode() is deprecated in APPPATH\Libraries\cfdi_sat\satxmlsv33.php on line 242.
 1 APPPATH\Libraries\cfdi_sat\satxmlsv33.php(64): GeneraXML->satxmlsv33_cargaAtt(Object(DOMElement), [...])
 2 APPPATH\Libraries\cfdi_sat\satxmlsv33.php(39): GeneraXML->satxmlsv33_generales([...], '', 'C:\\xampp\\htdocs\\pos\\app\\Libraries/cfdi_sat/', '')
 3 APPPATH\Libraries\cfdi_sat\satxmlsv33.php(27): GeneraXML->satxmlsv33_genera_xml([...], '', 'C:\\xampp\\htdocs\\pos\\app\\Libraries/cfdi_sat/', '')
 4 APPPATH\Controllers\Factura.php(64): GeneraXML->satxmlsv33([...], '', 'C:\\xampp\\htdocs\\pos\\app\\Libraries/cfdi_sat/', '')
 5 SYSTEMPATH\CodeIgniter.php(933): App\Controllers\Factura->facturar('11')
 6 SYSTEMPATH\CodeIgniter.php(507): CodeIgniter\CodeIgniter->runController(Object(App\Controllers\Factura))
 7 SYSTEMPATH\CodeIgniter.php(354): CodeIgniter\CodeIgniter->handleRequest(null, Object(Config\Cache), false)
 8 SYSTEMPATH\Boot.php(363): CodeIgniter\CodeIgniter->run()
 9 SYSTEMPATH\Boot.php(68): CodeIgniter\Boot::runCodeIgniter(Object(CodeIgniter\CodeIgniter))
10 FCPATH\index.php(59): CodeIgniter\Boot::bootWeb(Object(Config\Paths))
WARNING - 2025-11-28 21:45:16 --> [DEPRECATED] Function utf8_encode() is deprecated in APPPATH\Libraries\cfdi_sat\satxmlsv33.php on line 242.
 1 APPPATH\Libraries\cfdi_sat\satxmlsv33.php(64): GeneraXML->satxmlsv33_cargaAtt(Object(DOMElement), [...])
 2 APPPATH\Libraries\cfdi_sat\satxmlsv33.php(39): GeneraXML->satxmlsv33_generales([...], '', 'C:\\xampp\\htdocs\\pos\\app\\Libraries/cfdi_sat/', '')
 3 APPPATH\Libraries\cfdi_sat\satxmlsv33.php(27): GeneraXML->satxmlsv33_genera_xml([...], '', 'C:\\xampp\\htdocs\\pos\\app\\Libraries/cfdi_sat/', '')
 4 APPPATH\Controllers\Factura.php(64): GeneraXML->satxmlsv33([...], '', 'C:\\xampp\\htdocs\\pos\\app\\Libraries/cfdi_sat/', '')
 5 SYSTEMPATH\CodeIgniter.php(933): App\Controllers\Factura->facturar('11')
 6 SYSTEMPATH\CodeIgniter.php(507): CodeIgniter\CodeIgniter->runController(Object(App\Controllers\Factura))
 7 SYSTEMPATH\CodeIgniter.php(354): CodeIgniter\CodeIgniter->handleRequest(null, Object(Config\Cache), false)
 8 SYSTEMPATH\Boot.php(363): CodeIgniter\CodeIgniter->run()
 9 SYSTEMPATH\Boot.php(68): CodeIgniter\Boot::runCodeIgniter(Object(CodeIgniter\CodeIgniter))
10 FCPATH\index.php(59): CodeIgniter\Boot::bootWeb(Object(Config\Paths))
WARNING - 2025-11-28 21:45:16 --> [DEPRECATED] Function utf8_encode() is deprecated in APPPATH\Libraries\cfdi_sat\satxmlsv33.php on line 242.
 1 APPPATH\Libraries\cfdi_sat\satxmlsv33.php(64): GeneraXML->satxmlsv33_cargaAtt(Object(DOMElement), [...])
 2 APPPATH\Libraries\cfdi_sat\satxmlsv33.php(39): GeneraXML->satxmlsv33_generales([...], '', 'C:\\xampp\\htdocs\\pos\\app\\Libraries/cfdi_sat/', '')
 3 APPPATH\Libraries\cfdi_sat\satxmlsv33.php(27): GeneraXML->satxmlsv33_genera_xml([...], '', 'C:\\xampp\\htdocs\\pos\\app\\Libraries/cfdi_sat/', '')
 4 APPPATH\Controllers\Factura.php(64): GeneraXML->satxmlsv33([...], '', 'C:\\xampp\\htdocs\\pos\\app\\Libraries/cfdi_sat/', '')
 5 SYSTEMPATH\CodeIgniter.php(933): App\Controllers\Factura->facturar('11')
 6 SYSTEMPATH\CodeIgniter.php(507): CodeIgniter\CodeIgniter->runController(Object(App\Controllers\Factura))
 7 SYSTEMPATH\CodeIgniter.php(354): CodeIgniter\CodeIgniter->handleRequest(null, Object(Config\Cache), false)
 8 SYSTEMPATH\Boot.php(363): CodeIgniter\CodeIgniter->run()
 9 SYSTEMPATH\Boot.php(68): CodeIgniter\Boot::runCodeIgniter(Object(CodeIgniter\CodeIgniter))
10 FCPATH\index.php(59): CodeIgniter\Boot::bootWeb(Object(Config\Paths))
WARNING - 2025-11-28 21:45:16 --> [DEPRECATED] Function utf8_encode() is deprecated in APPPATH\Libraries\cfdi_sat\satxmlsv33.php on line 242.
 1 APPPATH\Libraries\cfdi_sat\satxmlsv33.php(64): GeneraXML->satxmlsv33_cargaAtt(Object(DOMElement), [...])
 2 APPPATH\Libraries\cfdi_sat\satxmlsv33.php(39): GeneraXML->satxmlsv33_generales([...], '', 'C:\\xampp\\htdocs\\pos\\app\\Libraries/cfdi_sat/', '')
 3 APPPATH\Libraries\cfdi_sat\satxmlsv33.php(27): GeneraXML->satxmlsv33_genera_xml([...], '', 'C:\\xampp\\htdocs\\pos\\app\\Libraries/cfdi_sat/', '')
 4 APPPATH\Controllers\Factura.php(64): GeneraXML->satxmlsv33([...], '', 'C:\\xampp\\htdocs\\pos\\app\\Libraries/cfdi_sat/', '')
 5 SYSTEMPATH\CodeIgniter.php(933): App\Controllers\Factura->facturar('11')
 6 SYSTEMPATH\CodeIgniter.php(507): CodeIgniter\CodeIgniter->runController(Object(App\Controllers\Factura))
 7 SYSTEMPATH\CodeIgniter.php(354): CodeIgniter\CodeIgniter->handleRequest(null, Object(Config\Cache), false)
 8 SYSTEMPATH\Boot.php(363): CodeIgniter\CodeIgniter->run()
 9 SYSTEMPATH\Boot.php(68): CodeIgniter\Boot::runCodeIgniter(Object(CodeIgniter\CodeIgniter))
10 FCPATH\index.php(59): CodeIgniter\Boot::bootWeb(Object(Config\Paths))
WARNING - 2025-11-28 21:45:16 --> [DEPRECATED] Function utf8_encode() is deprecated in APPPATH\Libraries\cfdi_sat\satxmlsv33.php on line 242.
 1 APPPATH\Libraries\cfdi_sat\satxmlsv33.php(64): GeneraXML->satxmlsv33_cargaAtt(Object(DOMElement), [...])
 2 APPPATH\Libraries\cfdi_sat\satxmlsv33.php(39): GeneraXML->satxmlsv33_generales([...], '', 'C:\\xampp\\htdocs\\pos\\app\\Libraries/cfdi_sat/', '')
 3 APPPATH\Libraries\cfdi_sat\satxmlsv33.php(27): GeneraXML->satxmlsv33_genera_xml([...], '', 'C:\\xampp\\htdocs\\pos\\app\\Libraries/cfdi_sat/', '')
 4 APPPATH\Controllers\Factura.php(64): GeneraXML->satxmlsv33([...], '', 'C:\\xampp\\htdocs\\pos\\app\\Libraries/cfdi_sat/', '')
 5 SYSTEMPATH\CodeIgniter.php(933): App\Controllers\Factura->facturar('11')
 6 SYSTEMPATH\CodeIgniter.php(507): CodeIgniter\CodeIgniter->runController(Object(App\Controllers\Factura))
 7 SYSTEMPATH\CodeIgniter.php(354): CodeIgniter\CodeIgniter->handleRequest(null, Object(Config\Cache), false)
 8 SYSTEMPATH\Boot.php(363): CodeIgniter\CodeIgniter->run()
 9 SYSTEMPATH\Boot.php(68): CodeIgniter\Boot::runCodeIgniter(Object(CodeIgniter\CodeIgniter))
10 FCPATH\index.php(59): CodeIgniter\Boot::bootWeb(Object(Config\Paths))
WARNING - 2025-11-28 21:45:16 --> [DEPRECATED] Function utf8_encode() is deprecated in APPPATH\Libraries\cfdi_sat\satxmlsv33.php on line 242.
 1 APPPATH\Libraries\cfdi_sat\satxmlsv33.php(64): GeneraXML->satxmlsv33_cargaAtt(Object(DOMElement), [...])
 2 APPPATH\Libraries\cfdi_sat\satxmlsv33.php(39): GeneraXML->satxmlsv33_generales([...], '', 'C:\\xampp\\htdocs\\pos\\app\\Libraries/cfdi_sat/', '')
 3 APPPATH\Libraries\cfdi_sat\satxmlsv33.php(27): GeneraXML->satxmlsv33_genera_xml([...], '', 'C:\\xampp\\htdocs\\pos\\app\\Libraries/cfdi_sat/', '')
 4 APPPATH\Controllers\Factura.php(64): GeneraXML->satxmlsv33([...], '', 'C:\\xampp\\htdocs\\pos\\app\\Libraries/cfdi_sat/', '')
 5 SYSTEMPATH\CodeIgniter.php(933): App\Controllers\Factura->facturar('11')
 6 SYSTEMPATH\CodeIgniter.php(507): CodeIgniter\CodeIgniter->runController(Object(App\Controllers\Factura))
 7 SYSTEMPATH\CodeIgniter.php(354): CodeIgniter\CodeIgniter->handleRequest(null, Object(Config\Cache), false)
 8 SYSTEMPATH\Boot.php(363): CodeIgniter\CodeIgniter->run()
 9 SYSTEMPATH\Boot.php(68): CodeIgniter\Boot::runCodeIgniter(Object(CodeIgniter\CodeIgniter))
10 FCPATH\index.php(59): CodeIgniter\Boot::bootWeb(Object(Config\Paths))
WARNING - 2025-11-28 21:45:16 --> [DEPRECATED] Function utf8_encode() is deprecated in APPPATH\Libraries\cfdi_sat\satxmlsv33.php on line 242.
 1 APPPATH\Libraries\cfdi_sat\satxmlsv33.php(64): GeneraXML->satxmlsv33_cargaAtt(Object(DOMElement), [...])
 2 APPPATH\Libraries\cfdi_sat\satxmlsv33.php(39): GeneraXML->satxmlsv33_generales([...], '', 'C:\\xampp\\htdocs\\pos\\app\\Libraries/cfdi_sat/', '')
 3 APPPATH\Libraries\cfdi_sat\satxmlsv33.php(27): GeneraXML->satxmlsv33_genera_xml([...], '', 'C:\\xampp\\htdocs\\pos\\app\\Libraries/cfdi_sat/', '')
 4 APPPATH\Controllers\Factura.php(64): GeneraXML->satxmlsv33([...], '', 'C:\\xampp\\htdocs\\pos\\app\\Libraries/cfdi_sat/', '')
 5 SYSTEMPATH\CodeIgniter.php(933): App\Controllers\Factura->facturar('11')
 6 SYSTEMPATH\CodeIgniter.php(507): CodeIgniter\CodeIgniter->runController(Object(App\Controllers\Factura))
 7 SYSTEMPATH\CodeIgniter.php(354): CodeIgniter\CodeIgniter->handleRequest(null, Object(Config\Cache), false)
 8 SYSTEMPATH\Boot.php(363): CodeIgniter\CodeIgniter->run()
 9 SYSTEMPATH\Boot.php(68): CodeIgniter\Boot::runCodeIgniter(Object(CodeIgniter\CodeIgniter))
10 FCPATH\index.php(59): CodeIgniter\Boot::bootWeb(Object(Config\Paths))
WARNING - 2025-11-28 21:45:16 --> [DEPRECATED] strlen(): Passing null to parameter #1 ($string) of type string is deprecated in APPPATH\Libraries\cfdi_sat\satxmlsv33.php on line 232.
 1 APPPATH\Libraries\cfdi_sat\satxmlsv33.php(64): GeneraXML->satxmlsv33_cargaAtt(Object(DOMElement), [...])
 2 APPPATH\Libraries\cfdi_sat\satxmlsv33.php(39): GeneraXML->satxmlsv33_generales([...], '', 'C:\\xampp\\htdocs\\pos\\app\\Libraries/cfdi_sat/', '')
 3 APPPATH\Libraries\cfdi_sat\satxmlsv33.php(27): GeneraXML->satxmlsv33_genera_xml([...], '', 'C:\\xampp\\htdocs\\pos\\app\\Libraries/cfdi_sat/', '')
 4 APPPATH\Controllers\Factura.php(64): GeneraXML->satxmlsv33([...], '', 'C:\\xampp\\htdocs\\pos\\app\\Libraries/cfdi_sat/', '')
 5 SYSTEMPATH\CodeIgniter.php(933): App\Controllers\Factura->facturar('11')
 6 SYSTEMPATH\CodeIgniter.php(507): CodeIgniter\CodeIgniter->runController(Object(App\Controllers\Factura))
 7 SYSTEMPATH\CodeIgniter.php(354): CodeIgniter\CodeIgniter->handleRequest(null, Object(Config\Cache), false)
 8 SYSTEMPATH\Boot.php(363): CodeIgniter\CodeIgniter->run()
 9 SYSTEMPATH\Boot.php(68): CodeIgniter\Boot::runCodeIgniter(Object(CodeIgniter\CodeIgniter))
10 FCPATH\index.php(59): CodeIgniter\Boot::bootWeb(Object(Config\Paths))
WARNING - 2025-11-28 21:45:16 --> [DEPRECATED] preg_replace(): Passing null to parameter #3 ($subject) of type array|string is deprecated in APPPATH\Libraries\cfdi_sat\satxmlsv33.php on line 238.
 1 APPPATH\Libraries\cfdi_sat\satxmlsv33.php(238): preg_replace('/\\s\\s+/', ' ', null)
 2 APPPATH\Libraries\cfdi_sat\satxmlsv33.php(64): GeneraXML->satxmlsv33_cargaAtt(Object(DOMElement), [...])
 3 APPPATH\Libraries\cfdi_sat\satxmlsv33.php(39): GeneraXML->satxmlsv33_generales([...], '', 'C:\\xampp\\htdocs\\pos\\app\\Libraries/cfdi_sat/', '')
 4 APPPATH\Libraries\cfdi_sat\satxmlsv33.php(27): GeneraXML->satxmlsv33_genera_xml([...], '', 'C:\\xampp\\htdocs\\pos\\app\\Libraries/cfdi_sat/', '')
 5 APPPATH\Controllers\Factura.php(64): GeneraXML->satxmlsv33([...], '', 'C:\\xampp\\htdocs\\pos\\app\\Libraries/cfdi_sat/', '')
 6 SYSTEMPATH\CodeIgniter.php(933): App\Controllers\Factura->facturar('11')
 7 SYSTEMPATH\CodeIgniter.php(507): CodeIgniter\CodeIgniter->runController(Object(App\Controllers\Factura))
 8 SYSTEMPATH\CodeIgniter.php(354): CodeIgniter\CodeIgniter->handleRequest(null, Object(Config\Cache), false)
 9 SYSTEMPATH\Boot.php(363): CodeIgniter\CodeIgniter->run()
10 SYSTEMPATH\Boot.php(68): CodeIgniter\Boot::runCodeIgniter(Object(CodeIgniter\CodeIgniter))
11 FCPATH\index.php(59): CodeIgniter\Boot::bootWeb(Object(Config\Paths))
WARNING - 2025-11-28 21:45:16 --> [DEPRECATED] strlen(): Passing null to parameter #1 ($string) of type string is deprecated in APPPATH\Libraries\cfdi_sat\satxmlsv33.php on line 232.
 1 APPPATH\Libraries\cfdi_sat\satxmlsv33.php(64): GeneraXML->satxmlsv33_cargaAtt(Object(DOMElement), [...])
 2 APPPATH\Libraries\cfdi_sat\satxmlsv33.php(39): GeneraXML->satxmlsv33_generales([...], '', 'C:\\xampp\\htdocs\\pos\\app\\Libraries/cfdi_sat/', '')
 3 APPPATH\Libraries\cfdi_sat\satxmlsv33.php(27): GeneraXML->satxmlsv33_genera_xml([...], '', 'C:\\xampp\\htdocs\\pos\\app\\Libraries/cfdi_sat/', '')
 4 APPPATH\Controllers\Factura.php(64): GeneraXML->satxmlsv33([...], '', 'C:\\xampp\\htdocs\\pos\\app\\Libraries/cfdi_sat/', '')
 5 SYSTEMPATH\CodeIgniter.php(933): App\Controllers\Factura->facturar('11')
 6 SYSTEMPATH\CodeIgniter.php(507): CodeIgniter\CodeIgniter->runController(Object(App\Controllers\Factura))
 7 SYSTEMPATH\CodeIgniter.php(354): CodeIgniter\CodeIgniter->handleRequest(null, Object(Config\Cache), false)
 8 SYSTEMPATH\Boot.php(363): CodeIgniter\CodeIgniter->run()
 9 SYSTEMPATH\Boot.php(68): CodeIgniter\Boot::runCodeIgniter(Object(CodeIgniter\CodeIgniter))
10 FCPATH\index.php(59): CodeIgniter\Boot::bootWeb(Object(Config\Paths))
WARNING - 2025-11-28 21:45:16 --> [DEPRECATED] preg_replace(): Passing null to parameter #3 ($subject) of type array|string is deprecated in APPPATH\Libraries\cfdi_sat\satxmlsv33.php on line 238.
 1 APPPATH\Libraries\cfdi_sat\satxmlsv33.php(238): preg_replace('/\\s\\s+/', ' ', null)
 2 APPPATH\Libraries\cfdi_sat\satxmlsv33.php(64): GeneraXML->satxmlsv33_cargaAtt(Object(DOMElement), [...])
 3 APPPATH\Libraries\cfdi_sat\satxmlsv33.php(39): GeneraXML->satxmlsv33_generales([...], '', 'C:\\xampp\\htdocs\\pos\\app\\Libraries/cfdi_sat/', '')
 4 APPPATH\Libraries\cfdi_sat\satxmlsv33.php(27): GeneraXML->satxmlsv33_genera_xml([...], '', 'C:\\xampp\\htdocs\\pos\\app\\Libraries/cfdi_sat/', '')
 5 APPPATH\Controllers\Factura.php(64): GeneraXML->satxmlsv33([...], '', 'C:\\xampp\\htdocs\\pos\\app\\Libraries/cfdi_sat/', '')
 6 SYSTEMPATH\CodeIgniter.php(933): App\Controllers\Factura->facturar('11')
 7 SYSTEMPATH\CodeIgniter.php(507): CodeIgniter\CodeIgniter->runController(Object(App\Controllers\Factura))
 8 SYSTEMPATH\CodeIgniter.php(354): CodeIgniter\CodeIgniter->handleRequest(null, Object(Config\Cache), false)
 9 SYSTEMPATH\Boot.php(363): CodeIgniter\CodeIgniter->run()
10 SYSTEMPATH\Boot.php(68): CodeIgniter\Boot::runCodeIgniter(Object(CodeIgniter\CodeIgniter))
11 FCPATH\index.php(59): CodeIgniter\Boot::bootWeb(Object(Config\Paths))
WARNING - 2025-11-28 21:45:16 --> [DEPRECATED] strlen(): Passing null to parameter #1 ($string) of type string is deprecated in APPPATH\Libraries\cfdi_sat\satxmlsv33.php on line 232.
 1 APPPATH\Libraries\cfdi_sat\satxmlsv33.php(64): GeneraXML->satxmlsv33_cargaAtt(Object(DOMElement), [...])
 2 APPPATH\Libraries\cfdi_sat\satxmlsv33.php(39): GeneraXML->satxmlsv33_generales([...], '', 'C:\\xampp\\htdocs\\pos\\app\\Libraries/cfdi_sat/', '')
 3 APPPATH\Libraries\cfdi_sat\satxmlsv33.php(27): GeneraXML->satxmlsv33_genera_xml([...], '', 'C:\\xampp\\htdocs\\pos\\app\\Libraries/cfdi_sat/', '')
 4 APPPATH\Controllers\Factura.php(64): GeneraXML->satxmlsv33([...], '', 'C:\\xampp\\htdocs\\pos\\app\\Libraries/cfdi_sat/', '')
 5 SYSTEMPATH\CodeIgniter.php(933): App\Controllers\Factura->facturar('11')
 6 SYSTEMPATH\CodeIgniter.php(507): CodeIgniter\CodeIgniter->runController(Object(App\Controllers\Factura))
 7 SYSTEMPATH\CodeIgniter.php(354): CodeIgniter\CodeIgniter->handleRequest(null, Object(Config\Cache), false)
 8 SYSTEMPATH\Boot.php(363): CodeIgniter\CodeIgniter->run()
 9 SYSTEMPATH\Boot.php(68): CodeIgniter\Boot::runCodeIgniter(Object(CodeIgniter\CodeIgniter))
10 FCPATH\index.php(59): CodeIgniter\Boot::bootWeb(Object(Config\Paths))
WARNING - 2025-11-28 21:45:16 --> [DEPRECATED] preg_replace(): Passing null to parameter #3 ($subject) of type array|string is deprecated in APPPATH\Libraries\cfdi_sat\satxmlsv33.php on line 238.
 1 APPPATH\Libraries\cfdi_sat\satxmlsv33.php(238): preg_replace('/\\s\\s+/', ' ', null)
 2 APPPATH\Libraries\cfdi_sat\satxmlsv33.php(64): GeneraXML->satxmlsv33_cargaAtt(Object(DOMElement), [...])
 3 APPPATH\Libraries\cfdi_sat\satxmlsv33.php(39): GeneraXML->satxmlsv33_generales([...], '', 'C:\\xampp\\htdocs\\pos\\app\\Libraries/cfdi_sat/', '')
 4 APPPATH\Libraries\cfdi_sat\satxmlsv33.php(27): GeneraXML->satxmlsv33_genera_xml([...], '', 'C:\\xampp\\htdocs\\pos\\app\\Libraries/cfdi_sat/', '')
 5 APPPATH\Controllers\Factura.php(64): GeneraXML->satxmlsv33([...], '', 'C:\\xampp\\htdocs\\pos\\app\\Libraries/cfdi_sat/', '')
 6 SYSTEMPATH\CodeIgniter.php(933): App\Controllers\Factura->facturar('11')
 7 SYSTEMPATH\CodeIgniter.php(507): CodeIgniter\CodeIgniter->runController(Object(App\Controllers\Factura))
 8 SYSTEMPATH\CodeIgniter.php(354): CodeIgniter\CodeIgniter->handleRequest(null, Object(Config\Cache), false)
 9 SYSTEMPATH\Boot.php(363): CodeIgniter\CodeIgniter->run()
10 SYSTEMPATH\Boot.php(68): CodeIgniter\Boot::runCodeIgniter(Object(CodeIgniter\CodeIgniter))
11 FCPATH\index.php(59): CodeIgniter\Boot::bootWeb(Object(Config\Paths))
WARNING - 2025-11-28 21:45:16 --> [DEPRECATED] strlen(): Passing null to parameter #1 ($string) of type string is deprecated in APPPATH\Libraries\cfdi_sat\satxmlsv33.php on line 232.
 1 APPPATH\Libraries\cfdi_sat\satxmlsv33.php(64): GeneraXML->satxmlsv33_cargaAtt(Object(DOMElement), [...])
 2 APPPATH\Libraries\cfdi_sat\satxmlsv33.php(39): GeneraXML->satxmlsv33_generales([...], '', 'C:\\xampp\\htdocs\\pos\\app\\Libraries/cfdi_sat/', '')
 3 APPPATH\Libraries\cfdi_sat\satxmlsv33.php(27): GeneraXML->satxmlsv33_genera_xml([...], '', 'C:\\xampp\\htdocs\\pos\\app\\Libraries/cfdi_sat/', '')
 4 APPPATH\Controllers\Factura.php(64): GeneraXML->satxmlsv33([...], '', 'C:\\xampp\\htdocs\\pos\\app\\Libraries/cfdi_sat/', '')
 5 SYSTEMPATH\CodeIgniter.php(933): App\Controllers\Factura->facturar('11')
 6 SYSTEMPATH\CodeIgniter.php(507): CodeIgniter\CodeIgniter->runController(Object(App\Controllers\Factura))
 7 SYSTEMPATH\CodeIgniter.php(354): CodeIgniter\CodeIgniter->handleRequest(null, Object(Config\Cache), false)
 8 SYSTEMPATH\Boot.php(363): CodeIgniter\CodeIgniter->run()
 9 SYSTEMPATH\Boot.php(68): CodeIgniter\Boot::runCodeIgniter(Object(CodeIgniter\CodeIgniter))
10 FCPATH\index.php(59): CodeIgniter\Boot::bootWeb(Object(Config\Paths))
WARNING - 2025-11-28 21:45:16 --> [DEPRECATED] preg_replace(): Passing null to parameter #3 ($subject) of type array|string is deprecated in APPPATH\Libraries\cfdi_sat\satxmlsv33.php on line 238.
 1 APPPATH\Libraries\cfdi_sat\satxmlsv33.php(238): preg_replace('/\\s\\s+/', ' ', null)
 2 APPPATH\Libraries\cfdi_sat\satxmlsv33.php(64): GeneraXML->satxmlsv33_cargaAtt(Object(DOMElement), [...])
 3 APPPATH\Libraries\cfdi_sat\satxmlsv33.php(39): GeneraXML->satxmlsv33_generales([...], '', 'C:\\xampp\\htdocs\\pos\\app\\Libraries/cfdi_sat/', '')
 4 APPPATH\Libraries\cfdi_sat\satxmlsv33.php(27): GeneraXML->satxmlsv33_genera_xml([...], '', 'C:\\xampp\\htdocs\\pos\\app\\Libraries/cfdi_sat/', '')
 5 APPPATH\Controllers\Factura.php(64): GeneraXML->satxmlsv33([...], '', 'C:\\xampp\\htdocs\\pos\\app\\Libraries/cfdi_sat/', '')
 6 SYSTEMPATH\CodeIgniter.php(933): App\Controllers\Factura->facturar('11')
 7 SYSTEMPATH\CodeIgniter.php(507): CodeIgniter\CodeIgniter->runController(Object(App\Controllers\Factura))
 8 SYSTEMPATH\CodeIgniter.php(354): CodeIgniter\CodeIgniter->handleRequest(null, Object(Config\Cache), false)
 9 SYSTEMPATH\Boot.php(363): CodeIgniter\CodeIgniter->run()
10 SYSTEMPATH\Boot.php(68): CodeIgniter\Boot::runCodeIgniter(Object(CodeIgniter\CodeIgniter))
11 FCPATH\index.php(59): CodeIgniter\Boot::bootWeb(Object(Config\Paths))
WARNING - 2025-11-28 21:45:16 --> [DEPRECATED] Function utf8_encode() is deprecated in APPPATH\Libraries\cfdi_sat\satxmlsv33.php on line 242.
 1 APPPATH\Libraries\cfdi_sat\satxmlsv33.php(93): GeneraXML->satxmlsv33_cargaAtt(Object(DOMElement), [...])
 2 APPPATH\Libraries\cfdi_sat\satxmlsv33.php(40): GeneraXML->satxmlsv33_emisor([...], '', 'C:\\xampp\\htdocs\\pos\\app\\Libraries/cfdi_sat/', '')
 3 APPPATH\Libraries\cfdi_sat\satxmlsv33.php(27): GeneraXML->satxmlsv33_genera_xml([...], '', 'C:\\xampp\\htdocs\\pos\\app\\Libraries/cfdi_sat/', '')
 4 APPPATH\Controllers\Factura.php(64): GeneraXML->satxmlsv33([...], '', 'C:\\xampp\\htdocs\\pos\\app\\Libraries/cfdi_sat/', '')
 5 SYSTEMPATH\CodeIgniter.php(933): App\Controllers\Factura->facturar('11')
 6 SYSTEMPATH\CodeIgniter.php(507): CodeIgniter\CodeIgniter->runController(Object(App\Controllers\Factura))
 7 SYSTEMPATH\CodeIgniter.php(354): CodeIgniter\CodeIgniter->handleRequest(null, Object(Config\Cache), false)
 8 SYSTEMPATH\Boot.php(363): CodeIgniter\CodeIgniter->run()
 9 SYSTEMPATH\Boot.php(68): CodeIgniter\Boot::runCodeIgniter(Object(CodeIgniter\CodeIgniter))
10 FCPATH\index.php(59): CodeIgniter\Boot::bootWeb(Object(Config\Paths))
WARNING - 2025-11-28 21:45:16 --> [DEPRECATED] Function utf8_encode() is deprecated in APPPATH\Libraries\cfdi_sat\satxmlsv33.php on line 242.
 1 APPPATH\Libraries\cfdi_sat\satxmlsv33.php(93): GeneraXML->satxmlsv33_cargaAtt(Object(DOMElement), [...])
 2 APPPATH\Libraries\cfdi_sat\satxmlsv33.php(40): GeneraXML->satxmlsv33_emisor([...], '', 'C:\\xampp\\htdocs\\pos\\app\\Libraries/cfdi_sat/', '')
 3 APPPATH\Libraries\cfdi_sat\satxmlsv33.php(27): GeneraXML->satxmlsv33_genera_xml([...], '', 'C:\\xampp\\htdocs\\pos\\app\\Libraries/cfdi_sat/', '')
 4 APPPATH\Controllers\Factura.php(64): GeneraXML->satxmlsv33([...], '', 'C:\\xampp\\htdocs\\pos\\app\\Libraries/cfdi_sat/', '')
 5 SYSTEMPATH\CodeIgniter.php(933): App\Controllers\Factura->facturar('11')
 6 SYSTEMPATH\CodeIgniter.php(507): CodeIgniter\CodeIgniter->runController(Object(App\Controllers\Factura))
 7 SYSTEMPATH\CodeIgniter.php(354): CodeIgniter\CodeIgniter->handleRequest(null, Object(Config\Cache), false)
 8 SYSTEMPATH\Boot.php(363): CodeIgniter\CodeIgniter->run()
 9 SYSTEMPATH\Boot.php(68): CodeIgniter\Boot::runCodeIgniter(Object(CodeIgniter\CodeIgniter))
10 FCPATH\index.php(59): CodeIgniter\Boot::bootWeb(Object(Config\Paths))
WARNING - 2025-11-28 21:45:16 --> [DEPRECATED] Function utf8_encode() is deprecated in APPPATH\Libraries\cfdi_sat\satxmlsv33.php on line 242.
 1 APPPATH\Libraries\cfdi_sat\satxmlsv33.php(93): GeneraXML->satxmlsv33_cargaAtt(Object(DOMElement), [...])
 2 APPPATH\Libraries\cfdi_sat\satxmlsv33.php(40): GeneraXML->satxmlsv33_emisor([...], '', 'C:\\xampp\\htdocs\\pos\\app\\Libraries/cfdi_sat/', '')
 3 APPPATH\Libraries\cfdi_sat\satxmlsv33.php(27): GeneraXML->satxmlsv33_genera_xml([...], '', 'C:\\xampp\\htdocs\\pos\\app\\Libraries/cfdi_sat/', '')
 4 APPPATH\Controllers\Factura.php(64): GeneraXML->satxmlsv33([...], '', 'C:\\xampp\\htdocs\\pos\\app\\Libraries/cfdi_sat/', '')
 5 SYSTEMPATH\CodeIgniter.php(933): App\Controllers\Factura->facturar('11')
 6 SYSTEMPATH\CodeIgniter.php(507): CodeIgniter\CodeIgniter->runController(Object(App\Controllers\Factura))
 7 SYSTEMPATH\CodeIgniter.php(354): CodeIgniter\CodeIgniter->handleRequest(null, Object(Config\Cache), false)
 8 SYSTEMPATH\Boot.php(363): CodeIgniter\CodeIgniter->run()
 9 SYSTEMPATH\Boot.php(68): CodeIgniter\Boot::runCodeIgniter(Object(CodeIgniter\CodeIgniter))
10 FCPATH\index.php(59): CodeIgniter\Boot::bootWeb(Object(Config\Paths))
WARNING - 2025-11-28 21:45:16 --> [DEPRECATED] Function utf8_encode() is deprecated in APPPATH\Libraries\cfdi_sat\satxmlsv33.php on line 242.
 1 APPPATH\Libraries\cfdi_sat\satxmlsv33.php(105): GeneraXML->satxmlsv33_cargaAtt(Object(DOMElement), [...])
 2 APPPATH\Libraries\cfdi_sat\satxmlsv33.php(41): GeneraXML->satxmlsv33_receptor([...], '', 'C:\\xampp\\htdocs\\pos\\app\\Libraries/cfdi_sat/', '')
 3 APPPATH\Libraries\cfdi_sat\satxmlsv33.php(27): GeneraXML->satxmlsv33_genera_xml([...], '', 'C:\\xampp\\htdocs\\pos\\app\\Libraries/cfdi_sat/', '')
 4 APPPATH\Controllers\Factura.php(64): GeneraXML->satxmlsv33([...], '', 'C:\\xampp\\htdocs\\pos\\app\\Libraries/cfdi_sat/', '')
 5 SYSTEMPATH\CodeIgniter.php(933): App\Controllers\Factura->facturar('11')
 6 SYSTEMPATH\CodeIgniter.php(507): CodeIgniter\CodeIgniter->runController(Object(App\Controllers\Factura))
 7 SYSTEMPATH\CodeIgniter.php(354): CodeIgniter\CodeIgniter->handleRequest(null, Object(Config\Cache), false)
 8 SYSTEMPATH\Boot.php(363): CodeIgniter\CodeIgniter->run()
 9 SYSTEMPATH\Boot.php(68): CodeIgniter\Boot::runCodeIgniter(Object(CodeIgniter\CodeIgniter))
10 FCPATH\index.php(59): CodeIgniter\Boot::bootWeb(Object(Config\Paths))
WARNING - 2025-11-28 21:45:16 --> [DEPRECATED] Function utf8_encode() is deprecated in APPPATH\Libraries\cfdi_sat\satxmlsv33.php on line 242.
 1 APPPATH\Libraries\cfdi_sat\satxmlsv33.php(105): GeneraXML->satxmlsv33_cargaAtt(Object(DOMElement), [...])
 2 APPPATH\Libraries\cfdi_sat\satxmlsv33.php(41): GeneraXML->satxmlsv33_receptor([...], '', 'C:\\xampp\\htdocs\\pos\\app\\Libraries/cfdi_sat/', '')
 3 APPPATH\Libraries\cfdi_sat\satxmlsv33.php(27): GeneraXML->satxmlsv33_genera_xml([...], '', 'C:\\xampp\\htdocs\\pos\\app\\Libraries/cfdi_sat/', '')
 4 APPPATH\Controllers\Factura.php(64): GeneraXML->satxmlsv33([...], '', 'C:\\xampp\\htdocs\\pos\\app\\Libraries/cfdi_sat/', '')
 5 SYSTEMPATH\CodeIgniter.php(933): App\Controllers\Factura->facturar('11')
 6 SYSTEMPATH\CodeIgniter.php(507): CodeIgniter\CodeIgniter->runController(Object(App\Controllers\Factura))
 7 SYSTEMPATH\CodeIgniter.php(354): CodeIgniter\CodeIgniter->handleRequest(null, Object(Config\Cache), false)
 8 SYSTEMPATH\Boot.php(363): CodeIgniter\CodeIgniter->run()
 9 SYSTEMPATH\Boot.php(68): CodeIgniter\Boot::runCodeIgniter(Object(CodeIgniter\CodeIgniter))
10 FCPATH\index.php(59): CodeIgniter\Boot::bootWeb(Object(Config\Paths))
WARNING - 2025-11-28 21:45:16 --> [DEPRECATED] Function utf8_encode() is deprecated in APPPATH\Libraries\cfdi_sat\satxmlsv33.php on line 242.
 1 APPPATH\Libraries\cfdi_sat\satxmlsv33.php(105): GeneraXML->satxmlsv33_cargaAtt(Object(DOMElement), [...])
 2 APPPATH\Libraries\cfdi_sat\satxmlsv33.php(41): GeneraXML->satxmlsv33_receptor([...], '', 'C:\\xampp\\htdocs\\pos\\app\\Libraries/cfdi_sat/', '')
 3 APPPATH\Libraries\cfdi_sat\satxmlsv33.php(27): GeneraXML->satxmlsv33_genera_xml([...], '', 'C:\\xampp\\htdocs\\pos\\app\\Libraries/cfdi_sat/', '')
 4 APPPATH\Controllers\Factura.php(64): GeneraXML->satxmlsv33([...], '', 'C:\\xampp\\htdocs\\pos\\app\\Libraries/cfdi_sat/', '')
 5 SYSTEMPATH\CodeIgniter.php(933): App\Controllers\Factura->facturar('11')
 6 SYSTEMPATH\CodeIgniter.php(507): CodeIgniter\CodeIgniter->runController(Object(App\Controllers\Factura))
 7 SYSTEMPATH\CodeIgniter.php(354): CodeIgniter\CodeIgniter->handleRequest(null, Object(Config\Cache), false)
 8 SYSTEMPATH\Boot.php(363): CodeIgniter\CodeIgniter->run()
 9 SYSTEMPATH\Boot.php(68): CodeIgniter\Boot::runCodeIgniter(Object(CodeIgniter\CodeIgniter))
10 FCPATH\index.php(59): CodeIgniter\Boot::bootWeb(Object(Config\Paths))
WARNING - 2025-11-28 21:45:16 --> [DEPRECATED] Function utf8_encode() is deprecated in APPPATH\Libraries\cfdi_sat\satxmlsv33.php on line 242.
 1 APPPATH\Libraries\cfdi_sat\satxmlsv33.php(123): GeneraXML->satxmlsv33_cargaAtt(Object(DOMElement), [...])
 2 APPPATH\Libraries\cfdi_sat\satxmlsv33.php(42): GeneraXML->satxmlsv33_conceptos([...], '', 'C:\\xampp\\htdocs\\pos\\app\\Libraries/cfdi_sat/', '')
 3 APPPATH\Libraries\cfdi_sat\satxmlsv33.php(27): GeneraXML->satxmlsv33_genera_xml([...], '', 'C:\\xampp\\htdocs\\pos\\app\\Libraries/cfdi_sat/', '')
 4 APPPATH\Controllers\Factura.php(64): GeneraXML->satxmlsv33([...], '', 'C:\\xampp\\htdocs\\pos\\app\\Libraries/cfdi_sat/', '')
 5 SYSTEMPATH\CodeIgniter.php(933): App\Controllers\Factura->facturar('11')
 6 SYSTEMPATH\CodeIgniter.php(507): CodeIgniter\CodeIgniter->runController(Object(App\Controllers\Factura))
 7 SYSTEMPATH\CodeIgniter.php(354): CodeIgniter\CodeIgniter->handleRequest(null, Object(Config\Cache), false)
 8 SYSTEMPATH\Boot.php(363): CodeIgniter\CodeIgniter->run()
 9 SYSTEMPATH\Boot.php(68): CodeIgniter\Boot::runCodeIgniter(Object(CodeIgniter\CodeIgniter))
10 FCPATH\index.php(59): CodeIgniter\Boot::bootWeb(Object(Config\Paths))
WARNING - 2025-11-28 21:45:16 --> [DEPRECATED] Function utf8_encode() is deprecated in APPPATH\Libraries\cfdi_sat\satxmlsv33.php on line 242.
 1 APPPATH\Libraries\cfdi_sat\satxmlsv33.php(123): GeneraXML->satxmlsv33_cargaAtt(Object(DOMElement), [...])
 2 APPPATH\Libraries\cfdi_sat\satxmlsv33.php(42): GeneraXML->satxmlsv33_conceptos([...], '', 'C:\\xampp\\htdocs\\pos\\app\\Libraries/cfdi_sat/', '')
 3 APPPATH\Libraries\cfdi_sat\satxmlsv33.php(27): GeneraXML->satxmlsv33_genera_xml([...], '', 'C:\\xampp\\htdocs\\pos\\app\\Libraries/cfdi_sat/', '')
 4 APPPATH\Controllers\Factura.php(64): GeneraXML->satxmlsv33([...], '', 'C:\\xampp\\htdocs\\pos\\app\\Libraries/cfdi_sat/', '')
 5 SYSTEMPATH\CodeIgniter.php(933): App\Controllers\Factura->facturar('11')
 6 SYSTEMPATH\CodeIgniter.php(507): CodeIgniter\CodeIgniter->runController(Object(App\Controllers\Factura))
 7 SYSTEMPATH\CodeIgniter.php(354): CodeIgniter\CodeIgniter->handleRequest(null, Object(Config\Cache), false)
 8 SYSTEMPATH\Boot.php(363): CodeIgniter\CodeIgniter->run()
 9 SYSTEMPATH\Boot.php(68): CodeIgniter\Boot::runCodeIgniter(Object(CodeIgniter\CodeIgniter))
10 FCPATH\index.php(59): CodeIgniter\Boot::bootWeb(Object(Config\Paths))
WARNING - 2025-11-28 21:45:16 --> [DEPRECATED] Function utf8_encode() is deprecated in APPPATH\Libraries\cfdi_sat\satxmlsv33.php on line 242.
 1 APPPATH\Libraries\cfdi_sat\satxmlsv33.php(123): GeneraXML->satxmlsv33_cargaAtt(Object(DOMElement), [...])
 2 APPPATH\Libraries\cfdi_sat\satxmlsv33.php(42): GeneraXML->satxmlsv33_conceptos([...], '', 'C:\\xampp\\htdocs\\pos\\app\\Libraries/cfdi_sat/', '')
 3 APPPATH\Libraries\cfdi_sat\satxmlsv33.php(27): GeneraXML->satxmlsv33_genera_xml([...], '', 'C:\\xampp\\htdocs\\pos\\app\\Libraries/cfdi_sat/', '')
 4 APPPATH\Controllers\Factura.php(64): GeneraXML->satxmlsv33([...], '', 'C:\\xampp\\htdocs\\pos\\app\\Libraries/cfdi_sat/', '')
 5 SYSTEMPATH\CodeIgniter.php(933): App\Controllers\Factura->facturar('11')
 6 SYSTEMPATH\CodeIgniter.php(507): CodeIgniter\CodeIgniter->runController(Object(App\Controllers\Factura))
 7 SYSTEMPATH\CodeIgniter.php(354): CodeIgniter\CodeIgniter->handleRequest(null, Object(Config\Cache), false)
 8 SYSTEMPATH\Boot.php(363): CodeIgniter\CodeIgniter->run()
 9 SYSTEMPATH\Boot.php(68): CodeIgniter\Boot::runCodeIgniter(Object(CodeIgniter\CodeIgniter))
10 FCPATH\index.php(59): CodeIgniter\Boot::bootWeb(Object(Config\Paths))
WARNING - 2025-11-28 21:45:16 --> [DEPRECATED] Function utf8_encode() is deprecated in APPPATH\Libraries\cfdi_sat\satxmlsv33.php on line 242.
 1 APPPATH\Libraries\cfdi_sat\satxmlsv33.php(123): GeneraXML->satxmlsv33_cargaAtt(Object(DOMElement), [...])
 2 APPPATH\Libraries\cfdi_sat\satxmlsv33.php(42): GeneraXML->satxmlsv33_conceptos([...], '', 'C:\\xampp\\htdocs\\pos\\app\\Libraries/cfdi_sat/', '')
 3 APPPATH\Libraries\cfdi_sat\satxmlsv33.php(27): GeneraXML->satxmlsv33_genera_xml([...], '', 'C:\\xampp\\htdocs\\pos\\app\\Libraries/cfdi_sat/', '')
 4 APPPATH\Controllers\Factura.php(64): GeneraXML->satxmlsv33([...], '', 'C:\\xampp\\htdocs\\pos\\app\\Libraries/cfdi_sat/', '')
 5 SYSTEMPATH\CodeIgniter.php(933): App\Controllers\Factura->facturar('11')
 6 SYSTEMPATH\CodeIgniter.php(507): CodeIgniter\CodeIgniter->runController(Object(App\Controllers\Factura))
 7 SYSTEMPATH\CodeIgniter.php(354): CodeIgniter\CodeIgniter->handleRequest(null, Object(Config\Cache), false)
 8 SYSTEMPATH\Boot.php(363): CodeIgniter\CodeIgniter->run()
 9 SYSTEMPATH\Boot.php(68): CodeIgniter\Boot::runCodeIgniter(Object(CodeIgniter\CodeIgniter))
10 FCPATH\index.php(59): CodeIgniter\Boot::bootWeb(Object(Config\Paths))
WARNING - 2025-11-28 21:45:16 --> [DEPRECATED] Function utf8_encode() is deprecated in APPPATH\Libraries\cfdi_sat\satxmlsv33.php on line 242.
 1 APPPATH\Libraries\cfdi_sat\satxmlsv33.php(123): GeneraXML->satxmlsv33_cargaAtt(Object(DOMElement), [...])
 2 APPPATH\Libraries\cfdi_sat\satxmlsv33.php(42): GeneraXML->satxmlsv33_conceptos([...], '', 'C:\\xampp\\htdocs\\pos\\app\\Libraries/cfdi_sat/', '')
 3 APPPATH\Libraries\cfdi_sat\satxmlsv33.php(27): GeneraXML->satxmlsv33_genera_xml([...], '', 'C:\\xampp\\htdocs\\pos\\app\\Libraries/cfdi_sat/', '')
 4 APPPATH\Controllers\Factura.php(64): GeneraXML->satxmlsv33([...], '', 'C:\\xampp\\htdocs\\pos\\app\\Libraries/cfdi_sat/', '')
 5 SYSTEMPATH\CodeIgniter.php(933): App\Controllers\Factura->facturar('11')
 6 SYSTEMPATH\CodeIgniter.php(507): CodeIgniter\CodeIgniter->runController(Object(App\Controllers\Factura))
 7 SYSTEMPATH\CodeIgniter.php(354): CodeIgniter\CodeIgniter->handleRequest(null, Object(Config\Cache), false)
 8 SYSTEMPATH\Boot.php(363): CodeIgniter\CodeIgniter->run()
 9 SYSTEMPATH\Boot.php(68): CodeIgniter\Boot::runCodeIgniter(Object(CodeIgniter\CodeIgniter))
10 FCPATH\index.php(59): CodeIgniter\Boot::bootWeb(Object(Config\Paths))
WARNING - 2025-11-28 21:45:16 --> [DEPRECATED] Function utf8_encode() is deprecated in APPPATH\Libraries\cfdi_sat\satxmlsv33.php on line 242.
 1 APPPATH\Libraries\cfdi_sat\satxmlsv33.php(123): GeneraXML->satxmlsv33_cargaAtt(Object(DOMElement), [...])
 2 APPPATH\Libraries\cfdi_sat\satxmlsv33.php(42): GeneraXML->satxmlsv33_conceptos([...], '', 'C:\\xampp\\htdocs\\pos\\app\\Libraries/cfdi_sat/', '')
 3 APPPATH\Libraries\cfdi_sat\satxmlsv33.php(27): GeneraXML->satxmlsv33_genera_xml([...], '', 'C:\\xampp\\htdocs\\pos\\app\\Libraries/cfdi_sat/', '')
 4 APPPATH\Controllers\Factura.php(64): GeneraXML->satxmlsv33([...], '', 'C:\\xampp\\htdocs\\pos\\app\\Libraries/cfdi_sat/', '')
 5 SYSTEMPATH\CodeIgniter.php(933): App\Controllers\Factura->facturar('11')
 6 SYSTEMPATH\CodeIgniter.php(507): CodeIgniter\CodeIgniter->runController(Object(App\Controllers\Factura))
 7 SYSTEMPATH\CodeIgniter.php(354): CodeIgniter\CodeIgniter->handleRequest(null, Object(Config\Cache), false)
 8 SYSTEMPATH\Boot.php(363): CodeIgniter\CodeIgniter->run()
 9 SYSTEMPATH\Boot.php(68): CodeIgniter\Boot::runCodeIgniter(Object(CodeIgniter\CodeIgniter))
10 FCPATH\index.php(59): CodeIgniter\Boot::bootWeb(Object(Config\Paths))
WARNING - 2025-11-28 21:45:16 --> [DEPRECATED] Function utf8_encode() is deprecated in APPPATH\Libraries\cfdi_sat\satxmlsv33.php on line 242.
 1 APPPATH\Libraries\cfdi_sat\satxmlsv33.php(123): GeneraXML->satxmlsv33_cargaAtt(Object(DOMElement), [...])
 2 APPPATH\Libraries\cfdi_sat\satxmlsv33.php(42): GeneraXML->satxmlsv33_conceptos([...], '', 'C:\\xampp\\htdocs\\pos\\app\\Libraries/cfdi_sat/', '')
 3 APPPATH\Libraries\cfdi_sat\satxmlsv33.php(27): GeneraXML->satxmlsv33_genera_xml([...], '', 'C:\\xampp\\htdocs\\pos\\app\\Libraries/cfdi_sat/', '')
 4 APPPATH\Controllers\Factura.php(64): GeneraXML->satxmlsv33([...], '', 'C:\\xampp\\htdocs\\pos\\app\\Libraries/cfdi_sat/', '')
 5 SYSTEMPATH\CodeIgniter.php(933): App\Controllers\Factura->facturar('11')
 6 SYSTEMPATH\CodeIgniter.php(507): CodeIgniter\CodeIgniter->runController(Object(App\Controllers\Factura))
 7 SYSTEMPATH\CodeIgniter.php(354): CodeIgniter\CodeIgniter->handleRequest(null, Object(Config\Cache), false)
 8 SYSTEMPATH\Boot.php(363): CodeIgniter\CodeIgniter->run()
 9 SYSTEMPATH\Boot.php(68): CodeIgniter\Boot::runCodeIgniter(Object(CodeIgniter\CodeIgniter))
10 FCPATH\index.php(59): CodeIgniter\Boot::bootWeb(Object(Config\Paths))
WARNING - 2025-11-28 21:45:16 --> [DEPRECATED] Function utf8_encode() is deprecated in APPPATH\Libraries\cfdi_sat\satxmlsv33.php on line 242.
 1 APPPATH\Libraries\cfdi_sat\satxmlsv33.php(123): GeneraXML->satxmlsv33_cargaAtt(Object(DOMElement), [...])
 2 APPPATH\Libraries\cfdi_sat\satxmlsv33.php(42): GeneraXML->satxmlsv33_conceptos([...], '', 'C:\\xampp\\htdocs\\pos\\app\\Libraries/cfdi_sat/', '')
 3 APPPATH\Libraries\cfdi_sat\satxmlsv33.php(27): GeneraXML->satxmlsv33_genera_xml([...], '', 'C:\\xampp\\htdocs\\pos\\app\\Libraries/cfdi_sat/', '')
 4 APPPATH\Controllers\Factura.php(64): GeneraXML->satxmlsv33([...], '', 'C:\\xampp\\htdocs\\pos\\app\\Libraries/cfdi_sat/', '')
 5 SYSTEMPATH\CodeIgniter.php(933): App\Controllers\Factura->facturar('11')
 6 SYSTEMPATH\CodeIgniter.php(507): CodeIgniter\CodeIgniter->runController(Object(App\Controllers\Factura))
 7 SYSTEMPATH\CodeIgniter.php(354): CodeIgniter\CodeIgniter->handleRequest(null, Object(Config\Cache), false)
 8 SYSTEMPATH\Boot.php(363): CodeIgniter\CodeIgniter->run()
 9 SYSTEMPATH\Boot.php(68): CodeIgniter\Boot::runCodeIgniter(Object(CodeIgniter\CodeIgniter))
10 FCPATH\index.php(59): CodeIgniter\Boot::bootWeb(Object(Config\Paths))
WARNING - 2025-11-28 21:45:16 --> [DEPRECATED] Function utf8_encode() is deprecated in APPPATH\Libraries\cfdi_sat\satxmlsv33.php on line 242.
 1 APPPATH\Libraries\cfdi_sat\satxmlsv33.php(123): GeneraXML->satxmlsv33_cargaAtt(Object(DOMElement), [...])
 2 APPPATH\Libraries\cfdi_sat\satxmlsv33.php(42): GeneraXML->satxmlsv33_conceptos([...], '', 'C:\\xampp\\htdocs\\pos\\app\\Libraries/cfdi_sat/', '')
 3 APPPATH\Libraries\cfdi_sat\satxmlsv33.php(27): GeneraXML->satxmlsv33_genera_xml([...], '', 'C:\\xampp\\htdocs\\pos\\app\\Libraries/cfdi_sat/', '')
 4 APPPATH\Controllers\Factura.php(64): GeneraXML->satxmlsv33([...], '', 'C:\\xampp\\htdocs\\pos\\app\\Libraries/cfdi_sat/', '')
 5 SYSTEMPATH\CodeIgniter.php(933): App\Controllers\Factura->facturar('11')
 6 SYSTEMPATH\CodeIgniter.php(507): CodeIgniter\CodeIgniter->runController(Object(App\Controllers\Factura))
 7 SYSTEMPATH\CodeIgniter.php(354): CodeIgniter\CodeIgniter->handleRequest(null, Object(Config\Cache), false)
 8 SYSTEMPATH\Boot.php(363): CodeIgniter\CodeIgniter->run()
 9 SYSTEMPATH\Boot.php(68): CodeIgniter\Boot::runCodeIgniter(Object(CodeIgniter\CodeIgniter))
10 FCPATH\index.php(59): CodeIgniter\Boot::bootWeb(Object(Config\Paths))
WARNING - 2025-11-28 21:45:16 --> [DEPRECATED] Function utf8_encode() is deprecated in APPPATH\Libraries\cfdi_sat\satxmlsv33.php on line 242.
 1 APPPATH\Libraries\cfdi_sat\satxmlsv33.php(144): GeneraXML->satxmlsv33_cargaAtt(Object(DOMElement), [...])
 2 APPPATH\Libraries\cfdi_sat\satxmlsv33.php(42): GeneraXML->satxmlsv33_conceptos([...], '', 'C:\\xampp\\htdocs\\pos\\app\\Libraries/cfdi_sat/', '')
 3 APPPATH\Libraries\cfdi_sat\satxmlsv33.php(27): GeneraXML->satxmlsv33_genera_xml([...], '', 'C:\\xampp\\htdocs\\pos\\app\\Libraries/cfdi_sat/', '')
 4 APPPATH\Controllers\Factura.php(64): GeneraXML->satxmlsv33([...], '', 'C:\\xampp\\htdocs\\pos\\app\\Libraries/cfdi_sat/', '')
 5 SYSTEMPATH\CodeIgniter.php(933): App\Controllers\Factura->facturar('11')
 6 SYSTEMPATH\CodeIgniter.php(507): CodeIgniter\CodeIgniter->runController(Object(App\Controllers\Factura))
 7 SYSTEMPATH\CodeIgniter.php(354): CodeIgniter\CodeIgniter->handleRequest(null, Object(Config\Cache), false)
 8 SYSTEMPATH\Boot.php(363): CodeIgniter\CodeIgniter->run()
 9 SYSTEMPATH\Boot.php(68): CodeIgniter\Boot::runCodeIgniter(Object(CodeIgniter\CodeIgniter))
10 FCPATH\index.php(59): CodeIgniter\Boot::bootWeb(Object(Config\Paths))
WARNING - 2025-11-28 21:45:16 --> [DEPRECATED] Function utf8_encode() is deprecated in APPPATH\Libraries\cfdi_sat\satxmlsv33.php on line 242.
 1 APPPATH\Libraries\cfdi_sat\satxmlsv33.php(144): GeneraXML->satxmlsv33_cargaAtt(Object(DOMElement), [...])
 2 APPPATH\Libraries\cfdi_sat\satxmlsv33.php(42): GeneraXML->satxmlsv33_conceptos([...], '', 'C:\\xampp\\htdocs\\pos\\app\\Libraries/cfdi_sat/', '')
 3 APPPATH\Libraries\cfdi_sat\satxmlsv33.php(27): GeneraXML->satxmlsv33_genera_xml([...], '', 'C:\\xampp\\htdocs\\pos\\app\\Libraries/cfdi_sat/', '')
 4 APPPATH\Controllers\Factura.php(64): GeneraXML->satxmlsv33([...], '', 'C:\\xampp\\htdocs\\pos\\app\\Libraries/cfdi_sat/', '')
 5 SYSTEMPATH\CodeIgniter.php(933): App\Controllers\Factura->facturar('11')
 6 SYSTEMPATH\CodeIgniter.php(507): CodeIgniter\CodeIgniter->runController(Object(App\Controllers\Factura))
 7 SYSTEMPATH\CodeIgniter.php(354): CodeIgniter\CodeIgniter->handleRequest(null, Object(Config\Cache), false)
 8 SYSTEMPATH\Boot.php(363): CodeIgniter\CodeIgniter->run()
 9 SYSTEMPATH\Boot.php(68): CodeIgniter\Boot::runCodeIgniter(Object(CodeIgniter\CodeIgniter))
10 FCPATH\index.php(59): CodeIgniter\Boot::bootWeb(Object(Config\Paths))
WARNING - 2025-11-28 21:45:16 --> [DEPRECATED] Function utf8_encode() is deprecated in APPPATH\Libraries\cfdi_sat\satxmlsv33.php on line 242.
 1 APPPATH\Libraries\cfdi_sat\satxmlsv33.php(144): GeneraXML->satxmlsv33_cargaAtt(Object(DOMElement), [...])
 2 APPPATH\Libraries\cfdi_sat\satxmlsv33.php(42): GeneraXML->satxmlsv33_conceptos([...], '', 'C:\\xampp\\htdocs\\pos\\app\\Libraries/cfdi_sat/', '')
 3 APPPATH\Libraries\cfdi_sat\satxmlsv33.php(27): GeneraXML->satxmlsv33_genera_xml([...], '', 'C:\\xampp\\htdocs\\pos\\app\\Libraries/cfdi_sat/', '')
 4 APPPATH\Controllers\Factura.php(64): GeneraXML->satxmlsv33([...], '', 'C:\\xampp\\htdocs\\pos\\app\\Libraries/cfdi_sat/', '')
 5 SYSTEMPATH\CodeIgniter.php(933): App\Controllers\Factura->facturar('11')
 6 SYSTEMPATH\CodeIgniter.php(507): CodeIgniter\CodeIgniter->runController(Object(App\Controllers\Factura))
 7 SYSTEMPATH\CodeIgniter.php(354): CodeIgniter\CodeIgniter->handleRequest(null, Object(Config\Cache), false)
 8 SYSTEMPATH\Boot.php(363): CodeIgniter\CodeIgniter->run()
 9 SYSTEMPATH\Boot.php(68): CodeIgniter\Boot::runCodeIgniter(Object(CodeIgniter\CodeIgniter))
10 FCPATH\index.php(59): CodeIgniter\Boot::bootWeb(Object(Config\Paths))
WARNING - 2025-11-28 21:45:16 --> [DEPRECATED] Function utf8_encode() is deprecated in APPPATH\Libraries\cfdi_sat\satxmlsv33.php on line 242.
 1 APPPATH\Libraries\cfdi_sat\satxmlsv33.php(144): GeneraXML->satxmlsv33_cargaAtt(Object(DOMElement), [...])
 2 APPPATH\Libraries\cfdi_sat\satxmlsv33.php(42): GeneraXML->satxmlsv33_conceptos([...], '', 'C:\\xampp\\htdocs\\pos\\app\\Libraries/cfdi_sat/', '')
 3 APPPATH\Libraries\cfdi_sat\satxmlsv33.php(27): GeneraXML->satxmlsv33_genera_xml([...], '', 'C:\\xampp\\htdocs\\pos\\app\\Libraries/cfdi_sat/', '')
 4 APPPATH\Controllers\Factura.php(64): GeneraXML->satxmlsv33([...], '', 'C:\\xampp\\htdocs\\pos\\app\\Libraries/cfdi_sat/', '')
 5 SYSTEMPATH\CodeIgniter.php(933): App\Controllers\Factura->facturar('11')
 6 SYSTEMPATH\CodeIgniter.php(507): CodeIgniter\CodeIgniter->runController(Object(App\Controllers\Factura))
 7 SYSTEMPATH\CodeIgniter.php(354): CodeIgniter\CodeIgniter->handleRequest(null, Object(Config\Cache), false)
 8 SYSTEMPATH\Boot.php(363): CodeIgniter\CodeIgniter->run()
 9 SYSTEMPATH\Boot.php(68): CodeIgniter\Boot::runCodeIgniter(Object(CodeIgniter\CodeIgniter))
10 FCPATH\index.php(59): CodeIgniter\Boot::bootWeb(Object(Config\Paths))
WARNING - 2025-11-28 21:45:16 --> [DEPRECATED] Function utf8_encode() is deprecated in APPPATH\Libraries\cfdi_sat\satxmlsv33.php on line 242.
 1 APPPATH\Libraries\cfdi_sat\satxmlsv33.php(144): GeneraXML->satxmlsv33_cargaAtt(Object(DOMElement), [...])
 2 APPPATH\Libraries\cfdi_sat\satxmlsv33.php(42): GeneraXML->satxmlsv33_conceptos([...], '', 'C:\\xampp\\htdocs\\pos\\app\\Libraries/cfdi_sat/', '')
 3 APPPATH\Libraries\cfdi_sat\satxmlsv33.php(27): GeneraXML->satxmlsv33_genera_xml([...], '', 'C:\\xampp\\htdocs\\pos\\app\\Libraries/cfdi_sat/', '')
 4 APPPATH\Controllers\Factura.php(64): GeneraXML->satxmlsv33([...], '', 'C:\\xampp\\htdocs\\pos\\app\\Libraries/cfdi_sat/', '')
 5 SYSTEMPATH\CodeIgniter.php(933): App\Controllers\Factura->facturar('11')
 6 SYSTEMPATH\CodeIgniter.php(507): CodeIgniter\CodeIgniter->runController(Object(App\Controllers\Factura))
 7 SYSTEMPATH\CodeIgniter.php(354): CodeIgniter\CodeIgniter->handleRequest(null, Object(Config\Cache), false)
 8 SYSTEMPATH\Boot.php(363): CodeIgniter\CodeIgniter->run()
 9 SYSTEMPATH\Boot.php(68): CodeIgniter\Boot::runCodeIgniter(Object(CodeIgniter\CodeIgniter))
10 FCPATH\index.php(59): CodeIgniter\Boot::bootWeb(Object(Config\Paths))
WARNING - 2025-11-28 21:45:16 --> [DEPRECATED] Function utf8_encode() is deprecated in APPPATH\Libraries\cfdi_sat\satxmlsv33.php on line 242.
 1 APPPATH\Libraries\cfdi_sat\satxmlsv33.php(165): GeneraXML->satxmlsv33_cargaAtt(Object(DOMElement), [...])
 2 APPPATH\Libraries\cfdi_sat\satxmlsv33.php(43): GeneraXML->satxmlsv33_impuestos([...], '', 'C:\\xampp\\htdocs\\pos\\app\\Libraries/cfdi_sat/', '')
 3 APPPATH\Libraries\cfdi_sat\satxmlsv33.php(27): GeneraXML->satxmlsv33_genera_xml([...], '', 'C:\\xampp\\htdocs\\pos\\app\\Libraries/cfdi_sat/', '')
 4 APPPATH\Controllers\Factura.php(64): GeneraXML->satxmlsv33([...], '', 'C:\\xampp\\htdocs\\pos\\app\\Libraries/cfdi_sat/', '')
 5 SYSTEMPATH\CodeIgniter.php(933): App\Controllers\Factura->facturar('11')
 6 SYSTEMPATH\CodeIgniter.php(507): CodeIgniter\CodeIgniter->runController(Object(App\Controllers\Factura))
 7 SYSTEMPATH\CodeIgniter.php(354): CodeIgniter\CodeIgniter->handleRequest(null, Object(Config\Cache), false)
 8 SYSTEMPATH\Boot.php(363): CodeIgniter\CodeIgniter->run()
 9 SYSTEMPATH\Boot.php(68): CodeIgniter\Boot::runCodeIgniter(Object(CodeIgniter\CodeIgniter))
10 FCPATH\index.php(59): CodeIgniter\Boot::bootWeb(Object(Config\Paths))
WARNING - 2025-11-28 21:45:16 --> [DEPRECATED] Function utf8_encode() is deprecated in APPPATH\Libraries\cfdi_sat\satxmlsv33.php on line 242.
 1 APPPATH\Libraries\cfdi_sat\satxmlsv33.php(165): GeneraXML->satxmlsv33_cargaAtt(Object(DOMElement), [...])
 2 APPPATH\Libraries\cfdi_sat\satxmlsv33.php(43): GeneraXML->satxmlsv33_impuestos([...], '', 'C:\\xampp\\htdocs\\pos\\app\\Libraries/cfdi_sat/', '')
 3 APPPATH\Libraries\cfdi_sat\satxmlsv33.php(27): GeneraXML->satxmlsv33_genera_xml([...], '', 'C:\\xampp\\htdocs\\pos\\app\\Libraries/cfdi_sat/', '')
 4 APPPATH\Controllers\Factura.php(64): GeneraXML->satxmlsv33([...], '', 'C:\\xampp\\htdocs\\pos\\app\\Libraries/cfdi_sat/', '')
 5 SYSTEMPATH\CodeIgniter.php(933): App\Controllers\Factura->facturar('11')
 6 SYSTEMPATH\CodeIgniter.php(507): CodeIgniter\CodeIgniter->runController(Object(App\Controllers\Factura))
 7 SYSTEMPATH\CodeIgniter.php(354): CodeIgniter\CodeIgniter->handleRequest(null, Object(Config\Cache), false)
 8 SYSTEMPATH\Boot.php(363): CodeIgniter\CodeIgniter->run()
 9 SYSTEMPATH\Boot.php(68): CodeIgniter\Boot::runCodeIgniter(Object(CodeIgniter\CodeIgniter))
10 FCPATH\index.php(59): CodeIgniter\Boot::bootWeb(Object(Config\Paths))
WARNING - 2025-11-28 21:45:16 --> [DEPRECATED] Function utf8_encode() is deprecated in APPPATH\Libraries\cfdi_sat\satxmlsv33.php on line 242.
 1 APPPATH\Libraries\cfdi_sat\satxmlsv33.php(165): GeneraXML->satxmlsv33_cargaAtt(Object(DOMElement), [...])
 2 APPPATH\Libraries\cfdi_sat\satxmlsv33.php(43): GeneraXML->satxmlsv33_impuestos([...], '', 'C:\\xampp\\htdocs\\pos\\app\\Libraries/cfdi_sat/', '')
 3 APPPATH\Libraries\cfdi_sat\satxmlsv33.php(27): GeneraXML->satxmlsv33_genera_xml([...], '', 'C:\\xampp\\htdocs\\pos\\app\\Libraries/cfdi_sat/', '')
 4 APPPATH\Controllers\Factura.php(64): GeneraXML->satxmlsv33([...], '', 'C:\\xampp\\htdocs\\pos\\app\\Libraries/cfdi_sat/', '')
 5 SYSTEMPATH\CodeIgniter.php(933): App\Controllers\Factura->facturar('11')
 6 SYSTEMPATH\CodeIgniter.php(507): CodeIgniter\CodeIgniter->runController(Object(App\Controllers\Factura))
 7 SYSTEMPATH\CodeIgniter.php(354): CodeIgniter\CodeIgniter->handleRequest(null, Object(Config\Cache), false)
 8 SYSTEMPATH\Boot.php(363): CodeIgniter\CodeIgniter->run()
 9 SYSTEMPATH\Boot.php(68): CodeIgniter\Boot::runCodeIgniter(Object(CodeIgniter\CodeIgniter))
10 FCPATH\index.php(59): CodeIgniter\Boot::bootWeb(Object(Config\Paths))
WARNING - 2025-11-28 21:45:16 --> [DEPRECATED] Function utf8_encode() is deprecated in APPPATH\Libraries\cfdi_sat\satxmlsv33.php on line 242.
 1 APPPATH\Libraries\cfdi_sat\satxmlsv33.php(165): GeneraXML->satxmlsv33_cargaAtt(Object(DOMElement), [...])
 2 APPPATH\Libraries\cfdi_sat\satxmlsv33.php(43): GeneraXML->satxmlsv33_impuestos([...], '', 'C:\\xampp\\htdocs\\pos\\app\\Libraries/cfdi_sat/', '')
 3 APPPATH\Libraries\cfdi_sat\satxmlsv33.php(27): GeneraXML->satxmlsv33_genera_xml([...], '', 'C:\\xampp\\htdocs\\pos\\app\\Libraries/cfdi_sat/', '')
 4 APPPATH\Controllers\Factura.php(64): GeneraXML->satxmlsv33([...], '', 'C:\\xampp\\htdocs\\pos\\app\\Libraries/cfdi_sat/', '')
 5 SYSTEMPATH\CodeIgniter.php(933): App\Controllers\Factura->facturar('11')
 6 SYSTEMPATH\CodeIgniter.php(507): CodeIgniter\CodeIgniter->runController(Object(App\Controllers\Factura))
 7 SYSTEMPATH\CodeIgniter.php(354): CodeIgniter\CodeIgniter->handleRequest(null, Object(Config\Cache), false)
 8 SYSTEMPATH\Boot.php(363): CodeIgniter\CodeIgniter->run()
 9 SYSTEMPATH\Boot.php(68): CodeIgniter\Boot::runCodeIgniter(Object(CodeIgniter\CodeIgniter))
10 FCPATH\index.php(59): CodeIgniter\Boot::bootWeb(Object(Config\Paths))
CRITICAL - 2025-11-28 21:45:21 --> Error: Class "XSLTProcessor" not found
[Method: GET, Route: factura/facturar/11]
in APPPATH\Libraries\cfdi_sat\satxmlsv33.php on line 184.
 1 APPPATH\Libraries\cfdi_sat\satxmlsv33.php(28): GeneraXML->satxmlsv33_genera_cadena_original('C:\\xampp\\htdocs\\pos\\app\\Libraries/cfdi_sat/')
 2 APPPATH\Controllers\Factura.php(64): GeneraXML->satxmlsv33([...], '', 'C:\\xampp\\htdocs\\pos\\app\\Libraries/cfdi_sat/', '')
 3 SYSTEMPATH\CodeIgniter.php(933): App\Controllers\Factura->facturar('11')
 4 SYSTEMPATH\CodeIgniter.php(507): CodeIgniter\CodeIgniter->runController(Object(App\Controllers\Factura))
 5 SYSTEMPATH\CodeIgniter.php(354): CodeIgniter\CodeIgniter->handleRequest(null, Object(Config\Cache), false)
 6 SYSTEMPATH\Boot.php(363): CodeIgniter\CodeIgniter->run()
 7 SYSTEMPATH\Boot.php(68): CodeIgniter\Boot::runCodeIgniter(Object(CodeIgniter\CodeIgniter))
 8 FCPATH\index.php(59): CodeIgniter\Boot::bootWeb(Object(Config\Paths))
WARNING - 2025-11-28 21:52:02 --> [DEPRECATED] Function utf8_encode() is deprecated in APPPATH\Libraries\cfdi_sat\satxmlsv33.php on line 242.
 1 APPPATH\Libraries\cfdi_sat\satxmlsv33.php(57): GeneraXML->satxmlsv33_cargaAtt(Object(DOMElement), [...])
 2 APPPATH\Libraries\cfdi_sat\satxmlsv33.php(39): GeneraXML->satxmlsv33_generales([...], '', 'C:\\xampp\\htdocs\\pos\\app\\Libraries/cfdi_sat/', '')
 3 APPPATH\Libraries\cfdi_sat\satxmlsv33.php(27): GeneraXML->satxmlsv33_genera_xml([...], '', 'C:\\xampp\\htdocs\\pos\\app\\Libraries/cfdi_sat/', '')
 4 APPPATH\Controllers\Factura.php(64): GeneraXML->satxmlsv33([...], '', 'C:\\xampp\\htdocs\\pos\\app\\Libraries/cfdi_sat/', '')
 5 SYSTEMPATH\CodeIgniter.php(933): App\Controllers\Factura->facturar('11')
 6 SYSTEMPATH\CodeIgniter.php(507): CodeIgniter\CodeIgniter->runController(Object(App\Controllers\Factura))
 7 SYSTEMPATH\CodeIgniter.php(354): CodeIgniter\CodeIgniter->handleRequest(null, Object(Config\Cache), false)
 8 SYSTEMPATH\Boot.php(363): CodeIgniter\CodeIgniter->run()
 9 SYSTEMPATH\Boot.php(68): CodeIgniter\Boot::runCodeIgniter(Object(CodeIgniter\CodeIgniter))
10 FCPATH\index.php(59): CodeIgniter\Boot::bootWeb(Object(Config\Paths))
WARNING - 2025-11-28 21:52:02 --> [DEPRECATED] Function utf8_encode() is deprecated in APPPATH\Libraries\cfdi_sat\satxmlsv33.php on line 242.
 1 APPPATH\Libraries\cfdi_sat\satxmlsv33.php(57): GeneraXML->satxmlsv33_cargaAtt(Object(DOMElement), [...])
 2 APPPATH\Libraries\cfdi_sat\satxmlsv33.php(39): GeneraXML->satxmlsv33_generales([...], '', 'C:\\xampp\\htdocs\\pos\\app\\Libraries/cfdi_sat/', '')
 3 APPPATH\Libraries\cfdi_sat\satxmlsv33.php(27): GeneraXML->satxmlsv33_genera_xml([...], '', 'C:\\xampp\\htdocs\\pos\\app\\Libraries/cfdi_sat/', '')
 4 APPPATH\Controllers\Factura.php(64): GeneraXML->satxmlsv33([...], '', 'C:\\xampp\\htdocs\\pos\\app\\Libraries/cfdi_sat/', '')
 5 SYSTEMPATH\CodeIgniter.php(933): App\Controllers\Factura->facturar('11')
 6 SYSTEMPATH\CodeIgniter.php(507): CodeIgniter\CodeIgniter->runController(Object(App\Controllers\Factura))
 7 SYSTEMPATH\CodeIgniter.php(354): CodeIgniter\CodeIgniter->handleRequest(null, Object(Config\Cache), false)
 8 SYSTEMPATH\Boot.php(363): CodeIgniter\CodeIgniter->run()
 9 SYSTEMPATH\Boot.php(68): CodeIgniter\Boot::runCodeIgniter(Object(CodeIgniter\CodeIgniter))
10 FCPATH\index.php(59): CodeIgniter\Boot::bootWeb(Object(Config\Paths))
WARNING - 2025-11-28 21:52:02 --> [DEPRECATED] Function utf8_encode() is deprecated in APPPATH\Libraries\cfdi_sat\satxmlsv33.php on line 242.
 1 APPPATH\Libraries\cfdi_sat\satxmlsv33.php(57): GeneraXML->satxmlsv33_cargaAtt(Object(DOMElement), [...])
 2 APPPATH\Libraries\cfdi_sat\satxmlsv33.php(39): GeneraXML->satxmlsv33_generales([...], '', 'C:\\xampp\\htdocs\\pos\\app\\Libraries/cfdi_sat/', '')
 3 APPPATH\Libraries\cfdi_sat\satxmlsv33.php(27): GeneraXML->satxmlsv33_genera_xml([...], '', 'C:\\xampp\\htdocs\\pos\\app\\Libraries/cfdi_sat/', '')
 4 APPPATH\Controllers\Factura.php(64): GeneraXML->satxmlsv33([...], '', 'C:\\xampp\\htdocs\\pos\\app\\Libraries/cfdi_sat/', '')
 5 SYSTEMPATH\CodeIgniter.php(933): App\Controllers\Factura->facturar('11')
 6 SYSTEMPATH\CodeIgniter.php(507): CodeIgniter\CodeIgniter->runController(Object(App\Controllers\Factura))
 7 SYSTEMPATH\CodeIgniter.php(354): CodeIgniter\CodeIgniter->handleRequest(null, Object(Config\Cache), false)
 8 SYSTEMPATH\Boot.php(363): CodeIgniter\CodeIgniter->run()
 9 SYSTEMPATH\Boot.php(68): CodeIgniter\Boot::runCodeIgniter(Object(CodeIgniter\CodeIgniter))
10 FCPATH\index.php(59): CodeIgniter\Boot::bootWeb(Object(Config\Paths))
WARNING - 2025-11-28 21:52:02 --> [DEPRECATED] substr(): Passing null to parameter #1 ($string) of type string is deprecated in APPPATH\Libraries\cfdi_sat\satxmlsv33.php on line 250.
 1 APPPATH\Libraries\cfdi_sat\satxmlsv33.php(250): substr(null, 0, 4)
 2 APPPATH\Libraries\cfdi_sat\satxmlsv33.php(82): GeneraXML->satxmlsv33_xml_fech(null)
 3 APPPATH\Libraries\cfdi_sat\satxmlsv33.php(39): GeneraXML->satxmlsv33_generales([...], '', 'C:\\xampp\\htdocs\\pos\\app\\Libraries/cfdi_sat/', '')
 4 APPPATH\Libraries\cfdi_sat\satxmlsv33.php(27): GeneraXML->satxmlsv33_genera_xml([...], '', 'C:\\xampp\\htdocs\\pos\\app\\Libraries/cfdi_sat/', '')
 5 APPPATH\Controllers\Factura.php(64): GeneraXML->satxmlsv33([...], '', 'C:\\xampp\\htdocs\\pos\\app\\Libraries/cfdi_sat/', '')
 6 SYSTEMPATH\CodeIgniter.php(933): App\Controllers\Factura->facturar('11')
 7 SYSTEMPATH\CodeIgniter.php(507): CodeIgniter\CodeIgniter->runController(Object(App\Controllers\Factura))
 8 SYSTEMPATH\CodeIgniter.php(354): CodeIgniter\CodeIgniter->handleRequest(null, Object(Config\Cache), false)
 9 SYSTEMPATH\Boot.php(363): CodeIgniter\CodeIgniter->run()
10 SYSTEMPATH\Boot.php(68): CodeIgniter\Boot::runCodeIgniter(Object(CodeIgniter\CodeIgniter))
11 FCPATH\index.php(59): CodeIgniter\Boot::bootWeb(Object(Config\Paths))
WARNING - 2025-11-28 21:52:02 --> [DEPRECATED] substr(): Passing null to parameter #1 ($string) of type string is deprecated in APPPATH\Libraries\cfdi_sat\satxmlsv33.php on line 251.
 1 APPPATH\Libraries\cfdi_sat\satxmlsv33.php(251): substr(null, 4, 2)
 2 APPPATH\Libraries\cfdi_sat\satxmlsv33.php(82): GeneraXML->satxmlsv33_xml_fech(null)
 3 APPPATH\Libraries\cfdi_sat\satxmlsv33.php(39): GeneraXML->satxmlsv33_generales([...], '', 'C:\\xampp\\htdocs\\pos\\app\\Libraries/cfdi_sat/', '')
 4 APPPATH\Libraries\cfdi_sat\satxmlsv33.php(27): GeneraXML->satxmlsv33_genera_xml([...], '', 'C:\\xampp\\htdocs\\pos\\app\\Libraries/cfdi_sat/', '')
 5 APPPATH\Controllers\Factura.php(64): GeneraXML->satxmlsv33([...], '', 'C:\\xampp\\htdocs\\pos\\app\\Libraries/cfdi_sat/', '')
 6 SYSTEMPATH\CodeIgniter.php(933): App\Controllers\Factura->facturar('11')
 7 SYSTEMPATH\CodeIgniter.php(507): CodeIgniter\CodeIgniter->runController(Object(App\Controllers\Factura))
 8 SYSTEMPATH\CodeIgniter.php(354): CodeIgniter\CodeIgniter->handleRequest(null, Object(Config\Cache), false)
 9 SYSTEMPATH\Boot.php(363): CodeIgniter\CodeIgniter->run()
10 SYSTEMPATH\Boot.php(68): CodeIgniter\Boot::runCodeIgniter(Object(CodeIgniter\CodeIgniter))
11 FCPATH\index.php(59): CodeIgniter\Boot::bootWeb(Object(Config\Paths))
WARNING - 2025-11-28 21:52:02 --> [DEPRECATED] substr(): Passing null to parameter #1 ($string) of type string is deprecated in APPPATH\Libraries\cfdi_sat\satxmlsv33.php on line 252.
 1 APPPATH\Libraries\cfdi_sat\satxmlsv33.php(252): substr(null, 6, 2)
 2 APPPATH\Libraries\cfdi_sat\satxmlsv33.php(82): GeneraXML->satxmlsv33_xml_fech(null)
 3 APPPATH\Libraries\cfdi_sat\satxmlsv33.php(39): GeneraXML->satxmlsv33_generales([...], '', 'C:\\xampp\\htdocs\\pos\\app\\Libraries/cfdi_sat/', '')
 4 APPPATH\Libraries\cfdi_sat\satxmlsv33.php(27): GeneraXML->satxmlsv33_genera_xml([...], '', 'C:\\xampp\\htdocs\\pos\\app\\Libraries/cfdi_sat/', '')
 5 APPPATH\Controllers\Factura.php(64): GeneraXML->satxmlsv33([...], '', 'C:\\xampp\\htdocs\\pos\\app\\Libraries/cfdi_sat/', '')
 6 SYSTEMPATH\CodeIgniter.php(933): App\Controllers\Factura->facturar('11')
 7 SYSTEMPATH\CodeIgniter.php(507): CodeIgniter\CodeIgniter->runController(Object(App\Controllers\Factura))
 8 SYSTEMPATH\CodeIgniter.php(354): CodeIgniter\CodeIgniter->handleRequest(null, Object(Config\Cache), false)
 9 SYSTEMPATH\Boot.php(363): CodeIgniter\CodeIgniter->run()
10 SYSTEMPATH\Boot.php(68): CodeIgniter\Boot::runCodeIgniter(Object(CodeIgniter\CodeIgniter))
11 FCPATH\index.php(59): CodeIgniter\Boot::bootWeb(Object(Config\Paths))
WARNING - 2025-11-28 21:52:02 --> [DEPRECATED] substr(): Passing null to parameter #1 ($string) of type string is deprecated in APPPATH\Libraries\cfdi_sat\satxmlsv33.php on line 253.
 1 APPPATH\Libraries\cfdi_sat\satxmlsv33.php(253): substr(null, 8, 2)
 2 APPPATH\Libraries\cfdi_sat\satxmlsv33.php(82): GeneraXML->satxmlsv33_xml_fech(null)
 3 APPPATH\Libraries\cfdi_sat\satxmlsv33.php(39): GeneraXML->satxmlsv33_generales([...], '', 'C:\\xampp\\htdocs\\pos\\app\\Libraries/cfdi_sat/', '')
 4 APPPATH\Libraries\cfdi_sat\satxmlsv33.php(27): GeneraXML->satxmlsv33_genera_xml([...], '', 'C:\\xampp\\htdocs\\pos\\app\\Libraries/cfdi_sat/', '')
 5 APPPATH\Controllers\Factura.php(64): GeneraXML->satxmlsv33([...], '', 'C:\\xampp\\htdocs\\pos\\app\\Libraries/cfdi_sat/', '')
 6 SYSTEMPATH\CodeIgniter.php(933): App\Controllers\Factura->facturar('11')
 7 SYSTEMPATH\CodeIgniter.php(507): CodeIgniter\CodeIgniter->runController(Object(App\Controllers\Factura))
 8 SYSTEMPATH\CodeIgniter.php(354): CodeIgniter\CodeIgniter->handleRequest(null, Object(Config\Cache), false)
 9 SYSTEMPATH\Boot.php(363): CodeIgniter\CodeIgniter->run()
10 SYSTEMPATH\Boot.php(68): CodeIgniter\Boot::runCodeIgniter(Object(CodeIgniter\CodeIgniter))
11 FCPATH\index.php(59): CodeIgniter\Boot::bootWeb(Object(Config\Paths))
WARNING - 2025-11-28 21:52:02 --> [DEPRECATED] substr(): Passing null to parameter #1 ($string) of type string is deprecated in APPPATH\Libraries\cfdi_sat\satxmlsv33.php on line 254.
 1 APPPATH\Libraries\cfdi_sat\satxmlsv33.php(254): substr(null, 10, 2)
 2 APPPATH\Libraries\cfdi_sat\satxmlsv33.php(82): GeneraXML->satxmlsv33_xml_fech(null)
 3 APPPATH\Libraries\cfdi_sat\satxmlsv33.php(39): GeneraXML->satxmlsv33_generales([...], '', 'C:\\xampp\\htdocs\\pos\\app\\Libraries/cfdi_sat/', '')
 4 APPPATH\Libraries\cfdi_sat\satxmlsv33.php(27): GeneraXML->satxmlsv33_genera_xml([...], '', 'C:\\xampp\\htdocs\\pos\\app\\Libraries/cfdi_sat/', '')
 5 APPPATH\Controllers\Factura.php(64): GeneraXML->satxmlsv33([...], '', 'C:\\xampp\\htdocs\\pos\\app\\Libraries/cfdi_sat/', '')
 6 SYSTEMPATH\CodeIgniter.php(933): App\Controllers\Factura->facturar('11')
 7 SYSTEMPATH\CodeIgniter.php(507): CodeIgniter\CodeIgniter->runController(Object(App\Controllers\Factura))
 8 SYSTEMPATH\CodeIgniter.php(354): CodeIgniter\CodeIgniter->handleRequest(null, Object(Config\Cache), false)
 9 SYSTEMPATH\Boot.php(363): CodeIgniter\CodeIgniter->run()
10 SYSTEMPATH\Boot.php(68): CodeIgniter\Boot::runCodeIgniter(Object(CodeIgniter\CodeIgniter))
11 FCPATH\index.php(59): CodeIgniter\Boot::bootWeb(Object(Config\Paths))
WARNING - 2025-11-28 21:52:02 --> [DEPRECATED] substr(): Passing null to parameter #1 ($string) of type string is deprecated in APPPATH\Libraries\cfdi_sat\satxmlsv33.php on line 255.
 1 APPPATH\Libraries\cfdi_sat\satxmlsv33.php(255): substr(null, 12, 2)
 2 APPPATH\Libraries\cfdi_sat\satxmlsv33.php(82): GeneraXML->satxmlsv33_xml_fech(null)
 3 APPPATH\Libraries\cfdi_sat\satxmlsv33.php(39): GeneraXML->satxmlsv33_generales([...], '', 'C:\\xampp\\htdocs\\pos\\app\\Libraries/cfdi_sat/', '')
 4 APPPATH\Libraries\cfdi_sat\satxmlsv33.php(27): GeneraXML->satxmlsv33_genera_xml([...], '', 'C:\\xampp\\htdocs\\pos\\app\\Libraries/cfdi_sat/', '')
 5 APPPATH\Controllers\Factura.php(64): GeneraXML->satxmlsv33([...], '', 'C:\\xampp\\htdocs\\pos\\app\\Libraries/cfdi_sat/', '')
 6 SYSTEMPATH\CodeIgniter.php(933): App\Controllers\Factura->facturar('11')
 7 SYSTEMPATH\CodeIgniter.php(507): CodeIgniter\CodeIgniter->runController(Object(App\Controllers\Factura))
 8 SYSTEMPATH\CodeIgniter.php(354): CodeIgniter\CodeIgniter->handleRequest(null, Object(Config\Cache), false)
 9 SYSTEMPATH\Boot.php(363): CodeIgniter\CodeIgniter->run()
10 SYSTEMPATH\Boot.php(68): CodeIgniter\Boot::runCodeIgniter(Object(CodeIgniter\CodeIgniter))
11 FCPATH\index.php(59): CodeIgniter\Boot::bootWeb(Object(Config\Paths))
WARNING - 2025-11-28 21:52:02 --> [DEPRECATED] Function utf8_encode() is deprecated in APPPATH\Libraries\cfdi_sat\satxmlsv33.php on line 242.
 1 APPPATH\Libraries\cfdi_sat\satxmlsv33.php(64): GeneraXML->satxmlsv33_cargaAtt(Object(DOMElement), [...])
 2 APPPATH\Libraries\cfdi_sat\satxmlsv33.php(39): GeneraXML->satxmlsv33_generales([...], '', 'C:\\xampp\\htdocs\\pos\\app\\Libraries/cfdi_sat/', '')
 3 APPPATH\Libraries\cfdi_sat\satxmlsv33.php(27): GeneraXML->satxmlsv33_genera_xml([...], '', 'C:\\xampp\\htdocs\\pos\\app\\Libraries/cfdi_sat/', '')
 4 APPPATH\Controllers\Factura.php(64): GeneraXML->satxmlsv33([...], '', 'C:\\xampp\\htdocs\\pos\\app\\Libraries/cfdi_sat/', '')
 5 SYSTEMPATH\CodeIgniter.php(933): App\Controllers\Factura->facturar('11')
 6 SYSTEMPATH\CodeIgniter.php(507): CodeIgniter\CodeIgniter->runController(Object(App\Controllers\Factura))
 7 SYSTEMPATH\CodeIgniter.php(354): CodeIgniter\CodeIgniter->handleRequest(null, Object(Config\Cache), false)
 8 SYSTEMPATH\Boot.php(363): CodeIgniter\CodeIgniter->run()
 9 SYSTEMPATH\Boot.php(68): CodeIgniter\Boot::runCodeIgniter(Object(CodeIgniter\CodeIgniter))
10 FCPATH\index.php(59): CodeIgniter\Boot::bootWeb(Object(Config\Paths))
WARNING - 2025-11-28 21:52:02 --> [DEPRECATED] Function utf8_encode() is deprecated in APPPATH\Libraries\cfdi_sat\satxmlsv33.php on line 242.
 1 APPPATH\Libraries\cfdi_sat\satxmlsv33.php(64): GeneraXML->satxmlsv33_cargaAtt(Object(DOMElement), [...])
 2 APPPATH\Libraries\cfdi_sat\satxmlsv33.php(39): GeneraXML->satxmlsv33_generales([...], '', 'C:\\xampp\\htdocs\\pos\\app\\Libraries/cfdi_sat/', '')
 3 APPPATH\Libraries\cfdi_sat\satxmlsv33.php(27): GeneraXML->satxmlsv33_genera_xml([...], '', 'C:\\xampp\\htdocs\\pos\\app\\Libraries/cfdi_sat/', '')
 4 APPPATH\Controllers\Factura.php(64): GeneraXML->satxmlsv33([...], '', 'C:\\xampp\\htdocs\\pos\\app\\Libraries/cfdi_sat/', '')
 5 SYSTEMPATH\CodeIgniter.php(933): App\Controllers\Factura->facturar('11')
 6 SYSTEMPATH\CodeIgniter.php(507): CodeIgniter\CodeIgniter->runController(Object(App\Controllers\Factura))
 7 SYSTEMPATH\CodeIgniter.php(354): CodeIgniter\CodeIgniter->handleRequest(null, Object(Config\Cache), false)
 8 SYSTEMPATH\Boot.php(363): CodeIgniter\CodeIgniter->run()
 9 SYSTEMPATH\Boot.php(68): CodeIgniter\Boot::runCodeIgniter(Object(CodeIgniter\CodeIgniter))
10 FCPATH\index.php(59): CodeIgniter\Boot::bootWeb(Object(Config\Paths))
WARNING - 2025-11-28 21:52:02 --> [DEPRECATED] Function utf8_encode() is deprecated in APPPATH\Libraries\cfdi_sat\satxmlsv33.php on line 242.
 1 APPPATH\Libraries\cfdi_sat\satxmlsv33.php(64): GeneraXML->satxmlsv33_cargaAtt(Object(DOMElement), [...])
 2 APPPATH\Libraries\cfdi_sat\satxmlsv33.php(39): GeneraXML->satxmlsv33_generales([...], '', 'C:\\xampp\\htdocs\\pos\\app\\Libraries/cfdi_sat/', '')
 3 APPPATH\Libraries\cfdi_sat\satxmlsv33.php(27): GeneraXML->satxmlsv33_genera_xml([...], '', 'C:\\xampp\\htdocs\\pos\\app\\Libraries/cfdi_sat/', '')
 4 APPPATH\Controllers\Factura.php(64): GeneraXML->satxmlsv33([...], '', 'C:\\xampp\\htdocs\\pos\\app\\Libraries/cfdi_sat/', '')
 5 SYSTEMPATH\CodeIgniter.php(933): App\Controllers\Factura->facturar('11')
 6 SYSTEMPATH\CodeIgniter.php(507): CodeIgniter\CodeIgniter->runController(Object(App\Controllers\Factura))
 7 SYSTEMPATH\CodeIgniter.php(354): CodeIgniter\CodeIgniter->handleRequest(null, Object(Config\Cache), false)
 8 SYSTEMPATH\Boot.php(363): CodeIgniter\CodeIgniter->run()
 9 SYSTEMPATH\Boot.php(68): CodeIgniter\Boot::runCodeIgniter(Object(CodeIgniter\CodeIgniter))
10 FCPATH\index.php(59): CodeIgniter\Boot::bootWeb(Object(Config\Paths))
WARNING - 2025-11-28 21:52:02 --> [DEPRECATED] Function utf8_encode() is deprecated in APPPATH\Libraries\cfdi_sat\satxmlsv33.php on line 242.
 1 APPPATH\Libraries\cfdi_sat\satxmlsv33.php(64): GeneraXML->satxmlsv33_cargaAtt(Object(DOMElement), [...])
 2 APPPATH\Libraries\cfdi_sat\satxmlsv33.php(39): GeneraXML->satxmlsv33_generales([...], '', 'C:\\xampp\\htdocs\\pos\\app\\Libraries/cfdi_sat/', '')
 3 APPPATH\Libraries\cfdi_sat\satxmlsv33.php(27): GeneraXML->satxmlsv33_genera_xml([...], '', 'C:\\xampp\\htdocs\\pos\\app\\Libraries/cfdi_sat/', '')
 4 APPPATH\Controllers\Factura.php(64): GeneraXML->satxmlsv33([...], '', 'C:\\xampp\\htdocs\\pos\\app\\Libraries/cfdi_sat/', '')
 5 SYSTEMPATH\CodeIgniter.php(933): App\Controllers\Factura->facturar('11')
 6 SYSTEMPATH\CodeIgniter.php(507): CodeIgniter\CodeIgniter->runController(Object(App\Controllers\Factura))
 7 SYSTEMPATH\CodeIgniter.php(354): CodeIgniter\CodeIgniter->handleRequest(null, Object(Config\Cache), false)
 8 SYSTEMPATH\Boot.php(363): CodeIgniter\CodeIgniter->run()
 9 SYSTEMPATH\Boot.php(68): CodeIgniter\Boot::runCodeIgniter(Object(CodeIgniter\CodeIgniter))
10 FCPATH\index.php(59): CodeIgniter\Boot::bootWeb(Object(Config\Paths))
WARNING - 2025-11-28 21:52:02 --> [DEPRECATED] Function utf8_encode() is deprecated in APPPATH\Libraries\cfdi_sat\satxmlsv33.php on line 242.
 1 APPPATH\Libraries\cfdi_sat\satxmlsv33.php(64): GeneraXML->satxmlsv33_cargaAtt(Object(DOMElement), [...])
 2 APPPATH\Libraries\cfdi_sat\satxmlsv33.php(39): GeneraXML->satxmlsv33_generales([...], '', 'C:\\xampp\\htdocs\\pos\\app\\Libraries/cfdi_sat/', '')
 3 APPPATH\Libraries\cfdi_sat\satxmlsv33.php(27): GeneraXML->satxmlsv33_genera_xml([...], '', 'C:\\xampp\\htdocs\\pos\\app\\Libraries/cfdi_sat/', '')
 4 APPPATH\Controllers\Factura.php(64): GeneraXML->satxmlsv33([...], '', 'C:\\xampp\\htdocs\\pos\\app\\Libraries/cfdi_sat/', '')
 5 SYSTEMPATH\CodeIgniter.php(933): App\Controllers\Factura->facturar('11')
 6 SYSTEMPATH\CodeIgniter.php(507): CodeIgniter\CodeIgniter->runController(Object(App\Controllers\Factura))
 7 SYSTEMPATH\CodeIgniter.php(354): CodeIgniter\CodeIgniter->handleRequest(null, Object(Config\Cache), false)
 8 SYSTEMPATH\Boot.php(363): CodeIgniter\CodeIgniter->run()
 9 SYSTEMPATH\Boot.php(68): CodeIgniter\Boot::runCodeIgniter(Object(CodeIgniter\CodeIgniter))
10 FCPATH\index.php(59): CodeIgniter\Boot::bootWeb(Object(Config\Paths))
WARNING - 2025-11-28 21:52:02 --> [DEPRECATED] Function utf8_encode() is deprecated in APPPATH\Libraries\cfdi_sat\satxmlsv33.php on line 242.
 1 APPPATH\Libraries\cfdi_sat\satxmlsv33.php(64): GeneraXML->satxmlsv33_cargaAtt(Object(DOMElement), [...])
 2 APPPATH\Libraries\cfdi_sat\satxmlsv33.php(39): GeneraXML->satxmlsv33_generales([...], '', 'C:\\xampp\\htdocs\\pos\\app\\Libraries/cfdi_sat/', '')
 3 APPPATH\Libraries\cfdi_sat\satxmlsv33.php(27): GeneraXML->satxmlsv33_genera_xml([...], '', 'C:\\xampp\\htdocs\\pos\\app\\Libraries/cfdi_sat/', '')
 4 APPPATH\Controllers\Factura.php(64): GeneraXML->satxmlsv33([...], '', 'C:\\xampp\\htdocs\\pos\\app\\Libraries/cfdi_sat/', '')
 5 SYSTEMPATH\CodeIgniter.php(933): App\Controllers\Factura->facturar('11')
 6 SYSTEMPATH\CodeIgniter.php(507): CodeIgniter\CodeIgniter->runController(Object(App\Controllers\Factura))
 7 SYSTEMPATH\CodeIgniter.php(354): CodeIgniter\CodeIgniter->handleRequest(null, Object(Config\Cache), false)
 8 SYSTEMPATH\Boot.php(363): CodeIgniter\CodeIgniter->run()
 9 SYSTEMPATH\Boot.php(68): CodeIgniter\Boot::runCodeIgniter(Object(CodeIgniter\CodeIgniter))
10 FCPATH\index.php(59): CodeIgniter\Boot::bootWeb(Object(Config\Paths))
WARNING - 2025-11-28 21:52:02 --> [DEPRECATED] Function utf8_encode() is deprecated in APPPATH\Libraries\cfdi_sat\satxmlsv33.php on line 242.
 1 APPPATH\Libraries\cfdi_sat\satxmlsv33.php(64): GeneraXML->satxmlsv33_cargaAtt(Object(DOMElement), [...])
 2 APPPATH\Libraries\cfdi_sat\satxmlsv33.php(39): GeneraXML->satxmlsv33_generales([...], '', 'C:\\xampp\\htdocs\\pos\\app\\Libraries/cfdi_sat/', '')
 3 APPPATH\Libraries\cfdi_sat\satxmlsv33.php(27): GeneraXML->satxmlsv33_genera_xml([...], '', 'C:\\xampp\\htdocs\\pos\\app\\Libraries/cfdi_sat/', '')
 4 APPPATH\Controllers\Factura.php(64): GeneraXML->satxmlsv33([...], '', 'C:\\xampp\\htdocs\\pos\\app\\Libraries/cfdi_sat/', '')
 5 SYSTEMPATH\CodeIgniter.php(933): App\Controllers\Factura->facturar('11')
 6 SYSTEMPATH\CodeIgniter.php(507): CodeIgniter\CodeIgniter->runController(Object(App\Controllers\Factura))
 7 SYSTEMPATH\CodeIgniter.php(354): CodeIgniter\CodeIgniter->handleRequest(null, Object(Config\Cache), false)
 8 SYSTEMPATH\Boot.php(363): CodeIgniter\CodeIgniter->run()
 9 SYSTEMPATH\Boot.php(68): CodeIgniter\Boot::runCodeIgniter(Object(CodeIgniter\CodeIgniter))
10 FCPATH\index.php(59): CodeIgniter\Boot::bootWeb(Object(Config\Paths))
WARNING - 2025-11-28 21:52:02 --> [DEPRECATED] Function utf8_encode() is deprecated in APPPATH\Libraries\cfdi_sat\satxmlsv33.php on line 242.
 1 APPPATH\Libraries\cfdi_sat\satxmlsv33.php(64): GeneraXML->satxmlsv33_cargaAtt(Object(DOMElement), [...])
 2 APPPATH\Libraries\cfdi_sat\satxmlsv33.php(39): GeneraXML->satxmlsv33_generales([...], '', 'C:\\xampp\\htdocs\\pos\\app\\Libraries/cfdi_sat/', '')
 3 APPPATH\Libraries\cfdi_sat\satxmlsv33.php(27): GeneraXML->satxmlsv33_genera_xml([...], '', 'C:\\xampp\\htdocs\\pos\\app\\Libraries/cfdi_sat/', '')
 4 APPPATH\Controllers\Factura.php(64): GeneraXML->satxmlsv33([...], '', 'C:\\xampp\\htdocs\\pos\\app\\Libraries/cfdi_sat/', '')
 5 SYSTEMPATH\CodeIgniter.php(933): App\Controllers\Factura->facturar('11')
 6 SYSTEMPATH\CodeIgniter.php(507): CodeIgniter\CodeIgniter->runController(Object(App\Controllers\Factura))
 7 SYSTEMPATH\CodeIgniter.php(354): CodeIgniter\CodeIgniter->handleRequest(null, Object(Config\Cache), false)
 8 SYSTEMPATH\Boot.php(363): CodeIgniter\CodeIgniter->run()
 9 SYSTEMPATH\Boot.php(68): CodeIgniter\Boot::runCodeIgniter(Object(CodeIgniter\CodeIgniter))
10 FCPATH\index.php(59): CodeIgniter\Boot::bootWeb(Object(Config\Paths))
WARNING - 2025-11-28 21:52:02 --> [DEPRECATED] Function utf8_encode() is deprecated in APPPATH\Libraries\cfdi_sat\satxmlsv33.php on line 242.
 1 APPPATH\Libraries\cfdi_sat\satxmlsv33.php(64): GeneraXML->satxmlsv33_cargaAtt(Object(DOMElement), [...])
 2 APPPATH\Libraries\cfdi_sat\satxmlsv33.php(39): GeneraXML->satxmlsv33_generales([...], '', 'C:\\xampp\\htdocs\\pos\\app\\Libraries/cfdi_sat/', '')
 3 APPPATH\Libraries\cfdi_sat\satxmlsv33.php(27): GeneraXML->satxmlsv33_genera_xml([...], '', 'C:\\xampp\\htdocs\\pos\\app\\Libraries/cfdi_sat/', '')
 4 APPPATH\Controllers\Factura.php(64): GeneraXML->satxmlsv33([...], '', 'C:\\xampp\\htdocs\\pos\\app\\Libraries/cfdi_sat/', '')
 5 SYSTEMPATH\CodeIgniter.php(933): App\Controllers\Factura->facturar('11')
 6 SYSTEMPATH\CodeIgniter.php(507): CodeIgniter\CodeIgniter->runController(Object(App\Controllers\Factura))
 7 SYSTEMPATH\CodeIgniter.php(354): CodeIgniter\CodeIgniter->handleRequest(null, Object(Config\Cache), false)
 8 SYSTEMPATH\Boot.php(363): CodeIgniter\CodeIgniter->run()
 9 SYSTEMPATH\Boot.php(68): CodeIgniter\Boot::runCodeIgniter(Object(CodeIgniter\CodeIgniter))
10 FCPATH\index.php(59): CodeIgniter\Boot::bootWeb(Object(Config\Paths))
WARNING - 2025-11-28 21:52:02 --> [DEPRECATED] Function utf8_encode() is deprecated in APPPATH\Libraries\cfdi_sat\satxmlsv33.php on line 242.
 1 APPPATH\Libraries\cfdi_sat\satxmlsv33.php(64): GeneraXML->satxmlsv33_cargaAtt(Object(DOMElement), [...])
 2 APPPATH\Libraries\cfdi_sat\satxmlsv33.php(39): GeneraXML->satxmlsv33_generales([...], '', 'C:\\xampp\\htdocs\\pos\\app\\Libraries/cfdi_sat/', '')
 3 APPPATH\Libraries\cfdi_sat\satxmlsv33.php(27): GeneraXML->satxmlsv33_genera_xml([...], '', 'C:\\xampp\\htdocs\\pos\\app\\Libraries/cfdi_sat/', '')
 4 APPPATH\Controllers\Factura.php(64): GeneraXML->satxmlsv33([...], '', 'C:\\xampp\\htdocs\\pos\\app\\Libraries/cfdi_sat/', '')
 5 SYSTEMPATH\CodeIgniter.php(933): App\Controllers\Factura->facturar('11')
 6 SYSTEMPATH\CodeIgniter.php(507): CodeIgniter\CodeIgniter->runController(Object(App\Controllers\Factura))
 7 SYSTEMPATH\CodeIgniter.php(354): CodeIgniter\CodeIgniter->handleRequest(null, Object(Config\Cache), false)
 8 SYSTEMPATH\Boot.php(363): CodeIgniter\CodeIgniter->run()
 9 SYSTEMPATH\Boot.php(68): CodeIgniter\Boot::runCodeIgniter(Object(CodeIgniter\CodeIgniter))
10 FCPATH\index.php(59): CodeIgniter\Boot::bootWeb(Object(Config\Paths))
WARNING - 2025-11-28 21:52:02 --> [DEPRECATED] Function utf8_encode() is deprecated in APPPATH\Libraries\cfdi_sat\satxmlsv33.php on line 242.
 1 APPPATH\Libraries\cfdi_sat\satxmlsv33.php(64): GeneraXML->satxmlsv33_cargaAtt(Object(DOMElement), [...])
 2 APPPATH\Libraries\cfdi_sat\satxmlsv33.php(39): GeneraXML->satxmlsv33_generales([...], '', 'C:\\xampp\\htdocs\\pos\\app\\Libraries/cfdi_sat/', '')
 3 APPPATH\Libraries\cfdi_sat\satxmlsv33.php(27): GeneraXML->satxmlsv33_genera_xml([...], '', 'C:\\xampp\\htdocs\\pos\\app\\Libraries/cfdi_sat/', '')
 4 APPPATH\Controllers\Factura.php(64): GeneraXML->satxmlsv33([...], '', 'C:\\xampp\\htdocs\\pos\\app\\Libraries/cfdi_sat/', '')
 5 SYSTEMPATH\CodeIgniter.php(933): App\Controllers\Factura->facturar('11')
 6 SYSTEMPATH\CodeIgniter.php(507): CodeIgniter\CodeIgniter->runController(Object(App\Controllers\Factura))
 7 SYSTEMPATH\CodeIgniter.php(354): CodeIgniter\CodeIgniter->handleRequest(null, Object(Config\Cache), false)
 8 SYSTEMPATH\Boot.php(363): CodeIgniter\CodeIgniter->run()
 9 SYSTEMPATH\Boot.php(68): CodeIgniter\Boot::runCodeIgniter(Object(CodeIgniter\CodeIgniter))
10 FCPATH\index.php(59): CodeIgniter\Boot::bootWeb(Object(Config\Paths))
WARNING - 2025-11-28 21:52:02 --> [DEPRECATED] Function utf8_encode() is deprecated in APPPATH\Libraries\cfdi_sat\satxmlsv33.php on line 242.
 1 APPPATH\Libraries\cfdi_sat\satxmlsv33.php(64): GeneraXML->satxmlsv33_cargaAtt(Object(DOMElement), [...])
 2 APPPATH\Libraries\cfdi_sat\satxmlsv33.php(39): GeneraXML->satxmlsv33_generales([...], '', 'C:\\xampp\\htdocs\\pos\\app\\Libraries/cfdi_sat/', '')
 3 APPPATH\Libraries\cfdi_sat\satxmlsv33.php(27): GeneraXML->satxmlsv33_genera_xml([...], '', 'C:\\xampp\\htdocs\\pos\\app\\Libraries/cfdi_sat/', '')
 4 APPPATH\Controllers\Factura.php(64): GeneraXML->satxmlsv33([...], '', 'C:\\xampp\\htdocs\\pos\\app\\Libraries/cfdi_sat/', '')
 5 SYSTEMPATH\CodeIgniter.php(933): App\Controllers\Factura->facturar('11')
 6 SYSTEMPATH\CodeIgniter.php(507): CodeIgniter\CodeIgniter->runController(Object(App\Controllers\Factura))
 7 SYSTEMPATH\CodeIgniter.php(354): CodeIgniter\CodeIgniter->handleRequest(null, Object(Config\Cache), false)
 8 SYSTEMPATH\Boot.php(363): CodeIgniter\CodeIgniter->run()
 9 SYSTEMPATH\Boot.php(68): CodeIgniter\Boot::runCodeIgniter(Object(CodeIgniter\CodeIgniter))
10 FCPATH\index.php(59): CodeIgniter\Boot::bootWeb(Object(Config\Paths))
WARNING - 2025-11-28 21:52:02 --> [DEPRECATED] Function utf8_encode() is deprecated in APPPATH\Libraries\cfdi_sat\satxmlsv33.php on line 242.
 1 APPPATH\Libraries\cfdi_sat\satxmlsv33.php(64): GeneraXML->satxmlsv33_cargaAtt(Object(DOMElement), [...])
 2 APPPATH\Libraries\cfdi_sat\satxmlsv33.php(39): GeneraXML->satxmlsv33_generales([...], '', 'C:\\xampp\\htdocs\\pos\\app\\Libraries/cfdi_sat/', '')
 3 APPPATH\Libraries\cfdi_sat\satxmlsv33.php(27): GeneraXML->satxmlsv33_genera_xml([...], '', 'C:\\xampp\\htdocs\\pos\\app\\Libraries/cfdi_sat/', '')
 4 APPPATH\Controllers\Factura.php(64): GeneraXML->satxmlsv33([...], '', 'C:\\xampp\\htdocs\\pos\\app\\Libraries/cfdi_sat/', '')
 5 SYSTEMPATH\CodeIgniter.php(933): App\Controllers\Factura->facturar('11')
 6 SYSTEMPATH\CodeIgniter.php(507): CodeIgniter\CodeIgniter->runController(Object(App\Controllers\Factura))
 7 SYSTEMPATH\CodeIgniter.php(354): CodeIgniter\CodeIgniter->handleRequest(null, Object(Config\Cache), false)
 8 SYSTEMPATH\Boot.php(363): CodeIgniter\CodeIgniter->run()
 9 SYSTEMPATH\Boot.php(68): CodeIgniter\Boot::runCodeIgniter(Object(CodeIgniter\CodeIgniter))
10 FCPATH\index.php(59): CodeIgniter\Boot::bootWeb(Object(Config\Paths))
WARNING - 2025-11-28 21:52:02 --> [DEPRECATED] Function utf8_encode() is deprecated in APPPATH\Libraries\cfdi_sat\satxmlsv33.php on line 242.
 1 APPPATH\Libraries\cfdi_sat\satxmlsv33.php(64): GeneraXML->satxmlsv33_cargaAtt(Object(DOMElement), [...])
 2 APPPATH\Libraries\cfdi_sat\satxmlsv33.php(39): GeneraXML->satxmlsv33_generales([...], '', 'C:\\xampp\\htdocs\\pos\\app\\Libraries/cfdi_sat/', '')
 3 APPPATH\Libraries\cfdi_sat\satxmlsv33.php(27): GeneraXML->satxmlsv33_genera_xml([...], '', 'C:\\xampp\\htdocs\\pos\\app\\Libraries/cfdi_sat/', '')
 4 APPPATH\Controllers\Factura.php(64): GeneraXML->satxmlsv33([...], '', 'C:\\xampp\\htdocs\\pos\\app\\Libraries/cfdi_sat/', '')
 5 SYSTEMPATH\CodeIgniter.php(933): App\Controllers\Factura->facturar('11')
 6 SYSTEMPATH\CodeIgniter.php(507): CodeIgniter\CodeIgniter->runController(Object(App\Controllers\Factura))
 7 SYSTEMPATH\CodeIgniter.php(354): CodeIgniter\CodeIgniter->handleRequest(null, Object(Config\Cache), false)
 8 SYSTEMPATH\Boot.php(363): CodeIgniter\CodeIgniter->run()
 9 SYSTEMPATH\Boot.php(68): CodeIgniter\Boot::runCodeIgniter(Object(CodeIgniter\CodeIgniter))
10 FCPATH\index.php(59): CodeIgniter\Boot::bootWeb(Object(Config\Paths))
WARNING - 2025-11-28 21:52:02 --> [DEPRECATED] Function utf8_encode() is deprecated in APPPATH\Libraries\cfdi_sat\satxmlsv33.php on line 242.
 1 APPPATH\Libraries\cfdi_sat\satxmlsv33.php(64): GeneraXML->satxmlsv33_cargaAtt(Object(DOMElement), [...])
 2 APPPATH\Libraries\cfdi_sat\satxmlsv33.php(39): GeneraXML->satxmlsv33_generales([...], '', 'C:\\xampp\\htdocs\\pos\\app\\Libraries/cfdi_sat/', '')
 3 APPPATH\Libraries\cfdi_sat\satxmlsv33.php(27): GeneraXML->satxmlsv33_genera_xml([...], '', 'C:\\xampp\\htdocs\\pos\\app\\Libraries/cfdi_sat/', '')
 4 APPPATH\Controllers\Factura.php(64): GeneraXML->satxmlsv33([...], '', 'C:\\xampp\\htdocs\\pos\\app\\Libraries/cfdi_sat/', '')
 5 SYSTEMPATH\CodeIgniter.php(933): App\Controllers\Factura->facturar('11')
 6 SYSTEMPATH\CodeIgniter.php(507): CodeIgniter\CodeIgniter->runController(Object(App\Controllers\Factura))
 7 SYSTEMPATH\CodeIgniter.php(354): CodeIgniter\CodeIgniter->handleRequest(null, Object(Config\Cache), false)
 8 SYSTEMPATH\Boot.php(363): CodeIgniter\CodeIgniter->run()
 9 SYSTEMPATH\Boot.php(68): CodeIgniter\Boot::runCodeIgniter(Object(CodeIgniter\CodeIgniter))
10 FCPATH\index.php(59): CodeIgniter\Boot::bootWeb(Object(Config\Paths))
WARNING - 2025-11-28 21:52:02 --> [DEPRECATED] strlen(): Passing null to parameter #1 ($string) of type string is deprecated in APPPATH\Libraries\cfdi_sat\satxmlsv33.php on line 232.
 1 APPPATH\Libraries\cfdi_sat\satxmlsv33.php(64): GeneraXML->satxmlsv33_cargaAtt(Object(DOMElement), [...])
 2 APPPATH\Libraries\cfdi_sat\satxmlsv33.php(39): GeneraXML->satxmlsv33_generales([...], '', 'C:\\xampp\\htdocs\\pos\\app\\Libraries/cfdi_sat/', '')
 3 APPPATH\Libraries\cfdi_sat\satxmlsv33.php(27): GeneraXML->satxmlsv33_genera_xml([...], '', 'C:\\xampp\\htdocs\\pos\\app\\Libraries/cfdi_sat/', '')
 4 APPPATH\Controllers\Factura.php(64): GeneraXML->satxmlsv33([...], '', 'C:\\xampp\\htdocs\\pos\\app\\Libraries/cfdi_sat/', '')
 5 SYSTEMPATH\CodeIgniter.php(933): App\Controllers\Factura->facturar('11')
 6 SYSTEMPATH\CodeIgniter.php(507): CodeIgniter\CodeIgniter->runController(Object(App\Controllers\Factura))
 7 SYSTEMPATH\CodeIgniter.php(354): CodeIgniter\CodeIgniter->handleRequest(null, Object(Config\Cache), false)
 8 SYSTEMPATH\Boot.php(363): CodeIgniter\CodeIgniter->run()
 9 SYSTEMPATH\Boot.php(68): CodeIgniter\Boot::runCodeIgniter(Object(CodeIgniter\CodeIgniter))
10 FCPATH\index.php(59): CodeIgniter\Boot::bootWeb(Object(Config\Paths))
WARNING - 2025-11-28 21:52:02 --> [DEPRECATED] preg_replace(): Passing null to parameter #3 ($subject) of type array|string is deprecated in APPPATH\Libraries\cfdi_sat\satxmlsv33.php on line 238.
 1 APPPATH\Libraries\cfdi_sat\satxmlsv33.php(238): preg_replace('/\\s\\s+/', ' ', null)
 2 APPPATH\Libraries\cfdi_sat\satxmlsv33.php(64): GeneraXML->satxmlsv33_cargaAtt(Object(DOMElement), [...])
 3 APPPATH\Libraries\cfdi_sat\satxmlsv33.php(39): GeneraXML->satxmlsv33_generales([...], '', 'C:\\xampp\\htdocs\\pos\\app\\Libraries/cfdi_sat/', '')
 4 APPPATH\Libraries\cfdi_sat\satxmlsv33.php(27): GeneraXML->satxmlsv33_genera_xml([...], '', 'C:\\xampp\\htdocs\\pos\\app\\Libraries/cfdi_sat/', '')
 5 APPPATH\Controllers\Factura.php(64): GeneraXML->satxmlsv33([...], '', 'C:\\xampp\\htdocs\\pos\\app\\Libraries/cfdi_sat/', '')
 6 SYSTEMPATH\CodeIgniter.php(933): App\Controllers\Factura->facturar('11')
 7 SYSTEMPATH\CodeIgniter.php(507): CodeIgniter\CodeIgniter->runController(Object(App\Controllers\Factura))
 8 SYSTEMPATH\CodeIgniter.php(354): CodeIgniter\CodeIgniter->handleRequest(null, Object(Config\Cache), false)
 9 SYSTEMPATH\Boot.php(363): CodeIgniter\CodeIgniter->run()
10 SYSTEMPATH\Boot.php(68): CodeIgniter\Boot::runCodeIgniter(Object(CodeIgniter\CodeIgniter))
11 FCPATH\index.php(59): CodeIgniter\Boot::bootWeb(Object(Config\Paths))
WARNING - 2025-11-28 21:52:02 --> [DEPRECATED] strlen(): Passing null to parameter #1 ($string) of type string is deprecated in APPPATH\Libraries\cfdi_sat\satxmlsv33.php on line 232.
 1 APPPATH\Libraries\cfdi_sat\satxmlsv33.php(64): GeneraXML->satxmlsv33_cargaAtt(Object(DOMElement), [...])
 2 APPPATH\Libraries\cfdi_sat\satxmlsv33.php(39): GeneraXML->satxmlsv33_generales([...], '', 'C:\\xampp\\htdocs\\pos\\app\\Libraries/cfdi_sat/', '')
 3 APPPATH\Libraries\cfdi_sat\satxmlsv33.php(27): GeneraXML->satxmlsv33_genera_xml([...], '', 'C:\\xampp\\htdocs\\pos\\app\\Libraries/cfdi_sat/', '')
 4 APPPATH\Controllers\Factura.php(64): GeneraXML->satxmlsv33([...], '', 'C:\\xampp\\htdocs\\pos\\app\\Libraries/cfdi_sat/', '')
 5 SYSTEMPATH\CodeIgniter.php(933): App\Controllers\Factura->facturar('11')
 6 SYSTEMPATH\CodeIgniter.php(507): CodeIgniter\CodeIgniter->runController(Object(App\Controllers\Factura))
 7 SYSTEMPATH\CodeIgniter.php(354): CodeIgniter\CodeIgniter->handleRequest(null, Object(Config\Cache), false)
 8 SYSTEMPATH\Boot.php(363): CodeIgniter\CodeIgniter->run()
 9 SYSTEMPATH\Boot.php(68): CodeIgniter\Boot::runCodeIgniter(Object(CodeIgniter\CodeIgniter))
10 FCPATH\index.php(59): CodeIgniter\Boot::bootWeb(Object(Config\Paths))
WARNING - 2025-11-28 21:52:02 --> [DEPRECATED] preg_replace(): Passing null to parameter #3 ($subject) of type array|string is deprecated in APPPATH\Libraries\cfdi_sat\satxmlsv33.php on line 238.
 1 APPPATH\Libraries\cfdi_sat\satxmlsv33.php(238): preg_replace('/\\s\\s+/', ' ', null)
 2 APPPATH\Libraries\cfdi_sat\satxmlsv33.php(64): GeneraXML->satxmlsv33_cargaAtt(Object(DOMElement), [...])
 3 APPPATH\Libraries\cfdi_sat\satxmlsv33.php(39): GeneraXML->satxmlsv33_generales([...], '', 'C:\\xampp\\htdocs\\pos\\app\\Libraries/cfdi_sat/', '')
 4 APPPATH\Libraries\cfdi_sat\satxmlsv33.php(27): GeneraXML->satxmlsv33_genera_xml([...], '', 'C:\\xampp\\htdocs\\pos\\app\\Libraries/cfdi_sat/', '')
 5 APPPATH\Controllers\Factura.php(64): GeneraXML->satxmlsv33([...], '', 'C:\\xampp\\htdocs\\pos\\app\\Libraries/cfdi_sat/', '')
 6 SYSTEMPATH\CodeIgniter.php(933): App\Controllers\Factura->facturar('11')
 7 SYSTEMPATH\CodeIgniter.php(507): CodeIgniter\CodeIgniter->runController(Object(App\Controllers\Factura))
 8 SYSTEMPATH\CodeIgniter.php(354): CodeIgniter\CodeIgniter->handleRequest(null, Object(Config\Cache), false)
 9 SYSTEMPATH\Boot.php(363): CodeIgniter\CodeIgniter->run()
10 SYSTEMPATH\Boot.php(68): CodeIgniter\Boot::runCodeIgniter(Object(CodeIgniter\CodeIgniter))
11 FCPATH\index.php(59): CodeIgniter\Boot::bootWeb(Object(Config\Paths))
WARNING - 2025-11-28 21:52:02 --> [DEPRECATED] strlen(): Passing null to parameter #1 ($string) of type string is deprecated in APPPATH\Libraries\cfdi_sat\satxmlsv33.php on line 232.
 1 APPPATH\Libraries\cfdi_sat\satxmlsv33.php(64): GeneraXML->satxmlsv33_cargaAtt(Object(DOMElement), [...])
 2 APPPATH\Libraries\cfdi_sat\satxmlsv33.php(39): GeneraXML->satxmlsv33_generales([...], '', 'C:\\xampp\\htdocs\\pos\\app\\Libraries/cfdi_sat/', '')
 3 APPPATH\Libraries\cfdi_sat\satxmlsv33.php(27): GeneraXML->satxmlsv33_genera_xml([...], '', 'C:\\xampp\\htdocs\\pos\\app\\Libraries/cfdi_sat/', '')
 4 APPPATH\Controllers\Factura.php(64): GeneraXML->satxmlsv33([...], '', 'C:\\xampp\\htdocs\\pos\\app\\Libraries/cfdi_sat/', '')
 5 SYSTEMPATH\CodeIgniter.php(933): App\Controllers\Factura->facturar('11')
 6 SYSTEMPATH\CodeIgniter.php(507): CodeIgniter\CodeIgniter->runController(Object(App\Controllers\Factura))
 7 SYSTEMPATH\CodeIgniter.php(354): CodeIgniter\CodeIgniter->handleRequest(null, Object(Config\Cache), false)
 8 SYSTEMPATH\Boot.php(363): CodeIgniter\CodeIgniter->run()
 9 SYSTEMPATH\Boot.php(68): CodeIgniter\Boot::runCodeIgniter(Object(CodeIgniter\CodeIgniter))
10 FCPATH\index.php(59): CodeIgniter\Boot::bootWeb(Object(Config\Paths))
WARNING - 2025-11-28 21:52:02 --> [DEPRECATED] preg_replace(): Passing null to parameter #3 ($subject) of type array|string is deprecated in APPPATH\Libraries\cfdi_sat\satxmlsv33.php on line 238.
 1 APPPATH\Libraries\cfdi_sat\satxmlsv33.php(238): preg_replace('/\\s\\s+/', ' ', null)
 2 APPPATH\Libraries\cfdi_sat\satxmlsv33.php(64): GeneraXML->satxmlsv33_cargaAtt(Object(DOMElement), [...])
 3 APPPATH\Libraries\cfdi_sat\satxmlsv33.php(39): GeneraXML->satxmlsv33_generales([...], '', 'C:\\xampp\\htdocs\\pos\\app\\Libraries/cfdi_sat/', '')
 4 APPPATH\Libraries\cfdi_sat\satxmlsv33.php(27): GeneraXML->satxmlsv33_genera_xml([...], '', 'C:\\xampp\\htdocs\\pos\\app\\Libraries/cfdi_sat/', '')
 5 APPPATH\Controllers\Factura.php(64): GeneraXML->satxmlsv33([...], '', 'C:\\xampp\\htdocs\\pos\\app\\Libraries/cfdi_sat/', '')
 6 SYSTEMPATH\CodeIgniter.php(933): App\Controllers\Factura->facturar('11')
 7 SYSTEMPATH\CodeIgniter.php(507): CodeIgniter\CodeIgniter->runController(Object(App\Controllers\Factura))
 8 SYSTEMPATH\CodeIgniter.php(354): CodeIgniter\CodeIgniter->handleRequest(null, Object(Config\Cache), false)
 9 SYSTEMPATH\Boot.php(363): CodeIgniter\CodeIgniter->run()
10 SYSTEMPATH\Boot.php(68): CodeIgniter\Boot::runCodeIgniter(Object(CodeIgniter\CodeIgniter))
11 FCPATH\index.php(59): CodeIgniter\Boot::bootWeb(Object(Config\Paths))
WARNING - 2025-11-28 21:52:02 --> [DEPRECATED] strlen(): Passing null to parameter #1 ($string) of type string is deprecated in APPPATH\Libraries\cfdi_sat\satxmlsv33.php on line 232.
 1 APPPATH\Libraries\cfdi_sat\satxmlsv33.php(64): GeneraXML->satxmlsv33_cargaAtt(Object(DOMElement), [...])
 2 APPPATH\Libraries\cfdi_sat\satxmlsv33.php(39): GeneraXML->satxmlsv33_generales([...], '', 'C:\\xampp\\htdocs\\pos\\app\\Libraries/cfdi_sat/', '')
 3 APPPATH\Libraries\cfdi_sat\satxmlsv33.php(27): GeneraXML->satxmlsv33_genera_xml([...], '', 'C:\\xampp\\htdocs\\pos\\app\\Libraries/cfdi_sat/', '')
 4 APPPATH\Controllers\Factura.php(64): GeneraXML->satxmlsv33([...], '', 'C:\\xampp\\htdocs\\pos\\app\\Libraries/cfdi_sat/', '')
 5 SYSTEMPATH\CodeIgniter.php(933): App\Controllers\Factura->facturar('11')
 6 SYSTEMPATH\CodeIgniter.php(507): CodeIgniter\CodeIgniter->runController(Object(App\Controllers\Factura))
 7 SYSTEMPATH\CodeIgniter.php(354): CodeIgniter\CodeIgniter->handleRequest(null, Object(Config\Cache), false)
 8 SYSTEMPATH\Boot.php(363): CodeIgniter\CodeIgniter->run()
 9 SYSTEMPATH\Boot.php(68): CodeIgniter\Boot::runCodeIgniter(Object(CodeIgniter\CodeIgniter))
10 FCPATH\index.php(59): CodeIgniter\Boot::bootWeb(Object(Config\Paths))
WARNING - 2025-11-28 21:52:02 --> [DEPRECATED] preg_replace(): Passing null to parameter #3 ($subject) of type array|string is deprecated in APPPATH\Libraries\cfdi_sat\satxmlsv33.php on line 238.
 1 APPPATH\Libraries\cfdi_sat\satxmlsv33.php(238): preg_replace('/\\s\\s+/', ' ', null)
 2 APPPATH\Libraries\cfdi_sat\satxmlsv33.php(64): GeneraXML->satxmlsv33_cargaAtt(Object(DOMElement), [...])
 3 APPPATH\Libraries\cfdi_sat\satxmlsv33.php(39): GeneraXML->satxmlsv33_generales([...], '', 'C:\\xampp\\htdocs\\pos\\app\\Libraries/cfdi_sat/', '')
 4 APPPATH\Libraries\cfdi_sat\satxmlsv33.php(27): GeneraXML->satxmlsv33_genera_xml([...], '', 'C:\\xampp\\htdocs\\pos\\app\\Libraries/cfdi_sat/', '')
 5 APPPATH\Controllers\Factura.php(64): GeneraXML->satxmlsv33([...], '', 'C:\\xampp\\htdocs\\pos\\app\\Libraries/cfdi_sat/', '')
 6 SYSTEMPATH\CodeIgniter.php(933): App\Controllers\Factura->facturar('11')
 7 SYSTEMPATH\CodeIgniter.php(507): CodeIgniter\CodeIgniter->runController(Object(App\Controllers\Factura))
 8 SYSTEMPATH\CodeIgniter.php(354): CodeIgniter\CodeIgniter->handleRequest(null, Object(Config\Cache), false)
 9 SYSTEMPATH\Boot.php(363): CodeIgniter\CodeIgniter->run()
10 SYSTEMPATH\Boot.php(68): CodeIgniter\Boot::runCodeIgniter(Object(CodeIgniter\CodeIgniter))
11 FCPATH\index.php(59): CodeIgniter\Boot::bootWeb(Object(Config\Paths))
WARNING - 2025-11-28 21:52:02 --> [DEPRECATED] Function utf8_encode() is deprecated in APPPATH\Libraries\cfdi_sat\satxmlsv33.php on line 242.
 1 APPPATH\Libraries\cfdi_sat\satxmlsv33.php(93): GeneraXML->satxmlsv33_cargaAtt(Object(DOMElement), [...])
 2 APPPATH\Libraries\cfdi_sat\satxmlsv33.php(40): GeneraXML->satxmlsv33_emisor([...], '', 'C:\\xampp\\htdocs\\pos\\app\\Libraries/cfdi_sat/', '')
 3 APPPATH\Libraries\cfdi_sat\satxmlsv33.php(27): GeneraXML->satxmlsv33_genera_xml([...], '', 'C:\\xampp\\htdocs\\pos\\app\\Libraries/cfdi_sat/', '')
 4 APPPATH\Controllers\Factura.php(64): GeneraXML->satxmlsv33([...], '', 'C:\\xampp\\htdocs\\pos\\app\\Libraries/cfdi_sat/', '')
 5 SYSTEMPATH\CodeIgniter.php(933): App\Controllers\Factura->facturar('11')
 6 SYSTEMPATH\CodeIgniter.php(507): CodeIgniter\CodeIgniter->runController(Object(App\Controllers\Factura))
 7 SYSTEMPATH\CodeIgniter.php(354): CodeIgniter\CodeIgniter->handleRequest(null, Object(Config\Cache), false)
 8 SYSTEMPATH\Boot.php(363): CodeIgniter\CodeIgniter->run()
 9 SYSTEMPATH\Boot.php(68): CodeIgniter\Boot::runCodeIgniter(Object(CodeIgniter\CodeIgniter))
10 FCPATH\index.php(59): CodeIgniter\Boot::bootWeb(Object(Config\Paths))
WARNING - 2025-11-28 21:52:02 --> [DEPRECATED] Function utf8_encode() is deprecated in APPPATH\Libraries\cfdi_sat\satxmlsv33.php on line 242.
 1 APPPATH\Libraries\cfdi_sat\satxmlsv33.php(93): GeneraXML->satxmlsv33_cargaAtt(Object(DOMElement), [...])
 2 APPPATH\Libraries\cfdi_sat\satxmlsv33.php(40): GeneraXML->satxmlsv33_emisor([...], '', 'C:\\xampp\\htdocs\\pos\\app\\Libraries/cfdi_sat/', '')
 3 APPPATH\Libraries\cfdi_sat\satxmlsv33.php(27): GeneraXML->satxmlsv33_genera_xml([...], '', 'C:\\xampp\\htdocs\\pos\\app\\Libraries/cfdi_sat/', '')
 4 APPPATH\Controllers\Factura.php(64): GeneraXML->satxmlsv33([...], '', 'C:\\xampp\\htdocs\\pos\\app\\Libraries/cfdi_sat/', '')
 5 SYSTEMPATH\CodeIgniter.php(933): App\Controllers\Factura->facturar('11')
 6 SYSTEMPATH\CodeIgniter.php(507): CodeIgniter\CodeIgniter->runController(Object(App\Controllers\Factura))
 7 SYSTEMPATH\CodeIgniter.php(354): CodeIgniter\CodeIgniter->handleRequest(null, Object(Config\Cache), false)
 8 SYSTEMPATH\Boot.php(363): CodeIgniter\CodeIgniter->run()
 9 SYSTEMPATH\Boot.php(68): CodeIgniter\Boot::runCodeIgniter(Object(CodeIgniter\CodeIgniter))
10 FCPATH\index.php(59): CodeIgniter\Boot::bootWeb(Object(Config\Paths))
WARNING - 2025-11-28 21:52:02 --> [DEPRECATED] Function utf8_encode() is deprecated in APPPATH\Libraries\cfdi_sat\satxmlsv33.php on line 242.
 1 APPPATH\Libraries\cfdi_sat\satxmlsv33.php(93): GeneraXML->satxmlsv33_cargaAtt(Object(DOMElement), [...])
 2 APPPATH\Libraries\cfdi_sat\satxmlsv33.php(40): GeneraXML->satxmlsv33_emisor([...], '', 'C:\\xampp\\htdocs\\pos\\app\\Libraries/cfdi_sat/', '')
 3 APPPATH\Libraries\cfdi_sat\satxmlsv33.php(27): GeneraXML->satxmlsv33_genera_xml([...], '', 'C:\\xampp\\htdocs\\pos\\app\\Libraries/cfdi_sat/', '')
 4 APPPATH\Controllers\Factura.php(64): GeneraXML->satxmlsv33([...], '', 'C:\\xampp\\htdocs\\pos\\app\\Libraries/cfdi_sat/', '')
 5 SYSTEMPATH\CodeIgniter.php(933): App\Controllers\Factura->facturar('11')
 6 SYSTEMPATH\CodeIgniter.php(507): CodeIgniter\CodeIgniter->runController(Object(App\Controllers\Factura))
 7 SYSTEMPATH\CodeIgniter.php(354): CodeIgniter\CodeIgniter->handleRequest(null, Object(Config\Cache), false)
 8 SYSTEMPATH\Boot.php(363): CodeIgniter\CodeIgniter->run()
 9 SYSTEMPATH\Boot.php(68): CodeIgniter\Boot::runCodeIgniter(Object(CodeIgniter\CodeIgniter))
10 FCPATH\index.php(59): CodeIgniter\Boot::bootWeb(Object(Config\Paths))
WARNING - 2025-11-28 21:52:02 --> [DEPRECATED] Function utf8_encode() is deprecated in APPPATH\Libraries\cfdi_sat\satxmlsv33.php on line 242.
 1 APPPATH\Libraries\cfdi_sat\satxmlsv33.php(105): GeneraXML->satxmlsv33_cargaAtt(Object(DOMElement), [...])
 2 APPPATH\Libraries\cfdi_sat\satxmlsv33.php(41): GeneraXML->satxmlsv33_receptor([...], '', 'C:\\xampp\\htdocs\\pos\\app\\Libraries/cfdi_sat/', '')
 3 APPPATH\Libraries\cfdi_sat\satxmlsv33.php(27): GeneraXML->satxmlsv33_genera_xml([...], '', 'C:\\xampp\\htdocs\\pos\\app\\Libraries/cfdi_sat/', '')
 4 APPPATH\Controllers\Factura.php(64): GeneraXML->satxmlsv33([...], '', 'C:\\xampp\\htdocs\\pos\\app\\Libraries/cfdi_sat/', '')
 5 SYSTEMPATH\CodeIgniter.php(933): App\Controllers\Factura->facturar('11')
 6 SYSTEMPATH\CodeIgniter.php(507): CodeIgniter\CodeIgniter->runController(Object(App\Controllers\Factura))
 7 SYSTEMPATH\CodeIgniter.php(354): CodeIgniter\CodeIgniter->handleRequest(null, Object(Config\Cache), false)
 8 SYSTEMPATH\Boot.php(363): CodeIgniter\CodeIgniter->run()
 9 SYSTEMPATH\Boot.php(68): CodeIgniter\Boot::runCodeIgniter(Object(CodeIgniter\CodeIgniter))
10 FCPATH\index.php(59): CodeIgniter\Boot::bootWeb(Object(Config\Paths))
WARNING - 2025-11-28 21:52:02 --> [DEPRECATED] Function utf8_encode() is deprecated in APPPATH\Libraries\cfdi_sat\satxmlsv33.php on line 242.
 1 APPPATH\Libraries\cfdi_sat\satxmlsv33.php(105): GeneraXML->satxmlsv33_cargaAtt(Object(DOMElement), [...])
 2 APPPATH\Libraries\cfdi_sat\satxmlsv33.php(41): GeneraXML->satxmlsv33_receptor([...], '', 'C:\\xampp\\htdocs\\pos\\app\\Libraries/cfdi_sat/', '')
 3 APPPATH\Libraries\cfdi_sat\satxmlsv33.php(27): GeneraXML->satxmlsv33_genera_xml([...], '', 'C:\\xampp\\htdocs\\pos\\app\\Libraries/cfdi_sat/', '')
 4 APPPATH\Controllers\Factura.php(64): GeneraXML->satxmlsv33([...], '', 'C:\\xampp\\htdocs\\pos\\app\\Libraries/cfdi_sat/', '')
 5 SYSTEMPATH\CodeIgniter.php(933): App\Controllers\Factura->facturar('11')
 6 SYSTEMPATH\CodeIgniter.php(507): CodeIgniter\CodeIgniter->runController(Object(App\Controllers\Factura))
 7 SYSTEMPATH\CodeIgniter.php(354): CodeIgniter\CodeIgniter->handleRequest(null, Object(Config\Cache), false)
 8 SYSTEMPATH\Boot.php(363): CodeIgniter\CodeIgniter->run()
 9 SYSTEMPATH\Boot.php(68): CodeIgniter\Boot::runCodeIgniter(Object(CodeIgniter\CodeIgniter))
10 FCPATH\index.php(59): CodeIgniter\Boot::bootWeb(Object(Config\Paths))
WARNING - 2025-11-28 21:52:02 --> [DEPRECATED] Function utf8_encode() is deprecated in APPPATH\Libraries\cfdi_sat\satxmlsv33.php on line 242.
 1 APPPATH\Libraries\cfdi_sat\satxmlsv33.php(105): GeneraXML->satxmlsv33_cargaAtt(Object(DOMElement), [...])
 2 APPPATH\Libraries\cfdi_sat\satxmlsv33.php(41): GeneraXML->satxmlsv33_receptor([...], '', 'C:\\xampp\\htdocs\\pos\\app\\Libraries/cfdi_sat/', '')
 3 APPPATH\Libraries\cfdi_sat\satxmlsv33.php(27): GeneraXML->satxmlsv33_genera_xml([...], '', 'C:\\xampp\\htdocs\\pos\\app\\Libraries/cfdi_sat/', '')
 4 APPPATH\Controllers\Factura.php(64): GeneraXML->satxmlsv33([...], '', 'C:\\xampp\\htdocs\\pos\\app\\Libraries/cfdi_sat/', '')
 5 SYSTEMPATH\CodeIgniter.php(933): App\Controllers\Factura->facturar('11')
 6 SYSTEMPATH\CodeIgniter.php(507): CodeIgniter\CodeIgniter->runController(Object(App\Controllers\Factura))
 7 SYSTEMPATH\CodeIgniter.php(354): CodeIgniter\CodeIgniter->handleRequest(null, Object(Config\Cache), false)
 8 SYSTEMPATH\Boot.php(363): CodeIgniter\CodeIgniter->run()
 9 SYSTEMPATH\Boot.php(68): CodeIgniter\Boot::runCodeIgniter(Object(CodeIgniter\CodeIgniter))
10 FCPATH\index.php(59): CodeIgniter\Boot::bootWeb(Object(Config\Paths))
WARNING - 2025-11-28 21:52:02 --> [DEPRECATED] Function utf8_encode() is deprecated in APPPATH\Libraries\cfdi_sat\satxmlsv33.php on line 242.
 1 APPPATH\Libraries\cfdi_sat\satxmlsv33.php(123): GeneraXML->satxmlsv33_cargaAtt(Object(DOMElement), [...])
 2 APPPATH\Libraries\cfdi_sat\satxmlsv33.php(42): GeneraXML->satxmlsv33_conceptos([...], '', 'C:\\xampp\\htdocs\\pos\\app\\Libraries/cfdi_sat/', '')
 3 APPPATH\Libraries\cfdi_sat\satxmlsv33.php(27): GeneraXML->satxmlsv33_genera_xml([...], '', 'C:\\xampp\\htdocs\\pos\\app\\Libraries/cfdi_sat/', '')
 4 APPPATH\Controllers\Factura.php(64): GeneraXML->satxmlsv33([...], '', 'C:\\xampp\\htdocs\\pos\\app\\Libraries/cfdi_sat/', '')
 5 SYSTEMPATH\CodeIgniter.php(933): App\Controllers\Factura->facturar('11')
 6 SYSTEMPATH\CodeIgniter.php(507): CodeIgniter\CodeIgniter->runController(Object(App\Controllers\Factura))
 7 SYSTEMPATH\CodeIgniter.php(354): CodeIgniter\CodeIgniter->handleRequest(null, Object(Config\Cache), false)
 8 SYSTEMPATH\Boot.php(363): CodeIgniter\CodeIgniter->run()
 9 SYSTEMPATH\Boot.php(68): CodeIgniter\Boot::runCodeIgniter(Object(CodeIgniter\CodeIgniter))
10 FCPATH\index.php(59): CodeIgniter\Boot::bootWeb(Object(Config\Paths))
WARNING - 2025-11-28 21:52:02 --> [DEPRECATED] Function utf8_encode() is deprecated in APPPATH\Libraries\cfdi_sat\satxmlsv33.php on line 242.
 1 APPPATH\Libraries\cfdi_sat\satxmlsv33.php(123): GeneraXML->satxmlsv33_cargaAtt(Object(DOMElement), [...])
 2 APPPATH\Libraries\cfdi_sat\satxmlsv33.php(42): GeneraXML->satxmlsv33_conceptos([...], '', 'C:\\xampp\\htdocs\\pos\\app\\Libraries/cfdi_sat/', '')
 3 APPPATH\Libraries\cfdi_sat\satxmlsv33.php(27): GeneraXML->satxmlsv33_genera_xml([...], '', 'C:\\xampp\\htdocs\\pos\\app\\Libraries/cfdi_sat/', '')
 4 APPPATH\Controllers\Factura.php(64): GeneraXML->satxmlsv33([...], '', 'C:\\xampp\\htdocs\\pos\\app\\Libraries/cfdi_sat/', '')
 5 SYSTEMPATH\CodeIgniter.php(933): App\Controllers\Factura->facturar('11')
 6 SYSTEMPATH\CodeIgniter.php(507): CodeIgniter\CodeIgniter->runController(Object(App\Controllers\Factura))
 7 SYSTEMPATH\CodeIgniter.php(354): CodeIgniter\CodeIgniter->handleRequest(null, Object(Config\Cache), false)
 8 SYSTEMPATH\Boot.php(363): CodeIgniter\CodeIgniter->run()
 9 SYSTEMPATH\Boot.php(68): CodeIgniter\Boot::runCodeIgniter(Object(CodeIgniter\CodeIgniter))
10 FCPATH\index.php(59): CodeIgniter\Boot::bootWeb(Object(Config\Paths))
WARNING - 2025-11-28 21:52:02 --> [DEPRECATED] Function utf8_encode() is deprecated in APPPATH\Libraries\cfdi_sat\satxmlsv33.php on line 242.
 1 APPPATH\Libraries\cfdi_sat\satxmlsv33.php(123): GeneraXML->satxmlsv33_cargaAtt(Object(DOMElement), [...])
 2 APPPATH\Libraries\cfdi_sat\satxmlsv33.php(42): GeneraXML->satxmlsv33_conceptos([...], '', 'C:\\xampp\\htdocs\\pos\\app\\Libraries/cfdi_sat/', '')
 3 APPPATH\Libraries\cfdi_sat\satxmlsv33.php(27): GeneraXML->satxmlsv33_genera_xml([...], '', 'C:\\xampp\\htdocs\\pos\\app\\Libraries/cfdi_sat/', '')
 4 APPPATH\Controllers\Factura.php(64): GeneraXML->satxmlsv33([...], '', 'C:\\xampp\\htdocs\\pos\\app\\Libraries/cfdi_sat/', '')
 5 SYSTEMPATH\CodeIgniter.php(933): App\Controllers\Factura->facturar('11')
 6 SYSTEMPATH\CodeIgniter.php(507): CodeIgniter\CodeIgniter->runController(Object(App\Controllers\Factura))
 7 SYSTEMPATH\CodeIgniter.php(354): CodeIgniter\CodeIgniter->handleRequest(null, Object(Config\Cache), false)
 8 SYSTEMPATH\Boot.php(363): CodeIgniter\CodeIgniter->run()
 9 SYSTEMPATH\Boot.php(68): CodeIgniter\Boot::runCodeIgniter(Object(CodeIgniter\CodeIgniter))
10 FCPATH\index.php(59): CodeIgniter\Boot::bootWeb(Object(Config\Paths))
WARNING - 2025-11-28 21:52:02 --> [DEPRECATED] Function utf8_encode() is deprecated in APPPATH\Libraries\cfdi_sat\satxmlsv33.php on line 242.
 1 APPPATH\Libraries\cfdi_sat\satxmlsv33.php(123): GeneraXML->satxmlsv33_cargaAtt(Object(DOMElement), [...])
 2 APPPATH\Libraries\cfdi_sat\satxmlsv33.php(42): GeneraXML->satxmlsv33_conceptos([...], '', 'C:\\xampp\\htdocs\\pos\\app\\Libraries/cfdi_sat/', '')
 3 APPPATH\Libraries\cfdi_sat\satxmlsv33.php(27): GeneraXML->satxmlsv33_genera_xml([...], '', 'C:\\xampp\\htdocs\\pos\\app\\Libraries/cfdi_sat/', '')
 4 APPPATH\Controllers\Factura.php(64): GeneraXML->satxmlsv33([...], '', 'C:\\xampp\\htdocs\\pos\\app\\Libraries/cfdi_sat/', '')
 5 SYSTEMPATH\CodeIgniter.php(933): App\Controllers\Factura->facturar('11')
 6 SYSTEMPATH\CodeIgniter.php(507): CodeIgniter\CodeIgniter->runController(Object(App\Controllers\Factura))
 7 SYSTEMPATH\CodeIgniter.php(354): CodeIgniter\CodeIgniter->handleRequest(null, Object(Config\Cache), false)
 8 SYSTEMPATH\Boot.php(363): CodeIgniter\CodeIgniter->run()
 9 SYSTEMPATH\Boot.php(68): CodeIgniter\Boot::runCodeIgniter(Object(CodeIgniter\CodeIgniter))
10 FCPATH\index.php(59): CodeIgniter\Boot::bootWeb(Object(Config\Paths))
WARNING - 2025-11-28 21:52:02 --> [DEPRECATED] Function utf8_encode() is deprecated in APPPATH\Libraries\cfdi_sat\satxmlsv33.php on line 242.
 1 APPPATH\Libraries\cfdi_sat\satxmlsv33.php(123): GeneraXML->satxmlsv33_cargaAtt(Object(DOMElement), [...])
 2 APPPATH\Libraries\cfdi_sat\satxmlsv33.php(42): GeneraXML->satxmlsv33_conceptos([...], '', 'C:\\xampp\\htdocs\\pos\\app\\Libraries/cfdi_sat/', '')
 3 APPPATH\Libraries\cfdi_sat\satxmlsv33.php(27): GeneraXML->satxmlsv33_genera_xml([...], '', 'C:\\xampp\\htdocs\\pos\\app\\Libraries/cfdi_sat/', '')
 4 APPPATH\Controllers\Factura.php(64): GeneraXML->satxmlsv33([...], '', 'C:\\xampp\\htdocs\\pos\\app\\Libraries/cfdi_sat/', '')
 5 SYSTEMPATH\CodeIgniter.php(933): App\Controllers\Factura->facturar('11')
 6 SYSTEMPATH\CodeIgniter.php(507): CodeIgniter\CodeIgniter->runController(Object(App\Controllers\Factura))
 7 SYSTEMPATH\CodeIgniter.php(354): CodeIgniter\CodeIgniter->handleRequest(null, Object(Config\Cache), false)
 8 SYSTEMPATH\Boot.php(363): CodeIgniter\CodeIgniter->run()
 9 SYSTEMPATH\Boot.php(68): CodeIgniter\Boot::runCodeIgniter(Object(CodeIgniter\CodeIgniter))
10 FCPATH\index.php(59): CodeIgniter\Boot::bootWeb(Object(Config\Paths))
WARNING - 2025-11-28 21:52:02 --> [DEPRECATED] Function utf8_encode() is deprecated in APPPATH\Libraries\cfdi_sat\satxmlsv33.php on line 242.
 1 APPPATH\Libraries\cfdi_sat\satxmlsv33.php(123): GeneraXML->satxmlsv33_cargaAtt(Object(DOMElement), [...])
 2 APPPATH\Libraries\cfdi_sat\satxmlsv33.php(42): GeneraXML->satxmlsv33_conceptos([...], '', 'C:\\xampp\\htdocs\\pos\\app\\Libraries/cfdi_sat/', '')
 3 APPPATH\Libraries\cfdi_sat\satxmlsv33.php(27): GeneraXML->satxmlsv33_genera_xml([...], '', 'C:\\xampp\\htdocs\\pos\\app\\Libraries/cfdi_sat/', '')
 4 APPPATH\Controllers\Factura.php(64): GeneraXML->satxmlsv33([...], '', 'C:\\xampp\\htdocs\\pos\\app\\Libraries/cfdi_sat/', '')
 5 SYSTEMPATH\CodeIgniter.php(933): App\Controllers\Factura->facturar('11')
 6 SYSTEMPATH\CodeIgniter.php(507): CodeIgniter\CodeIgniter->runController(Object(App\Controllers\Factura))
 7 SYSTEMPATH\CodeIgniter.php(354): CodeIgniter\CodeIgniter->handleRequest(null, Object(Config\Cache), false)
 8 SYSTEMPATH\Boot.php(363): CodeIgniter\CodeIgniter->run()
 9 SYSTEMPATH\Boot.php(68): CodeIgniter\Boot::runCodeIgniter(Object(CodeIgniter\CodeIgniter))
10 FCPATH\index.php(59): CodeIgniter\Boot::bootWeb(Object(Config\Paths))
WARNING - 2025-11-28 21:52:02 --> [DEPRECATED] Function utf8_encode() is deprecated in APPPATH\Libraries\cfdi_sat\satxmlsv33.php on line 242.
 1 APPPATH\Libraries\cfdi_sat\satxmlsv33.php(123): GeneraXML->satxmlsv33_cargaAtt(Object(DOMElement), [...])
 2 APPPATH\Libraries\cfdi_sat\satxmlsv33.php(42): GeneraXML->satxmlsv33_conceptos([...], '', 'C:\\xampp\\htdocs\\pos\\app\\Libraries/cfdi_sat/', '')
 3 APPPATH\Libraries\cfdi_sat\satxmlsv33.php(27): GeneraXML->satxmlsv33_genera_xml([...], '', 'C:\\xampp\\htdocs\\pos\\app\\Libraries/cfdi_sat/', '')
 4 APPPATH\Controllers\Factura.php(64): GeneraXML->satxmlsv33([...], '', 'C:\\xampp\\htdocs\\pos\\app\\Libraries/cfdi_sat/', '')
 5 SYSTEMPATH\CodeIgniter.php(933): App\Controllers\Factura->facturar('11')
 6 SYSTEMPATH\CodeIgniter.php(507): CodeIgniter\CodeIgniter->runController(Object(App\Controllers\Factura))
 7 SYSTEMPATH\CodeIgniter.php(354): CodeIgniter\CodeIgniter->handleRequest(null, Object(Config\Cache), false)
 8 SYSTEMPATH\Boot.php(363): CodeIgniter\CodeIgniter->run()
 9 SYSTEMPATH\Boot.php(68): CodeIgniter\Boot::runCodeIgniter(Object(CodeIgniter\CodeIgniter))
10 FCPATH\index.php(59): CodeIgniter\Boot::bootWeb(Object(Config\Paths))
WARNING - 2025-11-28 21:52:02 --> [DEPRECATED] Function utf8_encode() is deprecated in APPPATH\Libraries\cfdi_sat\satxmlsv33.php on line 242.
 1 APPPATH\Libraries\cfdi_sat\satxmlsv33.php(123): GeneraXML->satxmlsv33_cargaAtt(Object(DOMElement), [...])
 2 APPPATH\Libraries\cfdi_sat\satxmlsv33.php(42): GeneraXML->satxmlsv33_conceptos([...], '', 'C:\\xampp\\htdocs\\pos\\app\\Libraries/cfdi_sat/', '')
 3 APPPATH\Libraries\cfdi_sat\satxmlsv33.php(27): GeneraXML->satxmlsv33_genera_xml([...], '', 'C:\\xampp\\htdocs\\pos\\app\\Libraries/cfdi_sat/', '')
 4 APPPATH\Controllers\Factura.php(64): GeneraXML->satxmlsv33([...], '', 'C:\\xampp\\htdocs\\pos\\app\\Libraries/cfdi_sat/', '')
 5 SYSTEMPATH\CodeIgniter.php(933): App\Controllers\Factura->facturar('11')
 6 SYSTEMPATH\CodeIgniter.php(507): CodeIgniter\CodeIgniter->runController(Object(App\Controllers\Factura))
 7 SYSTEMPATH\CodeIgniter.php(354): CodeIgniter\CodeIgniter->handleRequest(null, Object(Config\Cache), false)
 8 SYSTEMPATH\Boot.php(363): CodeIgniter\CodeIgniter->run()
 9 SYSTEMPATH\Boot.php(68): CodeIgniter\Boot::runCodeIgniter(Object(CodeIgniter\CodeIgniter))
10 FCPATH\index.php(59): CodeIgniter\Boot::bootWeb(Object(Config\Paths))
WARNING - 2025-11-28 21:52:02 --> [DEPRECATED] Function utf8_encode() is deprecated in APPPATH\Libraries\cfdi_sat\satxmlsv33.php on line 242.
 1 APPPATH\Libraries\cfdi_sat\satxmlsv33.php(123): GeneraXML->satxmlsv33_cargaAtt(Object(DOMElement), [...])
 2 APPPATH\Libraries\cfdi_sat\satxmlsv33.php(42): GeneraXML->satxmlsv33_conceptos([...], '', 'C:\\xampp\\htdocs\\pos\\app\\Libraries/cfdi_sat/', '')
 3 APPPATH\Libraries\cfdi_sat\satxmlsv33.php(27): GeneraXML->satxmlsv33_genera_xml([...], '', 'C:\\xampp\\htdocs\\pos\\app\\Libraries/cfdi_sat/', '')
 4 APPPATH\Controllers\Factura.php(64): GeneraXML->satxmlsv33([...], '', 'C:\\xampp\\htdocs\\pos\\app\\Libraries/cfdi_sat/', '')
 5 SYSTEMPATH\CodeIgniter.php(933): App\Controllers\Factura->facturar('11')
 6 SYSTEMPATH\CodeIgniter.php(507): CodeIgniter\CodeIgniter->runController(Object(App\Controllers\Factura))
 7 SYSTEMPATH\CodeIgniter.php(354): CodeIgniter\CodeIgniter->handleRequest(null, Object(Config\Cache), false)
 8 SYSTEMPATH\Boot.php(363): CodeIgniter\CodeIgniter->run()
 9 SYSTEMPATH\Boot.php(68): CodeIgniter\Boot::runCodeIgniter(Object(CodeIgniter\CodeIgniter))
10 FCPATH\index.php(59): CodeIgniter\Boot::bootWeb(Object(Config\Paths))
WARNING - 2025-11-28 21:52:02 --> [DEPRECATED] Function utf8_encode() is deprecated in APPPATH\Libraries\cfdi_sat\satxmlsv33.php on line 242.
 1 APPPATH\Libraries\cfdi_sat\satxmlsv33.php(144): GeneraXML->satxmlsv33_cargaAtt(Object(DOMElement), [...])
 2 APPPATH\Libraries\cfdi_sat\satxmlsv33.php(42): GeneraXML->satxmlsv33_conceptos([...], '', 'C:\\xampp\\htdocs\\pos\\app\\Libraries/cfdi_sat/', '')
 3 APPPATH\Libraries\cfdi_sat\satxmlsv33.php(27): GeneraXML->satxmlsv33_genera_xml([...], '', 'C:\\xampp\\htdocs\\pos\\app\\Libraries/cfdi_sat/', '')
 4 APPPATH\Controllers\Factura.php(64): GeneraXML->satxmlsv33([...], '', 'C:\\xampp\\htdocs\\pos\\app\\Libraries/cfdi_sat/', '')
 5 SYSTEMPATH\CodeIgniter.php(933): App\Controllers\Factura->facturar('11')
 6 SYSTEMPATH\CodeIgniter.php(507): CodeIgniter\CodeIgniter->runController(Object(App\Controllers\Factura))
 7 SYSTEMPATH\CodeIgniter.php(354): CodeIgniter\CodeIgniter->handleRequest(null, Object(Config\Cache), false)
 8 SYSTEMPATH\Boot.php(363): CodeIgniter\CodeIgniter->run()
 9 SYSTEMPATH\Boot.php(68): CodeIgniter\Boot::runCodeIgniter(Object(CodeIgniter\CodeIgniter))
10 FCPATH\index.php(59): CodeIgniter\Boot::bootWeb(Object(Config\Paths))
WARNING - 2025-11-28 21:52:02 --> [DEPRECATED] Function utf8_encode() is deprecated in APPPATH\Libraries\cfdi_sat\satxmlsv33.php on line 242.
 1 APPPATH\Libraries\cfdi_sat\satxmlsv33.php(144): GeneraXML->satxmlsv33_cargaAtt(Object(DOMElement), [...])
 2 APPPATH\Libraries\cfdi_sat\satxmlsv33.php(42): GeneraXML->satxmlsv33_conceptos([...], '', 'C:\\xampp\\htdocs\\pos\\app\\Libraries/cfdi_sat/', '')
 3 APPPATH\Libraries\cfdi_sat\satxmlsv33.php(27): GeneraXML->satxmlsv33_genera_xml([...], '', 'C:\\xampp\\htdocs\\pos\\app\\Libraries/cfdi_sat/', '')
 4 APPPATH\Controllers\Factura.php(64): GeneraXML->satxmlsv33([...], '', 'C:\\xampp\\htdocs\\pos\\app\\Libraries/cfdi_sat/', '')
 5 SYSTEMPATH\CodeIgniter.php(933): App\Controllers\Factura->facturar('11')
 6 SYSTEMPATH\CodeIgniter.php(507): CodeIgniter\CodeIgniter->runController(Object(App\Controllers\Factura))
 7 SYSTEMPATH\CodeIgniter.php(354): CodeIgniter\CodeIgniter->handleRequest(null, Object(Config\Cache), false)
 8 SYSTEMPATH\Boot.php(363): CodeIgniter\CodeIgniter->run()
 9 SYSTEMPATH\Boot.php(68): CodeIgniter\Boot::runCodeIgniter(Object(CodeIgniter\CodeIgniter))
10 FCPATH\index.php(59): CodeIgniter\Boot::bootWeb(Object(Config\Paths))
WARNING - 2025-11-28 21:52:02 --> [DEPRECATED] Function utf8_encode() is deprecated in APPPATH\Libraries\cfdi_sat\satxmlsv33.php on line 242.
 1 APPPATH\Libraries\cfdi_sat\satxmlsv33.php(144): GeneraXML->satxmlsv33_cargaAtt(Object(DOMElement), [...])
 2 APPPATH\Libraries\cfdi_sat\satxmlsv33.php(42): GeneraXML->satxmlsv33_conceptos([...], '', 'C:\\xampp\\htdocs\\pos\\app\\Libraries/cfdi_sat/', '')
 3 APPPATH\Libraries\cfdi_sat\satxmlsv33.php(27): GeneraXML->satxmlsv33_genera_xml([...], '', 'C:\\xampp\\htdocs\\pos\\app\\Libraries/cfdi_sat/', '')
 4 APPPATH\Controllers\Factura.php(64): GeneraXML->satxmlsv33([...], '', 'C:\\xampp\\htdocs\\pos\\app\\Libraries/cfdi_sat/', '')
 5 SYSTEMPATH\CodeIgniter.php(933): App\Controllers\Factura->facturar('11')
 6 SYSTEMPATH\CodeIgniter.php(507): CodeIgniter\CodeIgniter->runController(Object(App\Controllers\Factura))
 7 SYSTEMPATH\CodeIgniter.php(354): CodeIgniter\CodeIgniter->handleRequest(null, Object(Config\Cache), false)
 8 SYSTEMPATH\Boot.php(363): CodeIgniter\CodeIgniter->run()
 9 SYSTEMPATH\Boot.php(68): CodeIgniter\Boot::runCodeIgniter(Object(CodeIgniter\CodeIgniter))
10 FCPATH\index.php(59): CodeIgniter\Boot::bootWeb(Object(Config\Paths))
WARNING - 2025-11-28 21:52:02 --> [DEPRECATED] Function utf8_encode() is deprecated in APPPATH\Libraries\cfdi_sat\satxmlsv33.php on line 242.
 1 APPPATH\Libraries\cfdi_sat\satxmlsv33.php(144): GeneraXML->satxmlsv33_cargaAtt(Object(DOMElement), [...])
 2 APPPATH\Libraries\cfdi_sat\satxmlsv33.php(42): GeneraXML->satxmlsv33_conceptos([...], '', 'C:\\xampp\\htdocs\\pos\\app\\Libraries/cfdi_sat/', '')
 3 APPPATH\Libraries\cfdi_sat\satxmlsv33.php(27): GeneraXML->satxmlsv33_genera_xml([...], '', 'C:\\xampp\\htdocs\\pos\\app\\Libraries/cfdi_sat/', '')
 4 APPPATH\Controllers\Factura.php(64): GeneraXML->satxmlsv33([...], '', 'C:\\xampp\\htdocs\\pos\\app\\Libraries/cfdi_sat/', '')
 5 SYSTEMPATH\CodeIgniter.php(933): App\Controllers\Factura->facturar('11')
 6 SYSTEMPATH\CodeIgniter.php(507): CodeIgniter\CodeIgniter->runController(Object(App\Controllers\Factura))
 7 SYSTEMPATH\CodeIgniter.php(354): CodeIgniter\CodeIgniter->handleRequest(null, Object(Config\Cache), false)
 8 SYSTEMPATH\Boot.php(363): CodeIgniter\CodeIgniter->run()
 9 SYSTEMPATH\Boot.php(68): CodeIgniter\Boot::runCodeIgniter(Object(CodeIgniter\CodeIgniter))
10 FCPATH\index.php(59): CodeIgniter\Boot::bootWeb(Object(Config\Paths))
WARNING - 2025-11-28 21:52:02 --> [DEPRECATED] Function utf8_encode() is deprecated in APPPATH\Libraries\cfdi_sat\satxmlsv33.php on line 242.
 1 APPPATH\Libraries\cfdi_sat\satxmlsv33.php(144): GeneraXML->satxmlsv33_cargaAtt(Object(DOMElement), [...])
 2 APPPATH\Libraries\cfdi_sat\satxmlsv33.php(42): GeneraXML->satxmlsv33_conceptos([...], '', 'C:\\xampp\\htdocs\\pos\\app\\Libraries/cfdi_sat/', '')
 3 APPPATH\Libraries\cfdi_sat\satxmlsv33.php(27): GeneraXML->satxmlsv33_genera_xml([...], '', 'C:\\xampp\\htdocs\\pos\\app\\Libraries/cfdi_sat/', '')
 4 APPPATH\Controllers\Factura.php(64): GeneraXML->satxmlsv33([...], '', 'C:\\xampp\\htdocs\\pos\\app\\Libraries/cfdi_sat/', '')
 5 SYSTEMPATH\CodeIgniter.php(933): App\Controllers\Factura->facturar('11')
 6 SYSTEMPATH\CodeIgniter.php(507): CodeIgniter\CodeIgniter->runController(Object(App\Controllers\Factura))
 7 SYSTEMPATH\CodeIgniter.php(354): CodeIgniter\CodeIgniter->handleRequest(null, Object(Config\Cache), false)
 8 SYSTEMPATH\Boot.php(363): CodeIgniter\CodeIgniter->run()
 9 SYSTEMPATH\Boot.php(68): CodeIgniter\Boot::runCodeIgniter(Object(CodeIgniter\CodeIgniter))
10 FCPATH\index.php(59): CodeIgniter\Boot::bootWeb(Object(Config\Paths))
WARNING - 2025-11-28 21:52:02 --> [DEPRECATED] Function utf8_encode() is deprecated in APPPATH\Libraries\cfdi_sat\satxmlsv33.php on line 242.
 1 APPPATH\Libraries\cfdi_sat\satxmlsv33.php(165): GeneraXML->satxmlsv33_cargaAtt(Object(DOMElement), [...])
 2 APPPATH\Libraries\cfdi_sat\satxmlsv33.php(43): GeneraXML->satxmlsv33_impuestos([...], '', 'C:\\xampp\\htdocs\\pos\\app\\Libraries/cfdi_sat/', '')
 3 APPPATH\Libraries\cfdi_sat\satxmlsv33.php(27): GeneraXML->satxmlsv33_genera_xml([...], '', 'C:\\xampp\\htdocs\\pos\\app\\Libraries/cfdi_sat/', '')
 4 APPPATH\Controllers\Factura.php(64): GeneraXML->satxmlsv33([...], '', 'C:\\xampp\\htdocs\\pos\\app\\Libraries/cfdi_sat/', '')
 5 SYSTEMPATH\CodeIgniter.php(933): App\Controllers\Factura->facturar('11')
 6 SYSTEMPATH\CodeIgniter.php(507): CodeIgniter\CodeIgniter->runController(Object(App\Controllers\Factura))
 7 SYSTEMPATH\CodeIgniter.php(354): CodeIgniter\CodeIgniter->handleRequest(null, Object(Config\Cache), false)
 8 SYSTEMPATH\Boot.php(363): CodeIgniter\CodeIgniter->run()
 9 SYSTEMPATH\Boot.php(68): CodeIgniter\Boot::runCodeIgniter(Object(CodeIgniter\CodeIgniter))
10 FCPATH\index.php(59): CodeIgniter\Boot::bootWeb(Object(Config\Paths))
WARNING - 2025-11-28 21:52:02 --> [DEPRECATED] Function utf8_encode() is deprecated in APPPATH\Libraries\cfdi_sat\satxmlsv33.php on line 242.
 1 APPPATH\Libraries\cfdi_sat\satxmlsv33.php(165): GeneraXML->satxmlsv33_cargaAtt(Object(DOMElement), [...])
 2 APPPATH\Libraries\cfdi_sat\satxmlsv33.php(43): GeneraXML->satxmlsv33_impuestos([...], '', 'C:\\xampp\\htdocs\\pos\\app\\Libraries/cfdi_sat/', '')
 3 APPPATH\Libraries\cfdi_sat\satxmlsv33.php(27): GeneraXML->satxmlsv33_genera_xml([...], '', 'C:\\xampp\\htdocs\\pos\\app\\Libraries/cfdi_sat/', '')
 4 APPPATH\Controllers\Factura.php(64): GeneraXML->satxmlsv33([...], '', 'C:\\xampp\\htdocs\\pos\\app\\Libraries/cfdi_sat/', '')
 5 SYSTEMPATH\CodeIgniter.php(933): App\Controllers\Factura->facturar('11')
 6 SYSTEMPATH\CodeIgniter.php(507): CodeIgniter\CodeIgniter->runController(Object(App\Controllers\Factura))
 7 SYSTEMPATH\CodeIgniter.php(354): CodeIgniter\CodeIgniter->handleRequest(null, Object(Config\Cache), false)
 8 SYSTEMPATH\Boot.php(363): CodeIgniter\CodeIgniter->run()
 9 SYSTEMPATH\Boot.php(68): CodeIgniter\Boot::runCodeIgniter(Object(CodeIgniter\CodeIgniter))
10 FCPATH\index.php(59): CodeIgniter\Boot::bootWeb(Object(Config\Paths))
WARNING - 2025-11-28 21:52:02 --> [DEPRECATED] Function utf8_encode() is deprecated in APPPATH\Libraries\cfdi_sat\satxmlsv33.php on line 242.
 1 APPPATH\Libraries\cfdi_sat\satxmlsv33.php(165): GeneraXML->satxmlsv33_cargaAtt(Object(DOMElement), [...])
 2 APPPATH\Libraries\cfdi_sat\satxmlsv33.php(43): GeneraXML->satxmlsv33_impuestos([...], '', 'C:\\xampp\\htdocs\\pos\\app\\Libraries/cfdi_sat/', '')
 3 APPPATH\Libraries\cfdi_sat\satxmlsv33.php(27): GeneraXML->satxmlsv33_genera_xml([...], '', 'C:\\xampp\\htdocs\\pos\\app\\Libraries/cfdi_sat/', '')
 4 APPPATH\Controllers\Factura.php(64): GeneraXML->satxmlsv33([...], '', 'C:\\xampp\\htdocs\\pos\\app\\Libraries/cfdi_sat/', '')
 5 SYSTEMPATH\CodeIgniter.php(933): App\Controllers\Factura->facturar('11')
 6 SYSTEMPATH\CodeIgniter.php(507): CodeIgniter\CodeIgniter->runController(Object(App\Controllers\Factura))
 7 SYSTEMPATH\CodeIgniter.php(354): CodeIgniter\CodeIgniter->handleRequest(null, Object(Config\Cache), false)
 8 SYSTEMPATH\Boot.php(363): CodeIgniter\CodeIgniter->run()
 9 SYSTEMPATH\Boot.php(68): CodeIgniter\Boot::runCodeIgniter(Object(CodeIgniter\CodeIgniter))
10 FCPATH\index.php(59): CodeIgniter\Boot::bootWeb(Object(Config\Paths))
WARNING - 2025-11-28 21:52:02 --> [DEPRECATED] Function utf8_encode() is deprecated in APPPATH\Libraries\cfdi_sat\satxmlsv33.php on line 242.
 1 APPPATH\Libraries\cfdi_sat\satxmlsv33.php(165): GeneraXML->satxmlsv33_cargaAtt(Object(DOMElement), [...])
 2 APPPATH\Libraries\cfdi_sat\satxmlsv33.php(43): GeneraXML->satxmlsv33_impuestos([...], '', 'C:\\xampp\\htdocs\\pos\\app\\Libraries/cfdi_sat/', '')
 3 APPPATH\Libraries\cfdi_sat\satxmlsv33.php(27): GeneraXML->satxmlsv33_genera_xml([...], '', 'C:\\xampp\\htdocs\\pos\\app\\Libraries/cfdi_sat/', '')
 4 APPPATH\Controllers\Factura.php(64): GeneraXML->satxmlsv33([...], '', 'C:\\xampp\\htdocs\\pos\\app\\Libraries/cfdi_sat/', '')
 5 SYSTEMPATH\CodeIgniter.php(933): App\Controllers\Factura->facturar('11')
 6 SYSTEMPATH\CodeIgniter.php(507): CodeIgniter\CodeIgniter->runController(Object(App\Controllers\Factura))
 7 SYSTEMPATH\CodeIgniter.php(354): CodeIgniter\CodeIgniter->handleRequest(null, Object(Config\Cache), false)
 8 SYSTEMPATH\Boot.php(363): CodeIgniter\CodeIgniter->run()
 9 SYSTEMPATH\Boot.php(68): CodeIgniter\Boot::runCodeIgniter(Object(CodeIgniter\CodeIgniter))
10 FCPATH\index.php(59): CodeIgniter\Boot::bootWeb(Object(Config\Paths))
WARNING - 2025-11-28 21:52:19 --> [DEPRECATED] Function openssl_free_key() is deprecated in APPPATH\Libraries\cfdi_sat\satxmlsv33.php on line 199.
 1 APPPATH\Libraries\cfdi_sat\satxmlsv33.php(29): GeneraXML->satxmlsv33_sella([...], 'C:\\xampp\\htdocs\\pos\\app\\Libraries/cfdi_sat/')
 2 APPPATH\Controllers\Factura.php(64): GeneraXML->satxmlsv33([...], '', 'C:\\xampp\\htdocs\\pos\\app\\Libraries/cfdi_sat/', '')
 3 SYSTEMPATH\CodeIgniter.php(933): App\Controllers\Factura->facturar('11')
 4 SYSTEMPATH\CodeIgniter.php(507): CodeIgniter\CodeIgniter->runController(Object(App\Controllers\Factura))
 5 SYSTEMPATH\CodeIgniter.php(354): CodeIgniter\CodeIgniter->handleRequest(null, Object(Config\Cache), false)
 6 SYSTEMPATH\Boot.php(363): CodeIgniter\CodeIgniter->run()
 7 SYSTEMPATH\Boot.php(68): CodeIgniter\Boot::runCodeIgniter(Object(CodeIgniter\CodeIgniter))
 8 FCPATH\index.php(59): CodeIgniter\Boot::bootWeb(Object(Config\Paths))
WARNING - 2025-11-28 21:52:21 --> [DEPRECATED] base64_decode(): Passing null to parameter #1 ($string) of type string is deprecated in APPPATH\Controllers\Factura.php on line 71.
 1 APPPATH\Controllers\Factura.php(71): base64_decode(null)
 2 SYSTEMPATH\CodeIgniter.php(933): App\Controllers\Factura->facturar('11')
 3 SYSTEMPATH\CodeIgniter.php(507): CodeIgniter\CodeIgniter->runController(Object(App\Controllers\Factura))
 4 SYSTEMPATH\CodeIgniter.php(354): CodeIgniter\CodeIgniter->handleRequest(null, Object(Config\Cache), false)
 5 SYSTEMPATH\Boot.php(363): CodeIgniter\CodeIgniter->run()
 6 SYSTEMPATH\Boot.php(68): CodeIgniter\Boot::runCodeIgniter(Object(CodeIgniter\CodeIgniter))
 7 FCPATH\index.php(59): CodeIgniter\Boot::bootWeb(Object(Config\Paths))
WARNING - 2025-11-28 22:53:34 --> [DEPRECATED] Function utf8_encode() is deprecated in APPPATH\Libraries\cfdi_sat\satxmlsv33.php on line 242.
 1 APPPATH\Libraries\cfdi_sat\satxmlsv33.php(57): GeneraXML->satxmlsv33_cargaAtt(Object(DOMElement), [...])
 2 APPPATH\Libraries\cfdi_sat\satxmlsv33.php(39): GeneraXML->satxmlsv33_generales([...], '', 'C:\\xampp\\htdocs\\pos\\app\\Libraries/cfdi_sat/', '')
 3 APPPATH\Libraries\cfdi_sat\satxmlsv33.php(27): GeneraXML->satxmlsv33_genera_xml([...], '', 'C:\\xampp\\htdocs\\pos\\app\\Libraries/cfdi_sat/', '')
 4 APPPATH\Controllers\Factura.php(64): GeneraXML->satxmlsv33([...], '', 'C:\\xampp\\htdocs\\pos\\app\\Libraries/cfdi_sat/', '')
 5 SYSTEMPATH\CodeIgniter.php(933): App\Controllers\Factura->facturar('11')
 6 SYSTEMPATH\CodeIgniter.php(507): CodeIgniter\CodeIgniter->runController(Object(App\Controllers\Factura))
 7 SYSTEMPATH\CodeIgniter.php(354): CodeIgniter\CodeIgniter->handleRequest(null, Object(Config\Cache), false)
 8 SYSTEMPATH\Boot.php(363): CodeIgniter\CodeIgniter->run()
 9 SYSTEMPATH\Boot.php(68): CodeIgniter\Boot::runCodeIgniter(Object(CodeIgniter\CodeIgniter))
10 FCPATH\index.php(59): CodeIgniter\Boot::bootWeb(Object(Config\Paths))
WARNING - 2025-11-28 22:53:34 --> [DEPRECATED] Function utf8_encode() is deprecated in APPPATH\Libraries\cfdi_sat\satxmlsv33.php on line 242.
 1 APPPATH\Libraries\cfdi_sat\satxmlsv33.php(57): GeneraXML->satxmlsv33_cargaAtt(Object(DOMElement), [...])
 2 APPPATH\Libraries\cfdi_sat\satxmlsv33.php(39): GeneraXML->satxmlsv33_generales([...], '', 'C:\\xampp\\htdocs\\pos\\app\\Libraries/cfdi_sat/', '')
 3 APPPATH\Libraries\cfdi_sat\satxmlsv33.php(27): GeneraXML->satxmlsv33_genera_xml([...], '', 'C:\\xampp\\htdocs\\pos\\app\\Libraries/cfdi_sat/', '')
 4 APPPATH\Controllers\Factura.php(64): GeneraXML->satxmlsv33([...], '', 'C:\\xampp\\htdocs\\pos\\app\\Libraries/cfdi_sat/', '')
 5 SYSTEMPATH\CodeIgniter.php(933): App\Controllers\Factura->facturar('11')
 6 SYSTEMPATH\CodeIgniter.php(507): CodeIgniter\CodeIgniter->runController(Object(App\Controllers\Factura))
 7 SYSTEMPATH\CodeIgniter.php(354): CodeIgniter\CodeIgniter->handleRequest(null, Object(Config\Cache), false)
 8 SYSTEMPATH\Boot.php(363): CodeIgniter\CodeIgniter->run()
 9 SYSTEMPATH\Boot.php(68): CodeIgniter\Boot::runCodeIgniter(Object(CodeIgniter\CodeIgniter))
10 FCPATH\index.php(59): CodeIgniter\Boot::bootWeb(Object(Config\Paths))
WARNING - 2025-11-28 22:53:34 --> [DEPRECATED] Function utf8_encode() is deprecated in APPPATH\Libraries\cfdi_sat\satxmlsv33.php on line 242.
 1 APPPATH\Libraries\cfdi_sat\satxmlsv33.php(57): GeneraXML->satxmlsv33_cargaAtt(Object(DOMElement), [...])
 2 APPPATH\Libraries\cfdi_sat\satxmlsv33.php(39): GeneraXML->satxmlsv33_generales([...], '', 'C:\\xampp\\htdocs\\pos\\app\\Libraries/cfdi_sat/', '')
 3 APPPATH\Libraries\cfdi_sat\satxmlsv33.php(27): GeneraXML->satxmlsv33_genera_xml([...], '', 'C:\\xampp\\htdocs\\pos\\app\\Libraries/cfdi_sat/', '')
 4 APPPATH\Controllers\Factura.php(64): GeneraXML->satxmlsv33([...], '', 'C:\\xampp\\htdocs\\pos\\app\\Libraries/cfdi_sat/', '')
 5 SYSTEMPATH\CodeIgniter.php(933): App\Controllers\Factura->facturar('11')
 6 SYSTEMPATH\CodeIgniter.php(507): CodeIgniter\CodeIgniter->runController(Object(App\Controllers\Factura))
 7 SYSTEMPATH\CodeIgniter.php(354): CodeIgniter\CodeIgniter->handleRequest(null, Object(Config\Cache), false)
 8 SYSTEMPATH\Boot.php(363): CodeIgniter\CodeIgniter->run()
 9 SYSTEMPATH\Boot.php(68): CodeIgniter\Boot::runCodeIgniter(Object(CodeIgniter\CodeIgniter))
10 FCPATH\index.php(59): CodeIgniter\Boot::bootWeb(Object(Config\Paths))
WARNING - 2025-11-28 22:53:34 --> [DEPRECATED] substr(): Passing null to parameter #1 ($string) of type string is deprecated in APPPATH\Libraries\cfdi_sat\satxmlsv33.php on line 250.
 1 APPPATH\Libraries\cfdi_sat\satxmlsv33.php(250): substr(null, 0, 4)
 2 APPPATH\Libraries\cfdi_sat\satxmlsv33.php(82): GeneraXML->satxmlsv33_xml_fech(null)
 3 APPPATH\Libraries\cfdi_sat\satxmlsv33.php(39): GeneraXML->satxmlsv33_generales([...], '', 'C:\\xampp\\htdocs\\pos\\app\\Libraries/cfdi_sat/', '')
 4 APPPATH\Libraries\cfdi_sat\satxmlsv33.php(27): GeneraXML->satxmlsv33_genera_xml([...], '', 'C:\\xampp\\htdocs\\pos\\app\\Libraries/cfdi_sat/', '')
 5 APPPATH\Controllers\Factura.php(64): GeneraXML->satxmlsv33([...], '', 'C:\\xampp\\htdocs\\pos\\app\\Libraries/cfdi_sat/', '')
 6 SYSTEMPATH\CodeIgniter.php(933): App\Controllers\Factura->facturar('11')
 7 SYSTEMPATH\CodeIgniter.php(507): CodeIgniter\CodeIgniter->runController(Object(App\Controllers\Factura))
 8 SYSTEMPATH\CodeIgniter.php(354): CodeIgniter\CodeIgniter->handleRequest(null, Object(Config\Cache), false)
 9 SYSTEMPATH\Boot.php(363): CodeIgniter\CodeIgniter->run()
10 SYSTEMPATH\Boot.php(68): CodeIgniter\Boot::runCodeIgniter(Object(CodeIgniter\CodeIgniter))
11 FCPATH\index.php(59): CodeIgniter\Boot::bootWeb(Object(Config\Paths))
WARNING - 2025-11-28 22:53:34 --> [DEPRECATED] substr(): Passing null to parameter #1 ($string) of type string is deprecated in APPPATH\Libraries\cfdi_sat\satxmlsv33.php on line 251.
 1 APPPATH\Libraries\cfdi_sat\satxmlsv33.php(251): substr(null, 4, 2)
 2 APPPATH\Libraries\cfdi_sat\satxmlsv33.php(82): GeneraXML->satxmlsv33_xml_fech(null)
 3 APPPATH\Libraries\cfdi_sat\satxmlsv33.php(39): GeneraXML->satxmlsv33_generales([...], '', 'C:\\xampp\\htdocs\\pos\\app\\Libraries/cfdi_sat/', '')
 4 APPPATH\Libraries\cfdi_sat\satxmlsv33.php(27): GeneraXML->satxmlsv33_genera_xml([...], '', 'C:\\xampp\\htdocs\\pos\\app\\Libraries/cfdi_sat/', '')
 5 APPPATH\Controllers\Factura.php(64): GeneraXML->satxmlsv33([...], '', 'C:\\xampp\\htdocs\\pos\\app\\Libraries/cfdi_sat/', '')
 6 SYSTEMPATH\CodeIgniter.php(933): App\Controllers\Factura->facturar('11')
 7 SYSTEMPATH\CodeIgniter.php(507): CodeIgniter\CodeIgniter->runController(Object(App\Controllers\Factura))
 8 SYSTEMPATH\CodeIgniter.php(354): CodeIgniter\CodeIgniter->handleRequest(null, Object(Config\Cache), false)
 9 SYSTEMPATH\Boot.php(363): CodeIgniter\CodeIgniter->run()
10 SYSTEMPATH\Boot.php(68): CodeIgniter\Boot::runCodeIgniter(Object(CodeIgniter\CodeIgniter))
11 FCPATH\index.php(59): CodeIgniter\Boot::bootWeb(Object(Config\Paths))
WARNING - 2025-11-28 22:53:34 --> [DEPRECATED] substr(): Passing null to parameter #1 ($string) of type string is deprecated in APPPATH\Libraries\cfdi_sat\satxmlsv33.php on line 252.
 1 APPPATH\Libraries\cfdi_sat\satxmlsv33.php(252): substr(null, 6, 2)
 2 APPPATH\Libraries\cfdi_sat\satxmlsv33.php(82): GeneraXML->satxmlsv33_xml_fech(null)
 3 APPPATH\Libraries\cfdi_sat\satxmlsv33.php(39): GeneraXML->satxmlsv33_generales([...], '', 'C:\\xampp\\htdocs\\pos\\app\\Libraries/cfdi_sat/', '')
 4 APPPATH\Libraries\cfdi_sat\satxmlsv33.php(27): GeneraXML->satxmlsv33_genera_xml([...], '', 'C:\\xampp\\htdocs\\pos\\app\\Libraries/cfdi_sat/', '')
 5 APPPATH\Controllers\Factura.php(64): GeneraXML->satxmlsv33([...], '', 'C:\\xampp\\htdocs\\pos\\app\\Libraries/cfdi_sat/', '')
 6 SYSTEMPATH\CodeIgniter.php(933): App\Controllers\Factura->facturar('11')
 7 SYSTEMPATH\CodeIgniter.php(507): CodeIgniter\CodeIgniter->runController(Object(App\Controllers\Factura))
 8 SYSTEMPATH\CodeIgniter.php(354): CodeIgniter\CodeIgniter->handleRequest(null, Object(Config\Cache), false)
 9 SYSTEMPATH\Boot.php(363): CodeIgniter\CodeIgniter->run()
10 SYSTEMPATH\Boot.php(68): CodeIgniter\Boot::runCodeIgniter(Object(CodeIgniter\CodeIgniter))
11 FCPATH\index.php(59): CodeIgniter\Boot::bootWeb(Object(Config\Paths))
WARNING - 2025-11-28 22:53:34 --> [DEPRECATED] substr(): Passing null to parameter #1 ($string) of type string is deprecated in APPPATH\Libraries\cfdi_sat\satxmlsv33.php on line 253.
 1 APPPATH\Libraries\cfdi_sat\satxmlsv33.php(253): substr(null, 8, 2)
 2 APPPATH\Libraries\cfdi_sat\satxmlsv33.php(82): GeneraXML->satxmlsv33_xml_fech(null)
 3 APPPATH\Libraries\cfdi_sat\satxmlsv33.php(39): GeneraXML->satxmlsv33_generales([...], '', 'C:\\xampp\\htdocs\\pos\\app\\Libraries/cfdi_sat/', '')
 4 APPPATH\Libraries\cfdi_sat\satxmlsv33.php(27): GeneraXML->satxmlsv33_genera_xml([...], '', 'C:\\xampp\\htdocs\\pos\\app\\Libraries/cfdi_sat/', '')
 5 APPPATH\Controllers\Factura.php(64): GeneraXML->satxmlsv33([...], '', 'C:\\xampp\\htdocs\\pos\\app\\Libraries/cfdi_sat/', '')
 6 SYSTEMPATH\CodeIgniter.php(933): App\Controllers\Factura->facturar('11')
 7 SYSTEMPATH\CodeIgniter.php(507): CodeIgniter\CodeIgniter->runController(Object(App\Controllers\Factura))
 8 SYSTEMPATH\CodeIgniter.php(354): CodeIgniter\CodeIgniter->handleRequest(null, Object(Config\Cache), false)
 9 SYSTEMPATH\Boot.php(363): CodeIgniter\CodeIgniter->run()
10 SYSTEMPATH\Boot.php(68): CodeIgniter\Boot::runCodeIgniter(Object(CodeIgniter\CodeIgniter))
11 FCPATH\index.php(59): CodeIgniter\Boot::bootWeb(Object(Config\Paths))
WARNING - 2025-11-28 22:53:34 --> [DEPRECATED] substr(): Passing null to parameter #1 ($string) of type string is deprecated in APPPATH\Libraries\cfdi_sat\satxmlsv33.php on line 254.
 1 APPPATH\Libraries\cfdi_sat\satxmlsv33.php(254): substr(null, 10, 2)
 2 APPPATH\Libraries\cfdi_sat\satxmlsv33.php(82): GeneraXML->satxmlsv33_xml_fech(null)
 3 APPPATH\Libraries\cfdi_sat\satxmlsv33.php(39): GeneraXML->satxmlsv33_generales([...], '', 'C:\\xampp\\htdocs\\pos\\app\\Libraries/cfdi_sat/', '')
 4 APPPATH\Libraries\cfdi_sat\satxmlsv33.php(27): GeneraXML->satxmlsv33_genera_xml([...], '', 'C:\\xampp\\htdocs\\pos\\app\\Libraries/cfdi_sat/', '')
 5 APPPATH\Controllers\Factura.php(64): GeneraXML->satxmlsv33([...], '', 'C:\\xampp\\htdocs\\pos\\app\\Libraries/cfdi_sat/', '')
 6 SYSTEMPATH\CodeIgniter.php(933): App\Controllers\Factura->facturar('11')
 7 SYSTEMPATH\CodeIgniter.php(507): CodeIgniter\CodeIgniter->runController(Object(App\Controllers\Factura))
 8 SYSTEMPATH\CodeIgniter.php(354): CodeIgniter\CodeIgniter->handleRequest(null, Object(Config\Cache), false)
 9 SYSTEMPATH\Boot.php(363): CodeIgniter\CodeIgniter->run()
10 SYSTEMPATH\Boot.php(68): CodeIgniter\Boot::runCodeIgniter(Object(CodeIgniter\CodeIgniter))
11 FCPATH\index.php(59): CodeIgniter\Boot::bootWeb(Object(Config\Paths))
WARNING - 2025-11-28 22:53:34 --> [DEPRECATED] substr(): Passing null to parameter #1 ($string) of type string is deprecated in APPPATH\Libraries\cfdi_sat\satxmlsv33.php on line 255.
 1 APPPATH\Libraries\cfdi_sat\satxmlsv33.php(255): substr(null, 12, 2)
 2 APPPATH\Libraries\cfdi_sat\satxmlsv33.php(82): GeneraXML->satxmlsv33_xml_fech(null)
 3 APPPATH\Libraries\cfdi_sat\satxmlsv33.php(39): GeneraXML->satxmlsv33_generales([...], '', 'C:\\xampp\\htdocs\\pos\\app\\Libraries/cfdi_sat/', '')
 4 APPPATH\Libraries\cfdi_sat\satxmlsv33.php(27): GeneraXML->satxmlsv33_genera_xml([...], '', 'C:\\xampp\\htdocs\\pos\\app\\Libraries/cfdi_sat/', '')
 5 APPPATH\Controllers\Factura.php(64): GeneraXML->satxmlsv33([...], '', 'C:\\xampp\\htdocs\\pos\\app\\Libraries/cfdi_sat/', '')
 6 SYSTEMPATH\CodeIgniter.php(933): App\Controllers\Factura->facturar('11')
 7 SYSTEMPATH\CodeIgniter.php(507): CodeIgniter\CodeIgniter->runController(Object(App\Controllers\Factura))
 8 SYSTEMPATH\CodeIgniter.php(354): CodeIgniter\CodeIgniter->handleRequest(null, Object(Config\Cache), false)
 9 SYSTEMPATH\Boot.php(363): CodeIgniter\CodeIgniter->run()
10 SYSTEMPATH\Boot.php(68): CodeIgniter\Boot::runCodeIgniter(Object(CodeIgniter\CodeIgniter))
11 FCPATH\index.php(59): CodeIgniter\Boot::bootWeb(Object(Config\Paths))
WARNING - 2025-11-28 22:53:34 --> [DEPRECATED] Function utf8_encode() is deprecated in APPPATH\Libraries\cfdi_sat\satxmlsv33.php on line 242.
 1 APPPATH\Libraries\cfdi_sat\satxmlsv33.php(64): GeneraXML->satxmlsv33_cargaAtt(Object(DOMElement), [...])
 2 APPPATH\Libraries\cfdi_sat\satxmlsv33.php(39): GeneraXML->satxmlsv33_generales([...], '', 'C:\\xampp\\htdocs\\pos\\app\\Libraries/cfdi_sat/', '')
 3 APPPATH\Libraries\cfdi_sat\satxmlsv33.php(27): GeneraXML->satxmlsv33_genera_xml([...], '', 'C:\\xampp\\htdocs\\pos\\app\\Libraries/cfdi_sat/', '')
 4 APPPATH\Controllers\Factura.php(64): GeneraXML->satxmlsv33([...], '', 'C:\\xampp\\htdocs\\pos\\app\\Libraries/cfdi_sat/', '')
 5 SYSTEMPATH\CodeIgniter.php(933): App\Controllers\Factura->facturar('11')
 6 SYSTEMPATH\CodeIgniter.php(507): CodeIgniter\CodeIgniter->runController(Object(App\Controllers\Factura))
 7 SYSTEMPATH\CodeIgniter.php(354): CodeIgniter\CodeIgniter->handleRequest(null, Object(Config\Cache), false)
 8 SYSTEMPATH\Boot.php(363): CodeIgniter\CodeIgniter->run()
 9 SYSTEMPATH\Boot.php(68): CodeIgniter\Boot::runCodeIgniter(Object(CodeIgniter\CodeIgniter))
10 FCPATH\index.php(59): CodeIgniter\Boot::bootWeb(Object(Config\Paths))
WARNING - 2025-11-28 22:53:35 --> [DEPRECATED] Function utf8_encode() is deprecated in APPPATH\Libraries\cfdi_sat\satxmlsv33.php on line 242.
 1 APPPATH\Libraries\cfdi_sat\satxmlsv33.php(64): GeneraXML->satxmlsv33_cargaAtt(Object(DOMElement), [...])
 2 APPPATH\Libraries\cfdi_sat\satxmlsv33.php(39): GeneraXML->satxmlsv33_generales([...], '', 'C:\\xampp\\htdocs\\pos\\app\\Libraries/cfdi_sat/', '')
 3 APPPATH\Libraries\cfdi_sat\satxmlsv33.php(27): GeneraXML->satxmlsv33_genera_xml([...], '', 'C:\\xampp\\htdocs\\pos\\app\\Libraries/cfdi_sat/', '')
 4 APPPATH\Controllers\Factura.php(64): GeneraXML->satxmlsv33([...], '', 'C:\\xampp\\htdocs\\pos\\app\\Libraries/cfdi_sat/', '')
 5 SYSTEMPATH\CodeIgniter.php(933): App\Controllers\Factura->facturar('11')
 6 SYSTEMPATH\CodeIgniter.php(507): CodeIgniter\CodeIgniter->runController(Object(App\Controllers\Factura))
 7 SYSTEMPATH\CodeIgniter.php(354): CodeIgniter\CodeIgniter->handleRequest(null, Object(Config\Cache), false)
 8 SYSTEMPATH\Boot.php(363): CodeIgniter\CodeIgniter->run()
 9 SYSTEMPATH\Boot.php(68): CodeIgniter\Boot::runCodeIgniter(Object(CodeIgniter\CodeIgniter))
10 FCPATH\index.php(59): CodeIgniter\Boot::bootWeb(Object(Config\Paths))
WARNING - 2025-11-28 22:53:35 --> [DEPRECATED] Function utf8_encode() is deprecated in APPPATH\Libraries\cfdi_sat\satxmlsv33.php on line 242.
 1 APPPATH\Libraries\cfdi_sat\satxmlsv33.php(64): GeneraXML->satxmlsv33_cargaAtt(Object(DOMElement), [...])
 2 APPPATH\Libraries\cfdi_sat\satxmlsv33.php(39): GeneraXML->satxmlsv33_generales([...], '', 'C:\\xampp\\htdocs\\pos\\app\\Libraries/cfdi_sat/', '')
 3 APPPATH\Libraries\cfdi_sat\satxmlsv33.php(27): GeneraXML->satxmlsv33_genera_xml([...], '', 'C:\\xampp\\htdocs\\pos\\app\\Libraries/cfdi_sat/', '')
 4 APPPATH\Controllers\Factura.php(64): GeneraXML->satxmlsv33([...], '', 'C:\\xampp\\htdocs\\pos\\app\\Libraries/cfdi_sat/', '')
 5 SYSTEMPATH\CodeIgniter.php(933): App\Controllers\Factura->facturar('11')
 6 SYSTEMPATH\CodeIgniter.php(507): CodeIgniter\CodeIgniter->runController(Object(App\Controllers\Factura))
 7 SYSTEMPATH\CodeIgniter.php(354): CodeIgniter\CodeIgniter->handleRequest(null, Object(Config\Cache), false)
 8 SYSTEMPATH\Boot.php(363): CodeIgniter\CodeIgniter->run()
 9 SYSTEMPATH\Boot.php(68): CodeIgniter\Boot::runCodeIgniter(Object(CodeIgniter\CodeIgniter))
10 FCPATH\index.php(59): CodeIgniter\Boot::bootWeb(Object(Config\Paths))
WARNING - 2025-11-28 22:53:35 --> [DEPRECATED] Function utf8_encode() is deprecated in APPPATH\Libraries\cfdi_sat\satxmlsv33.php on line 242.
 1 APPPATH\Libraries\cfdi_sat\satxmlsv33.php(64): GeneraXML->satxmlsv33_cargaAtt(Object(DOMElement), [...])
 2 APPPATH\Libraries\cfdi_sat\satxmlsv33.php(39): GeneraXML->satxmlsv33_generales([...], '', 'C:\\xampp\\htdocs\\pos\\app\\Libraries/cfdi_sat/', '')
 3 APPPATH\Libraries\cfdi_sat\satxmlsv33.php(27): GeneraXML->satxmlsv33_genera_xml([...], '', 'C:\\xampp\\htdocs\\pos\\app\\Libraries/cfdi_sat/', '')
 4 APPPATH\Controllers\Factura.php(64): GeneraXML->satxmlsv33([...], '', 'C:\\xampp\\htdocs\\pos\\app\\Libraries/cfdi_sat/', '')
 5 SYSTEMPATH\CodeIgniter.php(933): App\Controllers\Factura->facturar('11')
 6 SYSTEMPATH\CodeIgniter.php(507): CodeIgniter\CodeIgniter->runController(Object(App\Controllers\Factura))
 7 SYSTEMPATH\CodeIgniter.php(354): CodeIgniter\CodeIgniter->handleRequest(null, Object(Config\Cache), false)
 8 SYSTEMPATH\Boot.php(363): CodeIgniter\CodeIgniter->run()
 9 SYSTEMPATH\Boot.php(68): CodeIgniter\Boot::runCodeIgniter(Object(CodeIgniter\CodeIgniter))
10 FCPATH\index.php(59): CodeIgniter\Boot::bootWeb(Object(Config\Paths))
WARNING - 2025-11-28 22:53:35 --> [DEPRECATED] Function utf8_encode() is deprecated in APPPATH\Libraries\cfdi_sat\satxmlsv33.php on line 242.
 1 APPPATH\Libraries\cfdi_sat\satxmlsv33.php(64): GeneraXML->satxmlsv33_cargaAtt(Object(DOMElement), [...])
 2 APPPATH\Libraries\cfdi_sat\satxmlsv33.php(39): GeneraXML->satxmlsv33_generales([...], '', 'C:\\xampp\\htdocs\\pos\\app\\Libraries/cfdi_sat/', '')
 3 APPPATH\Libraries\cfdi_sat\satxmlsv33.php(27): GeneraXML->satxmlsv33_genera_xml([...], '', 'C:\\xampp\\htdocs\\pos\\app\\Libraries/cfdi_sat/', '')
 4 APPPATH\Controllers\Factura.php(64): GeneraXML->satxmlsv33([...], '', 'C:\\xampp\\htdocs\\pos\\app\\Libraries/cfdi_sat/', '')
 5 SYSTEMPATH\CodeIgniter.php(933): App\Controllers\Factura->facturar('11')
 6 SYSTEMPATH\CodeIgniter.php(507): CodeIgniter\CodeIgniter->runController(Object(App\Controllers\Factura))
 7 SYSTEMPATH\CodeIgniter.php(354): CodeIgniter\CodeIgniter->handleRequest(null, Object(Config\Cache), false)
 8 SYSTEMPATH\Boot.php(363): CodeIgniter\CodeIgniter->run()
 9 SYSTEMPATH\Boot.php(68): CodeIgniter\Boot::runCodeIgniter(Object(CodeIgniter\CodeIgniter))
10 FCPATH\index.php(59): CodeIgniter\Boot::bootWeb(Object(Config\Paths))
WARNING - 2025-11-28 22:53:35 --> [DEPRECATED] Function utf8_encode() is deprecated in APPPATH\Libraries\cfdi_sat\satxmlsv33.php on line 242.
 1 APPPATH\Libraries\cfdi_sat\satxmlsv33.php(64): GeneraXML->satxmlsv33_cargaAtt(Object(DOMElement), [...])
 2 APPPATH\Libraries\cfdi_sat\satxmlsv33.php(39): GeneraXML->satxmlsv33_generales([...], '', 'C:\\xampp\\htdocs\\pos\\app\\Libraries/cfdi_sat/', '')
 3 APPPATH\Libraries\cfdi_sat\satxmlsv33.php(27): GeneraXML->satxmlsv33_genera_xml([...], '', 'C:\\xampp\\htdocs\\pos\\app\\Libraries/cfdi_sat/', '')
 4 APPPATH\Controllers\Factura.php(64): GeneraXML->satxmlsv33([...], '', 'C:\\xampp\\htdocs\\pos\\app\\Libraries/cfdi_sat/', '')
 5 SYSTEMPATH\CodeIgniter.php(933): App\Controllers\Factura->facturar('11')
 6 SYSTEMPATH\CodeIgniter.php(507): CodeIgniter\CodeIgniter->runController(Object(App\Controllers\Factura))
 7 SYSTEMPATH\CodeIgniter.php(354): CodeIgniter\CodeIgniter->handleRequest(null, Object(Config\Cache), false)
 8 SYSTEMPATH\Boot.php(363): CodeIgniter\CodeIgniter->run()
 9 SYSTEMPATH\Boot.php(68): CodeIgniter\Boot::runCodeIgniter(Object(CodeIgniter\CodeIgniter))
10 FCPATH\index.php(59): CodeIgniter\Boot::bootWeb(Object(Config\Paths))
WARNING - 2025-11-28 22:53:35 --> [DEPRECATED] Function utf8_encode() is deprecated in APPPATH\Libraries\cfdi_sat\satxmlsv33.php on line 242.
 1 APPPATH\Libraries\cfdi_sat\satxmlsv33.php(64): GeneraXML->satxmlsv33_cargaAtt(Object(DOMElement), [...])
 2 APPPATH\Libraries\cfdi_sat\satxmlsv33.php(39): GeneraXML->satxmlsv33_generales([...], '', 'C:\\xampp\\htdocs\\pos\\app\\Libraries/cfdi_sat/', '')
 3 APPPATH\Libraries\cfdi_sat\satxmlsv33.php(27): GeneraXML->satxmlsv33_genera_xml([...], '', 'C:\\xampp\\htdocs\\pos\\app\\Libraries/cfdi_sat/', '')
 4 APPPATH\Controllers\Factura.php(64): GeneraXML->satxmlsv33([...], '', 'C:\\xampp\\htdocs\\pos\\app\\Libraries/cfdi_sat/', '')
 5 SYSTEMPATH\CodeIgniter.php(933): App\Controllers\Factura->facturar('11')
 6 SYSTEMPATH\CodeIgniter.php(507): CodeIgniter\CodeIgniter->runController(Object(App\Controllers\Factura))
 7 SYSTEMPATH\CodeIgniter.php(354): CodeIgniter\CodeIgniter->handleRequest(null, Object(Config\Cache), false)
 8 SYSTEMPATH\Boot.php(363): CodeIgniter\CodeIgniter->run()
 9 SYSTEMPATH\Boot.php(68): CodeIgniter\Boot::runCodeIgniter(Object(CodeIgniter\CodeIgniter))
10 FCPATH\index.php(59): CodeIgniter\Boot::bootWeb(Object(Config\Paths))
WARNING - 2025-11-28 22:53:35 --> [DEPRECATED] Function utf8_encode() is deprecated in APPPATH\Libraries\cfdi_sat\satxmlsv33.php on line 242.
 1 APPPATH\Libraries\cfdi_sat\satxmlsv33.php(64): GeneraXML->satxmlsv33_cargaAtt(Object(DOMElement), [...])
 2 APPPATH\Libraries\cfdi_sat\satxmlsv33.php(39): GeneraXML->satxmlsv33_generales([...], '', 'C:\\xampp\\htdocs\\pos\\app\\Libraries/cfdi_sat/', '')
 3 APPPATH\Libraries\cfdi_sat\satxmlsv33.php(27): GeneraXML->satxmlsv33_genera_xml([...], '', 'C:\\xampp\\htdocs\\pos\\app\\Libraries/cfdi_sat/', '')
 4 APPPATH\Controllers\Factura.php(64): GeneraXML->satxmlsv33([...], '', 'C:\\xampp\\htdocs\\pos\\app\\Libraries/cfdi_sat/', '')
 5 SYSTEMPATH\CodeIgniter.php(933): App\Controllers\Factura->facturar('11')
 6 SYSTEMPATH\CodeIgniter.php(507): CodeIgniter\CodeIgniter->runController(Object(App\Controllers\Factura))
 7 SYSTEMPATH\CodeIgniter.php(354): CodeIgniter\CodeIgniter->handleRequest(null, Object(Config\Cache), false)
 8 SYSTEMPATH\Boot.php(363): CodeIgniter\CodeIgniter->run()
 9 SYSTEMPATH\Boot.php(68): CodeIgniter\Boot::runCodeIgniter(Object(CodeIgniter\CodeIgniter))
10 FCPATH\index.php(59): CodeIgniter\Boot::bootWeb(Object(Config\Paths))
WARNING - 2025-11-28 22:53:35 --> [DEPRECATED] Function utf8_encode() is deprecated in APPPATH\Libraries\cfdi_sat\satxmlsv33.php on line 242.
 1 APPPATH\Libraries\cfdi_sat\satxmlsv33.php(64): GeneraXML->satxmlsv33_cargaAtt(Object(DOMElement), [...])
 2 APPPATH\Libraries\cfdi_sat\satxmlsv33.php(39): GeneraXML->satxmlsv33_generales([...], '', 'C:\\xampp\\htdocs\\pos\\app\\Libraries/cfdi_sat/', '')
 3 APPPATH\Libraries\cfdi_sat\satxmlsv33.php(27): GeneraXML->satxmlsv33_genera_xml([...], '', 'C:\\xampp\\htdocs\\pos\\app\\Libraries/cfdi_sat/', '')
 4 APPPATH\Controllers\Factura.php(64): GeneraXML->satxmlsv33([...], '', 'C:\\xampp\\htdocs\\pos\\app\\Libraries/cfdi_sat/', '')
 5 SYSTEMPATH\CodeIgniter.php(933): App\Controllers\Factura->facturar('11')
 6 SYSTEMPATH\CodeIgniter.php(507): CodeIgniter\CodeIgniter->runController(Object(App\Controllers\Factura))
 7 SYSTEMPATH\CodeIgniter.php(354): CodeIgniter\CodeIgniter->handleRequest(null, Object(Config\Cache), false)
 8 SYSTEMPATH\Boot.php(363): CodeIgniter\CodeIgniter->run()
 9 SYSTEMPATH\Boot.php(68): CodeIgniter\Boot::runCodeIgniter(Object(CodeIgniter\CodeIgniter))
10 FCPATH\index.php(59): CodeIgniter\Boot::bootWeb(Object(Config\Paths))
WARNING - 2025-11-28 22:53:35 --> [DEPRECATED] Function utf8_encode() is deprecated in APPPATH\Libraries\cfdi_sat\satxmlsv33.php on line 242.
 1 APPPATH\Libraries\cfdi_sat\satxmlsv33.php(64): GeneraXML->satxmlsv33_cargaAtt(Object(DOMElement), [...])
 2 APPPATH\Libraries\cfdi_sat\satxmlsv33.php(39): GeneraXML->satxmlsv33_generales([...], '', 'C:\\xampp\\htdocs\\pos\\app\\Libraries/cfdi_sat/', '')
 3 APPPATH\Libraries\cfdi_sat\satxmlsv33.php(27): GeneraXML->satxmlsv33_genera_xml([...], '', 'C:\\xampp\\htdocs\\pos\\app\\Libraries/cfdi_sat/', '')
 4 APPPATH\Controllers\Factura.php(64): GeneraXML->satxmlsv33([...], '', 'C:\\xampp\\htdocs\\pos\\app\\Libraries/cfdi_sat/', '')
 5 SYSTEMPATH\CodeIgniter.php(933): App\Controllers\Factura->facturar('11')
 6 SYSTEMPATH\CodeIgniter.php(507): CodeIgniter\CodeIgniter->runController(Object(App\Controllers\Factura))
 7 SYSTEMPATH\CodeIgniter.php(354): CodeIgniter\CodeIgniter->handleRequest(null, Object(Config\Cache), false)
 8 SYSTEMPATH\Boot.php(363): CodeIgniter\CodeIgniter->run()
 9 SYSTEMPATH\Boot.php(68): CodeIgniter\Boot::runCodeIgniter(Object(CodeIgniter\CodeIgniter))
10 FCPATH\index.php(59): CodeIgniter\Boot::bootWeb(Object(Config\Paths))
WARNING - 2025-11-28 22:53:35 --> [DEPRECATED] Function utf8_encode() is deprecated in APPPATH\Libraries\cfdi_sat\satxmlsv33.php on line 242.
 1 APPPATH\Libraries\cfdi_sat\satxmlsv33.php(64): GeneraXML->satxmlsv33_cargaAtt(Object(DOMElement), [...])
 2 APPPATH\Libraries\cfdi_sat\satxmlsv33.php(39): GeneraXML->satxmlsv33_generales([...], '', 'C:\\xampp\\htdocs\\pos\\app\\Libraries/cfdi_sat/', '')
 3 APPPATH\Libraries\cfdi_sat\satxmlsv33.php(27): GeneraXML->satxmlsv33_genera_xml([...], '', 'C:\\xampp\\htdocs\\pos\\app\\Libraries/cfdi_sat/', '')
 4 APPPATH\Controllers\Factura.php(64): GeneraXML->satxmlsv33([...], '', 'C:\\xampp\\htdocs\\pos\\app\\Libraries/cfdi_sat/', '')
 5 SYSTEMPATH\CodeIgniter.php(933): App\Controllers\Factura->facturar('11')
 6 SYSTEMPATH\CodeIgniter.php(507): CodeIgniter\CodeIgniter->runController(Object(App\Controllers\Factura))
 7 SYSTEMPATH\CodeIgniter.php(354): CodeIgniter\CodeIgniter->handleRequest(null, Object(Config\Cache), false)
 8 SYSTEMPATH\Boot.php(363): CodeIgniter\CodeIgniter->run()
 9 SYSTEMPATH\Boot.php(68): CodeIgniter\Boot::runCodeIgniter(Object(CodeIgniter\CodeIgniter))
10 FCPATH\index.php(59): CodeIgniter\Boot::bootWeb(Object(Config\Paths))
WARNING - 2025-11-28 22:53:35 --> [DEPRECATED] Function utf8_encode() is deprecated in APPPATH\Libraries\cfdi_sat\satxmlsv33.php on line 242.
 1 APPPATH\Libraries\cfdi_sat\satxmlsv33.php(64): GeneraXML->satxmlsv33_cargaAtt(Object(DOMElement), [...])
 2 APPPATH\Libraries\cfdi_sat\satxmlsv33.php(39): GeneraXML->satxmlsv33_generales([...], '', 'C:\\xampp\\htdocs\\pos\\app\\Libraries/cfdi_sat/', '')
 3 APPPATH\Libraries\cfdi_sat\satxmlsv33.php(27): GeneraXML->satxmlsv33_genera_xml([...], '', 'C:\\xampp\\htdocs\\pos\\app\\Libraries/cfdi_sat/', '')
 4 APPPATH\Controllers\Factura.php(64): GeneraXML->satxmlsv33([...], '', 'C:\\xampp\\htdocs\\pos\\app\\Libraries/cfdi_sat/', '')
 5 SYSTEMPATH\CodeIgniter.php(933): App\Controllers\Factura->facturar('11')
 6 SYSTEMPATH\CodeIgniter.php(507): CodeIgniter\CodeIgniter->runController(Object(App\Controllers\Factura))
 7 SYSTEMPATH\CodeIgniter.php(354): CodeIgniter\CodeIgniter->handleRequest(null, Object(Config\Cache), false)
 8 SYSTEMPATH\Boot.php(363): CodeIgniter\CodeIgniter->run()
 9 SYSTEMPATH\Boot.php(68): CodeIgniter\Boot::runCodeIgniter(Object(CodeIgniter\CodeIgniter))
10 FCPATH\index.php(59): CodeIgniter\Boot::bootWeb(Object(Config\Paths))
WARNING - 2025-11-28 22:53:35 --> [DEPRECATED] Function utf8_encode() is deprecated in APPPATH\Libraries\cfdi_sat\satxmlsv33.php on line 242.
 1 APPPATH\Libraries\cfdi_sat\satxmlsv33.php(64): GeneraXML->satxmlsv33_cargaAtt(Object(DOMElement), [...])
 2 APPPATH\Libraries\cfdi_sat\satxmlsv33.php(39): GeneraXML->satxmlsv33_generales([...], '', 'C:\\xampp\\htdocs\\pos\\app\\Libraries/cfdi_sat/', '')
 3 APPPATH\Libraries\cfdi_sat\satxmlsv33.php(27): GeneraXML->satxmlsv33_genera_xml([...], '', 'C:\\xampp\\htdocs\\pos\\app\\Libraries/cfdi_sat/', '')
 4 APPPATH\Controllers\Factura.php(64): GeneraXML->satxmlsv33([...], '', 'C:\\xampp\\htdocs\\pos\\app\\Libraries/cfdi_sat/', '')
 5 SYSTEMPATH\CodeIgniter.php(933): App\Controllers\Factura->facturar('11')
 6 SYSTEMPATH\CodeIgniter.php(507): CodeIgniter\CodeIgniter->runController(Object(App\Controllers\Factura))
 7 SYSTEMPATH\CodeIgniter.php(354): CodeIgniter\CodeIgniter->handleRequest(null, Object(Config\Cache), false)
 8 SYSTEMPATH\Boot.php(363): CodeIgniter\CodeIgniter->run()
 9 SYSTEMPATH\Boot.php(68): CodeIgniter\Boot::runCodeIgniter(Object(CodeIgniter\CodeIgniter))
10 FCPATH\index.php(59): CodeIgniter\Boot::bootWeb(Object(Config\Paths))
WARNING - 2025-11-28 22:53:35 --> [DEPRECATED] Function utf8_encode() is deprecated in APPPATH\Libraries\cfdi_sat\satxmlsv33.php on line 242.
 1 APPPATH\Libraries\cfdi_sat\satxmlsv33.php(64): GeneraXML->satxmlsv33_cargaAtt(Object(DOMElement), [...])
 2 APPPATH\Libraries\cfdi_sat\satxmlsv33.php(39): GeneraXML->satxmlsv33_generales([...], '', 'C:\\xampp\\htdocs\\pos\\app\\Libraries/cfdi_sat/', '')
 3 APPPATH\Libraries\cfdi_sat\satxmlsv33.php(27): GeneraXML->satxmlsv33_genera_xml([...], '', 'C:\\xampp\\htdocs\\pos\\app\\Libraries/cfdi_sat/', '')
 4 APPPATH\Controllers\Factura.php(64): GeneraXML->satxmlsv33([...], '', 'C:\\xampp\\htdocs\\pos\\app\\Libraries/cfdi_sat/', '')
 5 SYSTEMPATH\CodeIgniter.php(933): App\Controllers\Factura->facturar('11')
 6 SYSTEMPATH\CodeIgniter.php(507): CodeIgniter\CodeIgniter->runController(Object(App\Controllers\Factura))
 7 SYSTEMPATH\CodeIgniter.php(354): CodeIgniter\CodeIgniter->handleRequest(null, Object(Config\Cache), false)
 8 SYSTEMPATH\Boot.php(363): CodeIgniter\CodeIgniter->run()
 9 SYSTEMPATH\Boot.php(68): CodeIgniter\Boot::runCodeIgniter(Object(CodeIgniter\CodeIgniter))
10 FCPATH\index.php(59): CodeIgniter\Boot::bootWeb(Object(Config\Paths))
WARNING - 2025-11-28 22:53:35 --> [DEPRECATED] Function utf8_encode() is deprecated in APPPATH\Libraries\cfdi_sat\satxmlsv33.php on line 242.
 1 APPPATH\Libraries\cfdi_sat\satxmlsv33.php(64): GeneraXML->satxmlsv33_cargaAtt(Object(DOMElement), [...])
 2 APPPATH\Libraries\cfdi_sat\satxmlsv33.php(39): GeneraXML->satxmlsv33_generales([...], '', 'C:\\xampp\\htdocs\\pos\\app\\Libraries/cfdi_sat/', '')
 3 APPPATH\Libraries\cfdi_sat\satxmlsv33.php(27): GeneraXML->satxmlsv33_genera_xml([...], '', 'C:\\xampp\\htdocs\\pos\\app\\Libraries/cfdi_sat/', '')
 4 APPPATH\Controllers\Factura.php(64): GeneraXML->satxmlsv33([...], '', 'C:\\xampp\\htdocs\\pos\\app\\Libraries/cfdi_sat/', '')
 5 SYSTEMPATH\CodeIgniter.php(933): App\Controllers\Factura->facturar('11')
 6 SYSTEMPATH\CodeIgniter.php(507): CodeIgniter\CodeIgniter->runController(Object(App\Controllers\Factura))
 7 SYSTEMPATH\CodeIgniter.php(354): CodeIgniter\CodeIgniter->handleRequest(null, Object(Config\Cache), false)
 8 SYSTEMPATH\Boot.php(363): CodeIgniter\CodeIgniter->run()
 9 SYSTEMPATH\Boot.php(68): CodeIgniter\Boot::runCodeIgniter(Object(CodeIgniter\CodeIgniter))
10 FCPATH\index.php(59): CodeIgniter\Boot::bootWeb(Object(Config\Paths))
WARNING - 2025-11-28 22:53:35 --> [DEPRECATED] strlen(): Passing null to parameter #1 ($string) of type string is deprecated in APPPATH\Libraries\cfdi_sat\satxmlsv33.php on line 232.
 1 APPPATH\Libraries\cfdi_sat\satxmlsv33.php(64): GeneraXML->satxmlsv33_cargaAtt(Object(DOMElement), [...])
 2 APPPATH\Libraries\cfdi_sat\satxmlsv33.php(39): GeneraXML->satxmlsv33_generales([...], '', 'C:\\xampp\\htdocs\\pos\\app\\Libraries/cfdi_sat/', '')
 3 APPPATH\Libraries\cfdi_sat\satxmlsv33.php(27): GeneraXML->satxmlsv33_genera_xml([...], '', 'C:\\xampp\\htdocs\\pos\\app\\Libraries/cfdi_sat/', '')
 4 APPPATH\Controllers\Factura.php(64): GeneraXML->satxmlsv33([...], '', 'C:\\xampp\\htdocs\\pos\\app\\Libraries/cfdi_sat/', '')
 5 SYSTEMPATH\CodeIgniter.php(933): App\Controllers\Factura->facturar('11')
 6 SYSTEMPATH\CodeIgniter.php(507): CodeIgniter\CodeIgniter->runController(Object(App\Controllers\Factura))
 7 SYSTEMPATH\CodeIgniter.php(354): CodeIgniter\CodeIgniter->handleRequest(null, Object(Config\Cache), false)
 8 SYSTEMPATH\Boot.php(363): CodeIgniter\CodeIgniter->run()
 9 SYSTEMPATH\Boot.php(68): CodeIgniter\Boot::runCodeIgniter(Object(CodeIgniter\CodeIgniter))
10 FCPATH\index.php(59): CodeIgniter\Boot::bootWeb(Object(Config\Paths))
WARNING - 2025-11-28 22:53:35 --> [DEPRECATED] preg_replace(): Passing null to parameter #3 ($subject) of type array|string is deprecated in APPPATH\Libraries\cfdi_sat\satxmlsv33.php on line 238.
 1 APPPATH\Libraries\cfdi_sat\satxmlsv33.php(238): preg_replace('/\\s\\s+/', ' ', null)
 2 APPPATH\Libraries\cfdi_sat\satxmlsv33.php(64): GeneraXML->satxmlsv33_cargaAtt(Object(DOMElement), [...])
 3 APPPATH\Libraries\cfdi_sat\satxmlsv33.php(39): GeneraXML->satxmlsv33_generales([...], '', 'C:\\xampp\\htdocs\\pos\\app\\Libraries/cfdi_sat/', '')
 4 APPPATH\Libraries\cfdi_sat\satxmlsv33.php(27): GeneraXML->satxmlsv33_genera_xml([...], '', 'C:\\xampp\\htdocs\\pos\\app\\Libraries/cfdi_sat/', '')
 5 APPPATH\Controllers\Factura.php(64): GeneraXML->satxmlsv33([...], '', 'C:\\xampp\\htdocs\\pos\\app\\Libraries/cfdi_sat/', '')
 6 SYSTEMPATH\CodeIgniter.php(933): App\Controllers\Factura->facturar('11')
 7 SYSTEMPATH\CodeIgniter.php(507): CodeIgniter\CodeIgniter->runController(Object(App\Controllers\Factura))
 8 SYSTEMPATH\CodeIgniter.php(354): CodeIgniter\CodeIgniter->handleRequest(null, Object(Config\Cache), false)
 9 SYSTEMPATH\Boot.php(363): CodeIgniter\CodeIgniter->run()
10 SYSTEMPATH\Boot.php(68): CodeIgniter\Boot::runCodeIgniter(Object(CodeIgniter\CodeIgniter))
11 FCPATH\index.php(59): CodeIgniter\Boot::bootWeb(Object(Config\Paths))
WARNING - 2025-11-28 22:53:35 --> [DEPRECATED] strlen(): Passing null to parameter #1 ($string) of type string is deprecated in APPPATH\Libraries\cfdi_sat\satxmlsv33.php on line 232.
 1 APPPATH\Libraries\cfdi_sat\satxmlsv33.php(64): GeneraXML->satxmlsv33_cargaAtt(Object(DOMElement), [...])
 2 APPPATH\Libraries\cfdi_sat\satxmlsv33.php(39): GeneraXML->satxmlsv33_generales([...], '', 'C:\\xampp\\htdocs\\pos\\app\\Libraries/cfdi_sat/', '')
 3 APPPATH\Libraries\cfdi_sat\satxmlsv33.php(27): GeneraXML->satxmlsv33_genera_xml([...], '', 'C:\\xampp\\htdocs\\pos\\app\\Libraries/cfdi_sat/', '')
 4 APPPATH\Controllers\Factura.php(64): GeneraXML->satxmlsv33([...], '', 'C:\\xampp\\htdocs\\pos\\app\\Libraries/cfdi_sat/', '')
 5 SYSTEMPATH\CodeIgniter.php(933): App\Controllers\Factura->facturar('11')
 6 SYSTEMPATH\CodeIgniter.php(507): CodeIgniter\CodeIgniter->runController(Object(App\Controllers\Factura))
 7 SYSTEMPATH\CodeIgniter.php(354): CodeIgniter\CodeIgniter->handleRequest(null, Object(Config\Cache), false)
 8 SYSTEMPATH\Boot.php(363): CodeIgniter\CodeIgniter->run()
 9 SYSTEMPATH\Boot.php(68): CodeIgniter\Boot::runCodeIgniter(Object(CodeIgniter\CodeIgniter))
10 FCPATH\index.php(59): CodeIgniter\Boot::bootWeb(Object(Config\Paths))
WARNING - 2025-11-28 22:53:35 --> [DEPRECATED] preg_replace(): Passing null to parameter #3 ($subject) of type array|string is deprecated in APPPATH\Libraries\cfdi_sat\satxmlsv33.php on line 238.
 1 APPPATH\Libraries\cfdi_sat\satxmlsv33.php(238): preg_replace('/\\s\\s+/', ' ', null)
 2 APPPATH\Libraries\cfdi_sat\satxmlsv33.php(64): GeneraXML->satxmlsv33_cargaAtt(Object(DOMElement), [...])
 3 APPPATH\Libraries\cfdi_sat\satxmlsv33.php(39): GeneraXML->satxmlsv33_generales([...], '', 'C:\\xampp\\htdocs\\pos\\app\\Libraries/cfdi_sat/', '')
 4 APPPATH\Libraries\cfdi_sat\satxmlsv33.php(27): GeneraXML->satxmlsv33_genera_xml([...], '', 'C:\\xampp\\htdocs\\pos\\app\\Libraries/cfdi_sat/', '')
 5 APPPATH\Controllers\Factura.php(64): GeneraXML->satxmlsv33([...], '', 'C:\\xampp\\htdocs\\pos\\app\\Libraries/cfdi_sat/', '')
 6 SYSTEMPATH\CodeIgniter.php(933): App\Controllers\Factura->facturar('11')
 7 SYSTEMPATH\CodeIgniter.php(507): CodeIgniter\CodeIgniter->runController(Object(App\Controllers\Factura))
 8 SYSTEMPATH\CodeIgniter.php(354): CodeIgniter\CodeIgniter->handleRequest(null, Object(Config\Cache), false)
 9 SYSTEMPATH\Boot.php(363): CodeIgniter\CodeIgniter->run()
10 SYSTEMPATH\Boot.php(68): CodeIgniter\Boot::runCodeIgniter(Object(CodeIgniter\CodeIgniter))
11 FCPATH\index.php(59): CodeIgniter\Boot::bootWeb(Object(Config\Paths))
WARNING - 2025-11-28 22:53:35 --> [DEPRECATED] strlen(): Passing null to parameter #1 ($string) of type string is deprecated in APPPATH\Libraries\cfdi_sat\satxmlsv33.php on line 232.
 1 APPPATH\Libraries\cfdi_sat\satxmlsv33.php(64): GeneraXML->satxmlsv33_cargaAtt(Object(DOMElement), [...])
 2 APPPATH\Libraries\cfdi_sat\satxmlsv33.php(39): GeneraXML->satxmlsv33_generales([...], '', 'C:\\xampp\\htdocs\\pos\\app\\Libraries/cfdi_sat/', '')
 3 APPPATH\Libraries\cfdi_sat\satxmlsv33.php(27): GeneraXML->satxmlsv33_genera_xml([...], '', 'C:\\xampp\\htdocs\\pos\\app\\Libraries/cfdi_sat/', '')
 4 APPPATH\Controllers\Factura.php(64): GeneraXML->satxmlsv33([...], '', 'C:\\xampp\\htdocs\\pos\\app\\Libraries/cfdi_sat/', '')
 5 SYSTEMPATH\CodeIgniter.php(933): App\Controllers\Factura->facturar('11')
 6 SYSTEMPATH\CodeIgniter.php(507): CodeIgniter\CodeIgniter->runController(Object(App\Controllers\Factura))
 7 SYSTEMPATH\CodeIgniter.php(354): CodeIgniter\CodeIgniter->handleRequest(null, Object(Config\Cache), false)
 8 SYSTEMPATH\Boot.php(363): CodeIgniter\CodeIgniter->run()
 9 SYSTEMPATH\Boot.php(68): CodeIgniter\Boot::runCodeIgniter(Object(CodeIgniter\CodeIgniter))
10 FCPATH\index.php(59): CodeIgniter\Boot::bootWeb(Object(Config\Paths))
WARNING - 2025-11-28 22:53:35 --> [DEPRECATED] preg_replace(): Passing null to parameter #3 ($subject) of type array|string is deprecated in APPPATH\Libraries\cfdi_sat\satxmlsv33.php on line 238.
 1 APPPATH\Libraries\cfdi_sat\satxmlsv33.php(238): preg_replace('/\\s\\s+/', ' ', null)
 2 APPPATH\Libraries\cfdi_sat\satxmlsv33.php(64): GeneraXML->satxmlsv33_cargaAtt(Object(DOMElement), [...])
 3 APPPATH\Libraries\cfdi_sat\satxmlsv33.php(39): GeneraXML->satxmlsv33_generales([...], '', 'C:\\xampp\\htdocs\\pos\\app\\Libraries/cfdi_sat/', '')
 4 APPPATH\Libraries\cfdi_sat\satxmlsv33.php(27): GeneraXML->satxmlsv33_genera_xml([...], '', 'C:\\xampp\\htdocs\\pos\\app\\Libraries/cfdi_sat/', '')
 5 APPPATH\Controllers\Factura.php(64): GeneraXML->satxmlsv33([...], '', 'C:\\xampp\\htdocs\\pos\\app\\Libraries/cfdi_sat/', '')
 6 SYSTEMPATH\CodeIgniter.php(933): App\Controllers\Factura->facturar('11')
 7 SYSTEMPATH\CodeIgniter.php(507): CodeIgniter\CodeIgniter->runController(Object(App\Controllers\Factura))
 8 SYSTEMPATH\CodeIgniter.php(354): CodeIgniter\CodeIgniter->handleRequest(null, Object(Config\Cache), false)
 9 SYSTEMPATH\Boot.php(363): CodeIgniter\CodeIgniter->run()
10 SYSTEMPATH\Boot.php(68): CodeIgniter\Boot::runCodeIgniter(Object(CodeIgniter\CodeIgniter))
11 FCPATH\index.php(59): CodeIgniter\Boot::bootWeb(Object(Config\Paths))
WARNING - 2025-11-28 22:53:35 --> [DEPRECATED] strlen(): Passing null to parameter #1 ($string) of type string is deprecated in APPPATH\Libraries\cfdi_sat\satxmlsv33.php on line 232.
 1 APPPATH\Libraries\cfdi_sat\satxmlsv33.php(64): GeneraXML->satxmlsv33_cargaAtt(Object(DOMElement), [...])
 2 APPPATH\Libraries\cfdi_sat\satxmlsv33.php(39): GeneraXML->satxmlsv33_generales([...], '', 'C:\\xampp\\htdocs\\pos\\app\\Libraries/cfdi_sat/', '')
 3 APPPATH\Libraries\cfdi_sat\satxmlsv33.php(27): GeneraXML->satxmlsv33_genera_xml([...], '', 'C:\\xampp\\htdocs\\pos\\app\\Libraries/cfdi_sat/', '')
 4 APPPATH\Controllers\Factura.php(64): GeneraXML->satxmlsv33([...], '', 'C:\\xampp\\htdocs\\pos\\app\\Libraries/cfdi_sat/', '')
 5 SYSTEMPATH\CodeIgniter.php(933): App\Controllers\Factura->facturar('11')
 6 SYSTEMPATH\CodeIgniter.php(507): CodeIgniter\CodeIgniter->runController(Object(App\Controllers\Factura))
 7 SYSTEMPATH\CodeIgniter.php(354): CodeIgniter\CodeIgniter->handleRequest(null, Object(Config\Cache), false)
 8 SYSTEMPATH\Boot.php(363): CodeIgniter\CodeIgniter->run()
 9 SYSTEMPATH\Boot.php(68): CodeIgniter\Boot::runCodeIgniter(Object(CodeIgniter\CodeIgniter))
10 FCPATH\index.php(59): CodeIgniter\Boot::bootWeb(Object(Config\Paths))
WARNING - 2025-11-28 22:53:35 --> [DEPRECATED] preg_replace(): Passing null to parameter #3 ($subject) of type array|string is deprecated in APPPATH\Libraries\cfdi_sat\satxmlsv33.php on line 238.
 1 APPPATH\Libraries\cfdi_sat\satxmlsv33.php(238): preg_replace('/\\s\\s+/', ' ', null)
 2 APPPATH\Libraries\cfdi_sat\satxmlsv33.php(64): GeneraXML->satxmlsv33_cargaAtt(Object(DOMElement), [...])
 3 APPPATH\Libraries\cfdi_sat\satxmlsv33.php(39): GeneraXML->satxmlsv33_generales([...], '', 'C:\\xampp\\htdocs\\pos\\app\\Libraries/cfdi_sat/', '')
 4 APPPATH\Libraries\cfdi_sat\satxmlsv33.php(27): GeneraXML->satxmlsv33_genera_xml([...], '', 'C:\\xampp\\htdocs\\pos\\app\\Libraries/cfdi_sat/', '')
 5 APPPATH\Controllers\Factura.php(64): GeneraXML->satxmlsv33([...], '', 'C:\\xampp\\htdocs\\pos\\app\\Libraries/cfdi_sat/', '')
 6 SYSTEMPATH\CodeIgniter.php(933): App\Controllers\Factura->facturar('11')
 7 SYSTEMPATH\CodeIgniter.php(507): CodeIgniter\CodeIgniter->runController(Object(App\Controllers\Factura))
 8 SYSTEMPATH\CodeIgniter.php(354): CodeIgniter\CodeIgniter->handleRequest(null, Object(Config\Cache), false)
 9 SYSTEMPATH\Boot.php(363): CodeIgniter\CodeIgniter->run()
10 SYSTEMPATH\Boot.php(68): CodeIgniter\Boot::runCodeIgniter(Object(CodeIgniter\CodeIgniter))
11 FCPATH\index.php(59): CodeIgniter\Boot::bootWeb(Object(Config\Paths))
WARNING - 2025-11-28 22:53:35 --> [DEPRECATED] Function utf8_encode() is deprecated in APPPATH\Libraries\cfdi_sat\satxmlsv33.php on line 242.
 1 APPPATH\Libraries\cfdi_sat\satxmlsv33.php(93): GeneraXML->satxmlsv33_cargaAtt(Object(DOMElement), [...])
 2 APPPATH\Libraries\cfdi_sat\satxmlsv33.php(40): GeneraXML->satxmlsv33_emisor([...], '', 'C:\\xampp\\htdocs\\pos\\app\\Libraries/cfdi_sat/', '')
 3 APPPATH\Libraries\cfdi_sat\satxmlsv33.php(27): GeneraXML->satxmlsv33_genera_xml([...], '', 'C:\\xampp\\htdocs\\pos\\app\\Libraries/cfdi_sat/', '')
 4 APPPATH\Controllers\Factura.php(64): GeneraXML->satxmlsv33([...], '', 'C:\\xampp\\htdocs\\pos\\app\\Libraries/cfdi_sat/', '')
 5 SYSTEMPATH\CodeIgniter.php(933): App\Controllers\Factura->facturar('11')
 6 SYSTEMPATH\CodeIgniter.php(507): CodeIgniter\CodeIgniter->runController(Object(App\Controllers\Factura))
 7 SYSTEMPATH\CodeIgniter.php(354): CodeIgniter\CodeIgniter->handleRequest(null, Object(Config\Cache), false)
 8 SYSTEMPATH\Boot.php(363): CodeIgniter\CodeIgniter->run()
 9 SYSTEMPATH\Boot.php(68): CodeIgniter\Boot::runCodeIgniter(Object(CodeIgniter\CodeIgniter))
10 FCPATH\index.php(59): CodeIgniter\Boot::bootWeb(Object(Config\Paths))
WARNING - 2025-11-28 22:53:35 --> [DEPRECATED] Function utf8_encode() is deprecated in APPPATH\Libraries\cfdi_sat\satxmlsv33.php on line 242.
 1 APPPATH\Libraries\cfdi_sat\satxmlsv33.php(93): GeneraXML->satxmlsv33_cargaAtt(Object(DOMElement), [...])
 2 APPPATH\Libraries\cfdi_sat\satxmlsv33.php(40): GeneraXML->satxmlsv33_emisor([...], '', 'C:\\xampp\\htdocs\\pos\\app\\Libraries/cfdi_sat/', '')
 3 APPPATH\Libraries\cfdi_sat\satxmlsv33.php(27): GeneraXML->satxmlsv33_genera_xml([...], '', 'C:\\xampp\\htdocs\\pos\\app\\Libraries/cfdi_sat/', '')
 4 APPPATH\Controllers\Factura.php(64): GeneraXML->satxmlsv33([...], '', 'C:\\xampp\\htdocs\\pos\\app\\Libraries/cfdi_sat/', '')
 5 SYSTEMPATH\CodeIgniter.php(933): App\Controllers\Factura->facturar('11')
 6 SYSTEMPATH\CodeIgniter.php(507): CodeIgniter\CodeIgniter->runController(Object(App\Controllers\Factura))
 7 SYSTEMPATH\CodeIgniter.php(354): CodeIgniter\CodeIgniter->handleRequest(null, Object(Config\Cache), false)
 8 SYSTEMPATH\Boot.php(363): CodeIgniter\CodeIgniter->run()
 9 SYSTEMPATH\Boot.php(68): CodeIgniter\Boot::runCodeIgniter(Object(CodeIgniter\CodeIgniter))
10 FCPATH\index.php(59): CodeIgniter\Boot::bootWeb(Object(Config\Paths))
WARNING - 2025-11-28 22:53:35 --> [DEPRECATED] Function utf8_encode() is deprecated in APPPATH\Libraries\cfdi_sat\satxmlsv33.php on line 242.
 1 APPPATH\Libraries\cfdi_sat\satxmlsv33.php(93): GeneraXML->satxmlsv33_cargaAtt(Object(DOMElement), [...])
 2 APPPATH\Libraries\cfdi_sat\satxmlsv33.php(40): GeneraXML->satxmlsv33_emisor([...], '', 'C:\\xampp\\htdocs\\pos\\app\\Libraries/cfdi_sat/', '')
 3 APPPATH\Libraries\cfdi_sat\satxmlsv33.php(27): GeneraXML->satxmlsv33_genera_xml([...], '', 'C:\\xampp\\htdocs\\pos\\app\\Libraries/cfdi_sat/', '')
 4 APPPATH\Controllers\Factura.php(64): GeneraXML->satxmlsv33([...], '', 'C:\\xampp\\htdocs\\pos\\app\\Libraries/cfdi_sat/', '')
 5 SYSTEMPATH\CodeIgniter.php(933): App\Controllers\Factura->facturar('11')
 6 SYSTEMPATH\CodeIgniter.php(507): CodeIgniter\CodeIgniter->runController(Object(App\Controllers\Factura))
 7 SYSTEMPATH\CodeIgniter.php(354): CodeIgniter\CodeIgniter->handleRequest(null, Object(Config\Cache), false)
 8 SYSTEMPATH\Boot.php(363): CodeIgniter\CodeIgniter->run()
 9 SYSTEMPATH\Boot.php(68): CodeIgniter\Boot::runCodeIgniter(Object(CodeIgniter\CodeIgniter))
10 FCPATH\index.php(59): CodeIgniter\Boot::bootWeb(Object(Config\Paths))
WARNING - 2025-11-28 22:53:35 --> [DEPRECATED] Function utf8_encode() is deprecated in APPPATH\Libraries\cfdi_sat\satxmlsv33.php on line 242.
 1 APPPATH\Libraries\cfdi_sat\satxmlsv33.php(105): GeneraXML->satxmlsv33_cargaAtt(Object(DOMElement), [...])
 2 APPPATH\Libraries\cfdi_sat\satxmlsv33.php(41): GeneraXML->satxmlsv33_receptor([...], '', 'C:\\xampp\\htdocs\\pos\\app\\Libraries/cfdi_sat/', '')
 3 APPPATH\Libraries\cfdi_sat\satxmlsv33.php(27): GeneraXML->satxmlsv33_genera_xml([...], '', 'C:\\xampp\\htdocs\\pos\\app\\Libraries/cfdi_sat/', '')
 4 APPPATH\Controllers\Factura.php(64): GeneraXML->satxmlsv33([...], '', 'C:\\xampp\\htdocs\\pos\\app\\Libraries/cfdi_sat/', '')
 5 SYSTEMPATH\CodeIgniter.php(933): App\Controllers\Factura->facturar('11')
 6 SYSTEMPATH\CodeIgniter.php(507): CodeIgniter\CodeIgniter->runController(Object(App\Controllers\Factura))
 7 SYSTEMPATH\CodeIgniter.php(354): CodeIgniter\CodeIgniter->handleRequest(null, Object(Config\Cache), false)
 8 SYSTEMPATH\Boot.php(363): CodeIgniter\CodeIgniter->run()
 9 SYSTEMPATH\Boot.php(68): CodeIgniter\Boot::runCodeIgniter(Object(CodeIgniter\CodeIgniter))
10 FCPATH\index.php(59): CodeIgniter\Boot::bootWeb(Object(Config\Paths))
WARNING - 2025-11-28 22:53:35 --> [DEPRECATED] Function utf8_encode() is deprecated in APPPATH\Libraries\cfdi_sat\satxmlsv33.php on line 242.
 1 APPPATH\Libraries\cfdi_sat\satxmlsv33.php(105): GeneraXML->satxmlsv33_cargaAtt(Object(DOMElement), [...])
 2 APPPATH\Libraries\cfdi_sat\satxmlsv33.php(41): GeneraXML->satxmlsv33_receptor([...], '', 'C:\\xampp\\htdocs\\pos\\app\\Libraries/cfdi_sat/', '')
 3 APPPATH\Libraries\cfdi_sat\satxmlsv33.php(27): GeneraXML->satxmlsv33_genera_xml([...], '', 'C:\\xampp\\htdocs\\pos\\app\\Libraries/cfdi_sat/', '')
 4 APPPATH\Controllers\Factura.php(64): GeneraXML->satxmlsv33([...], '', 'C:\\xampp\\htdocs\\pos\\app\\Libraries/cfdi_sat/', '')
 5 SYSTEMPATH\CodeIgniter.php(933): App\Controllers\Factura->facturar('11')
 6 SYSTEMPATH\CodeIgniter.php(507): CodeIgniter\CodeIgniter->runController(Object(App\Controllers\Factura))
 7 SYSTEMPATH\CodeIgniter.php(354): CodeIgniter\CodeIgniter->handleRequest(null, Object(Config\Cache), false)
 8 SYSTEMPATH\Boot.php(363): CodeIgniter\CodeIgniter->run()
 9 SYSTEMPATH\Boot.php(68): CodeIgniter\Boot::runCodeIgniter(Object(CodeIgniter\CodeIgniter))
10 FCPATH\index.php(59): CodeIgniter\Boot::bootWeb(Object(Config\Paths))
WARNING - 2025-11-28 22:53:35 --> [DEPRECATED] Function utf8_encode() is deprecated in APPPATH\Libraries\cfdi_sat\satxmlsv33.php on line 242.
 1 APPPATH\Libraries\cfdi_sat\satxmlsv33.php(105): GeneraXML->satxmlsv33_cargaAtt(Object(DOMElement), [...])
 2 APPPATH\Libraries\cfdi_sat\satxmlsv33.php(41): GeneraXML->satxmlsv33_receptor([...], '', 'C:\\xampp\\htdocs\\pos\\app\\Libraries/cfdi_sat/', '')
 3 APPPATH\Libraries\cfdi_sat\satxmlsv33.php(27): GeneraXML->satxmlsv33_genera_xml([...], '', 'C:\\xampp\\htdocs\\pos\\app\\Libraries/cfdi_sat/', '')
 4 APPPATH\Controllers\Factura.php(64): GeneraXML->satxmlsv33([...], '', 'C:\\xampp\\htdocs\\pos\\app\\Libraries/cfdi_sat/', '')
 5 SYSTEMPATH\CodeIgniter.php(933): App\Controllers\Factura->facturar('11')
 6 SYSTEMPATH\CodeIgniter.php(507): CodeIgniter\CodeIgniter->runController(Object(App\Controllers\Factura))
 7 SYSTEMPATH\CodeIgniter.php(354): CodeIgniter\CodeIgniter->handleRequest(null, Object(Config\Cache), false)
 8 SYSTEMPATH\Boot.php(363): CodeIgniter\CodeIgniter->run()
 9 SYSTEMPATH\Boot.php(68): CodeIgniter\Boot::runCodeIgniter(Object(CodeIgniter\CodeIgniter))
10 FCPATH\index.php(59): CodeIgniter\Boot::bootWeb(Object(Config\Paths))
WARNING - 2025-11-28 22:53:35 --> [DEPRECATED] Function utf8_encode() is deprecated in APPPATH\Libraries\cfdi_sat\satxmlsv33.php on line 242.
 1 APPPATH\Libraries\cfdi_sat\satxmlsv33.php(123): GeneraXML->satxmlsv33_cargaAtt(Object(DOMElement), [...])
 2 APPPATH\Libraries\cfdi_sat\satxmlsv33.php(42): GeneraXML->satxmlsv33_conceptos([...], '', 'C:\\xampp\\htdocs\\pos\\app\\Libraries/cfdi_sat/', '')
 3 APPPATH\Libraries\cfdi_sat\satxmlsv33.php(27): GeneraXML->satxmlsv33_genera_xml([...], '', 'C:\\xampp\\htdocs\\pos\\app\\Libraries/cfdi_sat/', '')
 4 APPPATH\Controllers\Factura.php(64): GeneraXML->satxmlsv33([...], '', 'C:\\xampp\\htdocs\\pos\\app\\Libraries/cfdi_sat/', '')
 5 SYSTEMPATH\CodeIgniter.php(933): App\Controllers\Factura->facturar('11')
 6 SYSTEMPATH\CodeIgniter.php(507): CodeIgniter\CodeIgniter->runController(Object(App\Controllers\Factura))
 7 SYSTEMPATH\CodeIgniter.php(354): CodeIgniter\CodeIgniter->handleRequest(null, Object(Config\Cache), false)
 8 SYSTEMPATH\Boot.php(363): CodeIgniter\CodeIgniter->run()
 9 SYSTEMPATH\Boot.php(68): CodeIgniter\Boot::runCodeIgniter(Object(CodeIgniter\CodeIgniter))
10 FCPATH\index.php(59): CodeIgniter\Boot::bootWeb(Object(Config\Paths))
WARNING - 2025-11-28 22:53:35 --> [DEPRECATED] Function utf8_encode() is deprecated in APPPATH\Libraries\cfdi_sat\satxmlsv33.php on line 242.
 1 APPPATH\Libraries\cfdi_sat\satxmlsv33.php(123): GeneraXML->satxmlsv33_cargaAtt(Object(DOMElement), [...])
 2 APPPATH\Libraries\cfdi_sat\satxmlsv33.php(42): GeneraXML->satxmlsv33_conceptos([...], '', 'C:\\xampp\\htdocs\\pos\\app\\Libraries/cfdi_sat/', '')
 3 APPPATH\Libraries\cfdi_sat\satxmlsv33.php(27): GeneraXML->satxmlsv33_genera_xml([...], '', 'C:\\xampp\\htdocs\\pos\\app\\Libraries/cfdi_sat/', '')
 4 APPPATH\Controllers\Factura.php(64): GeneraXML->satxmlsv33([...], '', 'C:\\xampp\\htdocs\\pos\\app\\Libraries/cfdi_sat/', '')
 5 SYSTEMPATH\CodeIgniter.php(933): App\Controllers\Factura->facturar('11')
 6 SYSTEMPATH\CodeIgniter.php(507): CodeIgniter\CodeIgniter->runController(Object(App\Controllers\Factura))
 7 SYSTEMPATH\CodeIgniter.php(354): CodeIgniter\CodeIgniter->handleRequest(null, Object(Config\Cache), false)
 8 SYSTEMPATH\Boot.php(363): CodeIgniter\CodeIgniter->run()
 9 SYSTEMPATH\Boot.php(68): CodeIgniter\Boot::runCodeIgniter(Object(CodeIgniter\CodeIgniter))
10 FCPATH\index.php(59): CodeIgniter\Boot::bootWeb(Object(Config\Paths))
WARNING - 2025-11-28 22:53:35 --> [DEPRECATED] Function utf8_encode() is deprecated in APPPATH\Libraries\cfdi_sat\satxmlsv33.php on line 242.
 1 APPPATH\Libraries\cfdi_sat\satxmlsv33.php(123): GeneraXML->satxmlsv33_cargaAtt(Object(DOMElement), [...])
 2 APPPATH\Libraries\cfdi_sat\satxmlsv33.php(42): GeneraXML->satxmlsv33_conceptos([...], '', 'C:\\xampp\\htdocs\\pos\\app\\Libraries/cfdi_sat/', '')
 3 APPPATH\Libraries\cfdi_sat\satxmlsv33.php(27): GeneraXML->satxmlsv33_genera_xml([...], '', 'C:\\xampp\\htdocs\\pos\\app\\Libraries/cfdi_sat/', '')
 4 APPPATH\Controllers\Factura.php(64): GeneraXML->satxmlsv33([...], '', 'C:\\xampp\\htdocs\\pos\\app\\Libraries/cfdi_sat/', '')
 5 SYSTEMPATH\CodeIgniter.php(933): App\Controllers\Factura->facturar('11')
 6 SYSTEMPATH\CodeIgniter.php(507): CodeIgniter\CodeIgniter->runController(Object(App\Controllers\Factura))
 7 SYSTEMPATH\CodeIgniter.php(354): CodeIgniter\CodeIgniter->handleRequest(null, Object(Config\Cache), false)
 8 SYSTEMPATH\Boot.php(363): CodeIgniter\CodeIgniter->run()
 9 SYSTEMPATH\Boot.php(68): CodeIgniter\Boot::runCodeIgniter(Object(CodeIgniter\CodeIgniter))
10 FCPATH\index.php(59): CodeIgniter\Boot::bootWeb(Object(Config\Paths))
WARNING - 2025-11-28 22:53:35 --> [DEPRECATED] Function utf8_encode() is deprecated in APPPATH\Libraries\cfdi_sat\satxmlsv33.php on line 242.
 1 APPPATH\Libraries\cfdi_sat\satxmlsv33.php(123): GeneraXML->satxmlsv33_cargaAtt(Object(DOMElement), [...])
 2 APPPATH\Libraries\cfdi_sat\satxmlsv33.php(42): GeneraXML->satxmlsv33_conceptos([...], '', 'C:\\xampp\\htdocs\\pos\\app\\Libraries/cfdi_sat/', '')
 3 APPPATH\Libraries\cfdi_sat\satxmlsv33.php(27): GeneraXML->satxmlsv33_genera_xml([...], '', 'C:\\xampp\\htdocs\\pos\\app\\Libraries/cfdi_sat/', '')
 4 APPPATH\Controllers\Factura.php(64): GeneraXML->satxmlsv33([...], '', 'C:\\xampp\\htdocs\\pos\\app\\Libraries/cfdi_sat/', '')
 5 SYSTEMPATH\CodeIgniter.php(933): App\Controllers\Factura->facturar('11')
 6 SYSTEMPATH\CodeIgniter.php(507): CodeIgniter\CodeIgniter->runController(Object(App\Controllers\Factura))
 7 SYSTEMPATH\CodeIgniter.php(354): CodeIgniter\CodeIgniter->handleRequest(null, Object(Config\Cache), false)
 8 SYSTEMPATH\Boot.php(363): CodeIgniter\CodeIgniter->run()
 9 SYSTEMPATH\Boot.php(68): CodeIgniter\Boot::runCodeIgniter(Object(CodeIgniter\CodeIgniter))
10 FCPATH\index.php(59): CodeIgniter\Boot::bootWeb(Object(Config\Paths))
WARNING - 2025-11-28 22:53:35 --> [DEPRECATED] Function utf8_encode() is deprecated in APPPATH\Libraries\cfdi_sat\satxmlsv33.php on line 242.
 1 APPPATH\Libraries\cfdi_sat\satxmlsv33.php(123): GeneraXML->satxmlsv33_cargaAtt(Object(DOMElement), [...])
 2 APPPATH\Libraries\cfdi_sat\satxmlsv33.php(42): GeneraXML->satxmlsv33_conceptos([...], '', 'C:\\xampp\\htdocs\\pos\\app\\Libraries/cfdi_sat/', '')
 3 APPPATH\Libraries\cfdi_sat\satxmlsv33.php(27): GeneraXML->satxmlsv33_genera_xml([...], '', 'C:\\xampp\\htdocs\\pos\\app\\Libraries/cfdi_sat/', '')
 4 APPPATH\Controllers\Factura.php(64): GeneraXML->satxmlsv33([...], '', 'C:\\xampp\\htdocs\\pos\\app\\Libraries/cfdi_sat/', '')
 5 SYSTEMPATH\CodeIgniter.php(933): App\Controllers\Factura->facturar('11')
 6 SYSTEMPATH\CodeIgniter.php(507): CodeIgniter\CodeIgniter->runController(Object(App\Controllers\Factura))
 7 SYSTEMPATH\CodeIgniter.php(354): CodeIgniter\CodeIgniter->handleRequest(null, Object(Config\Cache), false)
 8 SYSTEMPATH\Boot.php(363): CodeIgniter\CodeIgniter->run()
 9 SYSTEMPATH\Boot.php(68): CodeIgniter\Boot::runCodeIgniter(Object(CodeIgniter\CodeIgniter))
10 FCPATH\index.php(59): CodeIgniter\Boot::bootWeb(Object(Config\Paths))
WARNING - 2025-11-28 22:53:35 --> [DEPRECATED] Function utf8_encode() is deprecated in APPPATH\Libraries\cfdi_sat\satxmlsv33.php on line 242.
 1 APPPATH\Libraries\cfdi_sat\satxmlsv33.php(123): GeneraXML->satxmlsv33_cargaAtt(Object(DOMElement), [...])
 2 APPPATH\Libraries\cfdi_sat\satxmlsv33.php(42): GeneraXML->satxmlsv33_conceptos([...], '', 'C:\\xampp\\htdocs\\pos\\app\\Libraries/cfdi_sat/', '')
 3 APPPATH\Libraries\cfdi_sat\satxmlsv33.php(27): GeneraXML->satxmlsv33_genera_xml([...], '', 'C:\\xampp\\htdocs\\pos\\app\\Libraries/cfdi_sat/', '')
 4 APPPATH\Controllers\Factura.php(64): GeneraXML->satxmlsv33([...], '', 'C:\\xampp\\htdocs\\pos\\app\\Libraries/cfdi_sat/', '')
 5 SYSTEMPATH\CodeIgniter.php(933): App\Controllers\Factura->facturar('11')
 6 SYSTEMPATH\CodeIgniter.php(507): CodeIgniter\CodeIgniter->runController(Object(App\Controllers\Factura))
 7 SYSTEMPATH\CodeIgniter.php(354): CodeIgniter\CodeIgniter->handleRequest(null, Object(Config\Cache), false)
 8 SYSTEMPATH\Boot.php(363): CodeIgniter\CodeIgniter->run()
 9 SYSTEMPATH\Boot.php(68): CodeIgniter\Boot::runCodeIgniter(Object(CodeIgniter\CodeIgniter))
10 FCPATH\index.php(59): CodeIgniter\Boot::bootWeb(Object(Config\Paths))
WARNING - 2025-11-28 22:53:35 --> [DEPRECATED] Function utf8_encode() is deprecated in APPPATH\Libraries\cfdi_sat\satxmlsv33.php on line 242.
 1 APPPATH\Libraries\cfdi_sat\satxmlsv33.php(123): GeneraXML->satxmlsv33_cargaAtt(Object(DOMElement), [...])
 2 APPPATH\Libraries\cfdi_sat\satxmlsv33.php(42): GeneraXML->satxmlsv33_conceptos([...], '', 'C:\\xampp\\htdocs\\pos\\app\\Libraries/cfdi_sat/', '')
 3 APPPATH\Libraries\cfdi_sat\satxmlsv33.php(27): GeneraXML->satxmlsv33_genera_xml([...], '', 'C:\\xampp\\htdocs\\pos\\app\\Libraries/cfdi_sat/', '')
 4 APPPATH\Controllers\Factura.php(64): GeneraXML->satxmlsv33([...], '', 'C:\\xampp\\htdocs\\pos\\app\\Libraries/cfdi_sat/', '')
 5 SYSTEMPATH\CodeIgniter.php(933): App\Controllers\Factura->facturar('11')
 6 SYSTEMPATH\CodeIgniter.php(507): CodeIgniter\CodeIgniter->runController(Object(App\Controllers\Factura))
 7 SYSTEMPATH\CodeIgniter.php(354): CodeIgniter\CodeIgniter->handleRequest(null, Object(Config\Cache), false)
 8 SYSTEMPATH\Boot.php(363): CodeIgniter\CodeIgniter->run()
 9 SYSTEMPATH\Boot.php(68): CodeIgniter\Boot::runCodeIgniter(Object(CodeIgniter\CodeIgniter))
10 FCPATH\index.php(59): CodeIgniter\Boot::bootWeb(Object(Config\Paths))
WARNING - 2025-11-28 22:53:35 --> [DEPRECATED] Function utf8_encode() is deprecated in APPPATH\Libraries\cfdi_sat\satxmlsv33.php on line 242.
 1 APPPATH\Libraries\cfdi_sat\satxmlsv33.php(123): GeneraXML->satxmlsv33_cargaAtt(Object(DOMElement), [...])
 2 APPPATH\Libraries\cfdi_sat\satxmlsv33.php(42): GeneraXML->satxmlsv33_conceptos([...], '', 'C:\\xampp\\htdocs\\pos\\app\\Libraries/cfdi_sat/', '')
 3 APPPATH\Libraries\cfdi_sat\satxmlsv33.php(27): GeneraXML->satxmlsv33_genera_xml([...], '', 'C:\\xampp\\htdocs\\pos\\app\\Libraries/cfdi_sat/', '')
 4 APPPATH\Controllers\Factura.php(64): GeneraXML->satxmlsv33([...], '', 'C:\\xampp\\htdocs\\pos\\app\\Libraries/cfdi_sat/', '')
 5 SYSTEMPATH\CodeIgniter.php(933): App\Controllers\Factura->facturar('11')
 6 SYSTEMPATH\CodeIgniter.php(507): CodeIgniter\CodeIgniter->runController(Object(App\Controllers\Factura))
 7 SYSTEMPATH\CodeIgniter.php(354): CodeIgniter\CodeIgniter->handleRequest(null, Object(Config\Cache), false)
 8 SYSTEMPATH\Boot.php(363): CodeIgniter\CodeIgniter->run()
 9 SYSTEMPATH\Boot.php(68): CodeIgniter\Boot::runCodeIgniter(Object(CodeIgniter\CodeIgniter))
10 FCPATH\index.php(59): CodeIgniter\Boot::bootWeb(Object(Config\Paths))
WARNING - 2025-11-28 22:53:35 --> [DEPRECATED] Function utf8_encode() is deprecated in APPPATH\Libraries\cfdi_sat\satxmlsv33.php on line 242.
 1 APPPATH\Libraries\cfdi_sat\satxmlsv33.php(123): GeneraXML->satxmlsv33_cargaAtt(Object(DOMElement), [...])
 2 APPPATH\Libraries\cfdi_sat\satxmlsv33.php(42): GeneraXML->satxmlsv33_conceptos([...], '', 'C:\\xampp\\htdocs\\pos\\app\\Libraries/cfdi_sat/', '')
 3 APPPATH\Libraries\cfdi_sat\satxmlsv33.php(27): GeneraXML->satxmlsv33_genera_xml([...], '', 'C:\\xampp\\htdocs\\pos\\app\\Libraries/cfdi_sat/', '')
 4 APPPATH\Controllers\Factura.php(64): GeneraXML->satxmlsv33([...], '', 'C:\\xampp\\htdocs\\pos\\app\\Libraries/cfdi_sat/', '')
 5 SYSTEMPATH\CodeIgniter.php(933): App\Controllers\Factura->facturar('11')
 6 SYSTEMPATH\CodeIgniter.php(507): CodeIgniter\CodeIgniter->runController(Object(App\Controllers\Factura))
 7 SYSTEMPATH\CodeIgniter.php(354): CodeIgniter\CodeIgniter->handleRequest(null, Object(Config\Cache), false)
 8 SYSTEMPATH\Boot.php(363): CodeIgniter\CodeIgniter->run()
 9 SYSTEMPATH\Boot.php(68): CodeIgniter\Boot::runCodeIgniter(Object(CodeIgniter\CodeIgniter))
10 FCPATH\index.php(59): CodeIgniter\Boot::bootWeb(Object(Config\Paths))
WARNING - 2025-11-28 22:53:35 --> [DEPRECATED] Function utf8_encode() is deprecated in APPPATH\Libraries\cfdi_sat\satxmlsv33.php on line 242.
 1 APPPATH\Libraries\cfdi_sat\satxmlsv33.php(144): GeneraXML->satxmlsv33_cargaAtt(Object(DOMElement), [...])
 2 APPPATH\Libraries\cfdi_sat\satxmlsv33.php(42): GeneraXML->satxmlsv33_conceptos([...], '', 'C:\\xampp\\htdocs\\pos\\app\\Libraries/cfdi_sat/', '')
 3 APPPATH\Libraries\cfdi_sat\satxmlsv33.php(27): GeneraXML->satxmlsv33_genera_xml([...], '', 'C:\\xampp\\htdocs\\pos\\app\\Libraries/cfdi_sat/', '')
 4 APPPATH\Controllers\Factura.php(64): GeneraXML->satxmlsv33([...], '', 'C:\\xampp\\htdocs\\pos\\app\\Libraries/cfdi_sat/', '')
 5 SYSTEMPATH\CodeIgniter.php(933): App\Controllers\Factura->facturar('11')
 6 SYSTEMPATH\CodeIgniter.php(507): CodeIgniter\CodeIgniter->runController(Object(App\Controllers\Factura))
 7 SYSTEMPATH\CodeIgniter.php(354): CodeIgniter\CodeIgniter->handleRequest(null, Object(Config\Cache), false)
 8 SYSTEMPATH\Boot.php(363): CodeIgniter\CodeIgniter->run()
 9 SYSTEMPATH\Boot.php(68): CodeIgniter\Boot::runCodeIgniter(Object(CodeIgniter\CodeIgniter))
10 FCPATH\index.php(59): CodeIgniter\Boot::bootWeb(Object(Config\Paths))
WARNING - 2025-11-28 22:53:35 --> [DEPRECATED] Function utf8_encode() is deprecated in APPPATH\Libraries\cfdi_sat\satxmlsv33.php on line 242.
 1 APPPATH\Libraries\cfdi_sat\satxmlsv33.php(144): GeneraXML->satxmlsv33_cargaAtt(Object(DOMElement), [...])
 2 APPPATH\Libraries\cfdi_sat\satxmlsv33.php(42): GeneraXML->satxmlsv33_conceptos([...], '', 'C:\\xampp\\htdocs\\pos\\app\\Libraries/cfdi_sat/', '')
 3 APPPATH\Libraries\cfdi_sat\satxmlsv33.php(27): GeneraXML->satxmlsv33_genera_xml([...], '', 'C:\\xampp\\htdocs\\pos\\app\\Libraries/cfdi_sat/', '')
 4 APPPATH\Controllers\Factura.php(64): GeneraXML->satxmlsv33([...], '', 'C:\\xampp\\htdocs\\pos\\app\\Libraries/cfdi_sat/', '')
 5 SYSTEMPATH\CodeIgniter.php(933): App\Controllers\Factura->facturar('11')
 6 SYSTEMPATH\CodeIgniter.php(507): CodeIgniter\CodeIgniter->runController(Object(App\Controllers\Factura))
 7 SYSTEMPATH\CodeIgniter.php(354): CodeIgniter\CodeIgniter->handleRequest(null, Object(Config\Cache), false)
 8 SYSTEMPATH\Boot.php(363): CodeIgniter\CodeIgniter->run()
 9 SYSTEMPATH\Boot.php(68): CodeIgniter\Boot::runCodeIgniter(Object(CodeIgniter\CodeIgniter))
10 FCPATH\index.php(59): CodeIgniter\Boot::bootWeb(Object(Config\Paths))
WARNING - 2025-11-28 22:53:35 --> [DEPRECATED] Function utf8_encode() is deprecated in APPPATH\Libraries\cfdi_sat\satxmlsv33.php on line 242.
 1 APPPATH\Libraries\cfdi_sat\satxmlsv33.php(144): GeneraXML->satxmlsv33_cargaAtt(Object(DOMElement), [...])
 2 APPPATH\Libraries\cfdi_sat\satxmlsv33.php(42): GeneraXML->satxmlsv33_conceptos([...], '', 'C:\\xampp\\htdocs\\pos\\app\\Libraries/cfdi_sat/', '')
 3 APPPATH\Libraries\cfdi_sat\satxmlsv33.php(27): GeneraXML->satxmlsv33_genera_xml([...], '', 'C:\\xampp\\htdocs\\pos\\app\\Libraries/cfdi_sat/', '')
 4 APPPATH\Controllers\Factura.php(64): GeneraXML->satxmlsv33([...], '', 'C:\\xampp\\htdocs\\pos\\app\\Libraries/cfdi_sat/', '')
 5 SYSTEMPATH\CodeIgniter.php(933): App\Controllers\Factura->facturar('11')
 6 SYSTEMPATH\CodeIgniter.php(507): CodeIgniter\CodeIgniter->runController(Object(App\Controllers\Factura))
 7 SYSTEMPATH\CodeIgniter.php(354): CodeIgniter\CodeIgniter->handleRequest(null, Object(Config\Cache), false)
 8 SYSTEMPATH\Boot.php(363): CodeIgniter\CodeIgniter->run()
 9 SYSTEMPATH\Boot.php(68): CodeIgniter\Boot::runCodeIgniter(Object(CodeIgniter\CodeIgniter))
10 FCPATH\index.php(59): CodeIgniter\Boot::bootWeb(Object(Config\Paths))
WARNING - 2025-11-28 22:53:35 --> [DEPRECATED] Function utf8_encode() is deprecated in APPPATH\Libraries\cfdi_sat\satxmlsv33.php on line 242.
 1 APPPATH\Libraries\cfdi_sat\satxmlsv33.php(144): GeneraXML->satxmlsv33_cargaAtt(Object(DOMElement), [...])
 2 APPPATH\Libraries\cfdi_sat\satxmlsv33.php(42): GeneraXML->satxmlsv33_conceptos([...], '', 'C:\\xampp\\htdocs\\pos\\app\\Libraries/cfdi_sat/', '')
 3 APPPATH\Libraries\cfdi_sat\satxmlsv33.php(27): GeneraXML->satxmlsv33_genera_xml([...], '', 'C:\\xampp\\htdocs\\pos\\app\\Libraries/cfdi_sat/', '')
 4 APPPATH\Controllers\Factura.php(64): GeneraXML->satxmlsv33([...], '', 'C:\\xampp\\htdocs\\pos\\app\\Libraries/cfdi_sat/', '')
 5 SYSTEMPATH\CodeIgniter.php(933): App\Controllers\Factura->facturar('11')
 6 SYSTEMPATH\CodeIgniter.php(507): CodeIgniter\CodeIgniter->runController(Object(App\Controllers\Factura))
 7 SYSTEMPATH\CodeIgniter.php(354): CodeIgniter\CodeIgniter->handleRequest(null, Object(Config\Cache), false)
 8 SYSTEMPATH\Boot.php(363): CodeIgniter\CodeIgniter->run()
 9 SYSTEMPATH\Boot.php(68): CodeIgniter\Boot::runCodeIgniter(Object(CodeIgniter\CodeIgniter))
10 FCPATH\index.php(59): CodeIgniter\Boot::bootWeb(Object(Config\Paths))
WARNING - 2025-11-28 22:53:35 --> [DEPRECATED] Function utf8_encode() is deprecated in APPPATH\Libraries\cfdi_sat\satxmlsv33.php on line 242.
 1 APPPATH\Libraries\cfdi_sat\satxmlsv33.php(144): GeneraXML->satxmlsv33_cargaAtt(Object(DOMElement), [...])
 2 APPPATH\Libraries\cfdi_sat\satxmlsv33.php(42): GeneraXML->satxmlsv33_conceptos([...], '', 'C:\\xampp\\htdocs\\pos\\app\\Libraries/cfdi_sat/', '')
 3 APPPATH\Libraries\cfdi_sat\satxmlsv33.php(27): GeneraXML->satxmlsv33_genera_xml([...], '', 'C:\\xampp\\htdocs\\pos\\app\\Libraries/cfdi_sat/', '')
 4 APPPATH\Controllers\Factura.php(64): GeneraXML->satxmlsv33([...], '', 'C:\\xampp\\htdocs\\pos\\app\\Libraries/cfdi_sat/', '')
 5 SYSTEMPATH\CodeIgniter.php(933): App\Controllers\Factura->facturar('11')
 6 SYSTEMPATH\CodeIgniter.php(507): CodeIgniter\CodeIgniter->runController(Object(App\Controllers\Factura))
 7 SYSTEMPATH\CodeIgniter.php(354): CodeIgniter\CodeIgniter->handleRequest(null, Object(Config\Cache), false)
 8 SYSTEMPATH\Boot.php(363): CodeIgniter\CodeIgniter->run()
 9 SYSTEMPATH\Boot.php(68): CodeIgniter\Boot::runCodeIgniter(Object(CodeIgniter\CodeIgniter))
10 FCPATH\index.php(59): CodeIgniter\Boot::bootWeb(Object(Config\Paths))
WARNING - 2025-11-28 22:53:35 --> [DEPRECATED] Function utf8_encode() is deprecated in APPPATH\Libraries\cfdi_sat\satxmlsv33.php on line 242.
 1 APPPATH\Libraries\cfdi_sat\satxmlsv33.php(165): GeneraXML->satxmlsv33_cargaAtt(Object(DOMElement), [...])
 2 APPPATH\Libraries\cfdi_sat\satxmlsv33.php(43): GeneraXML->satxmlsv33_impuestos([...], '', 'C:\\xampp\\htdocs\\pos\\app\\Libraries/cfdi_sat/', '')
 3 APPPATH\Libraries\cfdi_sat\satxmlsv33.php(27): GeneraXML->satxmlsv33_genera_xml([...], '', 'C:\\xampp\\htdocs\\pos\\app\\Libraries/cfdi_sat/', '')
 4 APPPATH\Controllers\Factura.php(64): GeneraXML->satxmlsv33([...], '', 'C:\\xampp\\htdocs\\pos\\app\\Libraries/cfdi_sat/', '')
 5 SYSTEMPATH\CodeIgniter.php(933): App\Controllers\Factura->facturar('11')
 6 SYSTEMPATH\CodeIgniter.php(507): CodeIgniter\CodeIgniter->runController(Object(App\Controllers\Factura))
 7 SYSTEMPATH\CodeIgniter.php(354): CodeIgniter\CodeIgniter->handleRequest(null, Object(Config\Cache), false)
 8 SYSTEMPATH\Boot.php(363): CodeIgniter\CodeIgniter->run()
 9 SYSTEMPATH\Boot.php(68): CodeIgniter\Boot::runCodeIgniter(Object(CodeIgniter\CodeIgniter))
10 FCPATH\index.php(59): CodeIgniter\Boot::bootWeb(Object(Config\Paths))
WARNING - 2025-11-28 22:53:35 --> [DEPRECATED] Function utf8_encode() is deprecated in APPPATH\Libraries\cfdi_sat\satxmlsv33.php on line 242.
 1 APPPATH\Libraries\cfdi_sat\satxmlsv33.php(165): GeneraXML->satxmlsv33_cargaAtt(Object(DOMElement), [...])
 2 APPPATH\Libraries\cfdi_sat\satxmlsv33.php(43): GeneraXML->satxmlsv33_impuestos([...], '', 'C:\\xampp\\htdocs\\pos\\app\\Libraries/cfdi_sat/', '')
 3 APPPATH\Libraries\cfdi_sat\satxmlsv33.php(27): GeneraXML->satxmlsv33_genera_xml([...], '', 'C:\\xampp\\htdocs\\pos\\app\\Libraries/cfdi_sat/', '')
 4 APPPATH\Controllers\Factura.php(64): GeneraXML->satxmlsv33([...], '', 'C:\\xampp\\htdocs\\pos\\app\\Libraries/cfdi_sat/', '')
 5 SYSTEMPATH\CodeIgniter.php(933): App\Controllers\Factura->facturar('11')
 6 SYSTEMPATH\CodeIgniter.php(507): CodeIgniter\CodeIgniter->runController(Object(App\Controllers\Factura))
 7 SYSTEMPATH\CodeIgniter.php(354): CodeIgniter\CodeIgniter->handleRequest(null, Object(Config\Cache), false)
 8 SYSTEMPATH\Boot.php(363): CodeIgniter\CodeIgniter->run()
 9 SYSTEMPATH\Boot.php(68): CodeIgniter\Boot::runCodeIgniter(Object(CodeIgniter\CodeIgniter))
10 FCPATH\index.php(59): CodeIgniter\Boot::bootWeb(Object(Config\Paths))
WARNING - 2025-11-28 22:53:35 --> [DEPRECATED] Function utf8_encode() is deprecated in APPPATH\Libraries\cfdi_sat\satxmlsv33.php on line 242.
 1 APPPATH\Libraries\cfdi_sat\satxmlsv33.php(165): GeneraXML->satxmlsv33_cargaAtt(Object(DOMElement), [...])
 2 APPPATH\Libraries\cfdi_sat\satxmlsv33.php(43): GeneraXML->satxmlsv33_impuestos([...], '', 'C:\\xampp\\htdocs\\pos\\app\\Libraries/cfdi_sat/', '')
 3 APPPATH\Libraries\cfdi_sat\satxmlsv33.php(27): GeneraXML->satxmlsv33_genera_xml([...], '', 'C:\\xampp\\htdocs\\pos\\app\\Libraries/cfdi_sat/', '')
 4 APPPATH\Controllers\Factura.php(64): GeneraXML->satxmlsv33([...], '', 'C:\\xampp\\htdocs\\pos\\app\\Libraries/cfdi_sat/', '')
 5 SYSTEMPATH\CodeIgniter.php(933): App\Controllers\Factura->facturar('11')
 6 SYSTEMPATH\CodeIgniter.php(507): CodeIgniter\CodeIgniter->runController(Object(App\Controllers\Factura))
 7 SYSTEMPATH\CodeIgniter.php(354): CodeIgniter\CodeIgniter->handleRequest(null, Object(Config\Cache), false)
 8 SYSTEMPATH\Boot.php(363): CodeIgniter\CodeIgniter->run()
 9 SYSTEMPATH\Boot.php(68): CodeIgniter\Boot::runCodeIgniter(Object(CodeIgniter\CodeIgniter))
10 FCPATH\index.php(59): CodeIgniter\Boot::bootWeb(Object(Config\Paths))
WARNING - 2025-11-28 22:53:35 --> [DEPRECATED] Function utf8_encode() is deprecated in APPPATH\Libraries\cfdi_sat\satxmlsv33.php on line 242.
 1 APPPATH\Libraries\cfdi_sat\satxmlsv33.php(165): GeneraXML->satxmlsv33_cargaAtt(Object(DOMElement), [...])
 2 APPPATH\Libraries\cfdi_sat\satxmlsv33.php(43): GeneraXML->satxmlsv33_impuestos([...], '', 'C:\\xampp\\htdocs\\pos\\app\\Libraries/cfdi_sat/', '')
 3 APPPATH\Libraries\cfdi_sat\satxmlsv33.php(27): GeneraXML->satxmlsv33_genera_xml([...], '', 'C:\\xampp\\htdocs\\pos\\app\\Libraries/cfdi_sat/', '')
 4 APPPATH\Controllers\Factura.php(64): GeneraXML->satxmlsv33([...], '', 'C:\\xampp\\htdocs\\pos\\app\\Libraries/cfdi_sat/', '')
 5 SYSTEMPATH\CodeIgniter.php(933): App\Controllers\Factura->facturar('11')
 6 SYSTEMPATH\CodeIgniter.php(507): CodeIgniter\CodeIgniter->runController(Object(App\Controllers\Factura))
 7 SYSTEMPATH\CodeIgniter.php(354): CodeIgniter\CodeIgniter->handleRequest(null, Object(Config\Cache), false)
 8 SYSTEMPATH\Boot.php(363): CodeIgniter\CodeIgniter->run()
 9 SYSTEMPATH\Boot.php(68): CodeIgniter\Boot::runCodeIgniter(Object(CodeIgniter\CodeIgniter))
10 FCPATH\index.php(59): CodeIgniter\Boot::bootWeb(Object(Config\Paths))
WARNING - 2025-11-28 22:53:53 --> [DEPRECATED] Function openssl_free_key() is deprecated in APPPATH\Libraries\cfdi_sat\satxmlsv33.php on line 199.
 1 APPPATH\Libraries\cfdi_sat\satxmlsv33.php(29): GeneraXML->satxmlsv33_sella([...], 'C:\\xampp\\htdocs\\pos\\app\\Libraries/cfdi_sat/')
 2 APPPATH\Controllers\Factura.php(64): GeneraXML->satxmlsv33([...], '', 'C:\\xampp\\htdocs\\pos\\app\\Libraries/cfdi_sat/', '')
 3 SYSTEMPATH\CodeIgniter.php(933): App\Controllers\Factura->facturar('11')
 4 SYSTEMPATH\CodeIgniter.php(507): CodeIgniter\CodeIgniter->runController(Object(App\Controllers\Factura))
 5 SYSTEMPATH\CodeIgniter.php(354): CodeIgniter\CodeIgniter->handleRequest(null, Object(Config\Cache), false)
 6 SYSTEMPATH\Boot.php(363): CodeIgniter\CodeIgniter->run()
 7 SYSTEMPATH\Boot.php(68): CodeIgniter\Boot::runCodeIgniter(Object(CodeIgniter\CodeIgniter))
 8 FCPATH\index.php(59): CodeIgniter\Boot::bootWeb(Object(Config\Paths))
WARNING - 2025-11-28 22:53:54 --> [DEPRECATED] base64_decode(): Passing null to parameter #1 ($string) of type string is deprecated in APPPATH\Controllers\Factura.php on line 71.
 1 APPPATH\Controllers\Factura.php(71): base64_decode(null)
 2 SYSTEMPATH\CodeIgniter.php(933): App\Controllers\Factura->facturar('11')
 3 SYSTEMPATH\CodeIgniter.php(507): CodeIgniter\CodeIgniter->runController(Object(App\Controllers\Factura))
 4 SYSTEMPATH\CodeIgniter.php(354): CodeIgniter\CodeIgniter->handleRequest(null, Object(Config\Cache), false)
 5 SYSTEMPATH\Boot.php(363): CodeIgniter\CodeIgniter->run()
 6 SYSTEMPATH\Boot.php(68): CodeIgniter\Boot::runCodeIgniter(Object(CodeIgniter\CodeIgniter))
 7 FCPATH\index.php(59): CodeIgniter\Boot::bootWeb(Object(Config\Paths))
WARNING - 2025-11-28 22:55:11 --> [DEPRECATED] Function utf8_encode() is deprecated in APPPATH\Libraries\cfdi_sat\satxmlsv33.php on line 242.
 1 APPPATH\Libraries\cfdi_sat\satxmlsv33.php(57): GeneraXML->satxmlsv33_cargaAtt(Object(DOMElement), [...])
 2 APPPATH\Libraries\cfdi_sat\satxmlsv33.php(39): GeneraXML->satxmlsv33_generales([...], '', 'C:\\xampp\\htdocs\\pos\\app\\Libraries/cfdi_sat/', '')
 3 APPPATH\Libraries\cfdi_sat\satxmlsv33.php(27): GeneraXML->satxmlsv33_genera_xml([...], '', 'C:\\xampp\\htdocs\\pos\\app\\Libraries/cfdi_sat/', '')
 4 APPPATH\Controllers\Factura.php(64): GeneraXML->satxmlsv33([...], '', 'C:\\xampp\\htdocs\\pos\\app\\Libraries/cfdi_sat/', '')
 5 SYSTEMPATH\CodeIgniter.php(933): App\Controllers\Factura->facturar('11')
 6 SYSTEMPATH\CodeIgniter.php(507): CodeIgniter\CodeIgniter->runController(Object(App\Controllers\Factura))
 7 SYSTEMPATH\CodeIgniter.php(354): CodeIgniter\CodeIgniter->handleRequest(null, Object(Config\Cache), false)
 8 SYSTEMPATH\Boot.php(363): CodeIgniter\CodeIgniter->run()
 9 SYSTEMPATH\Boot.php(68): CodeIgniter\Boot::runCodeIgniter(Object(CodeIgniter\CodeIgniter))
10 FCPATH\index.php(59): CodeIgniter\Boot::bootWeb(Object(Config\Paths))
WARNING - 2025-11-28 22:55:11 --> [DEPRECATED] Function utf8_encode() is deprecated in APPPATH\Libraries\cfdi_sat\satxmlsv33.php on line 242.
 1 APPPATH\Libraries\cfdi_sat\satxmlsv33.php(57): GeneraXML->satxmlsv33_cargaAtt(Object(DOMElement), [...])
 2 APPPATH\Libraries\cfdi_sat\satxmlsv33.php(39): GeneraXML->satxmlsv33_generales([...], '', 'C:\\xampp\\htdocs\\pos\\app\\Libraries/cfdi_sat/', '')
 3 APPPATH\Libraries\cfdi_sat\satxmlsv33.php(27): GeneraXML->satxmlsv33_genera_xml([...], '', 'C:\\xampp\\htdocs\\pos\\app\\Libraries/cfdi_sat/', '')
 4 APPPATH\Controllers\Factura.php(64): GeneraXML->satxmlsv33([...], '', 'C:\\xampp\\htdocs\\pos\\app\\Libraries/cfdi_sat/', '')
 5 SYSTEMPATH\CodeIgniter.php(933): App\Controllers\Factura->facturar('11')
 6 SYSTEMPATH\CodeIgniter.php(507): CodeIgniter\CodeIgniter->runController(Object(App\Controllers\Factura))
 7 SYSTEMPATH\CodeIgniter.php(354): CodeIgniter\CodeIgniter->handleRequest(null, Object(Config\Cache), false)
 8 SYSTEMPATH\Boot.php(363): CodeIgniter\CodeIgniter->run()
 9 SYSTEMPATH\Boot.php(68): CodeIgniter\Boot::runCodeIgniter(Object(CodeIgniter\CodeIgniter))
10 FCPATH\index.php(59): CodeIgniter\Boot::bootWeb(Object(Config\Paths))
WARNING - 2025-11-28 22:55:11 --> [DEPRECATED] Function utf8_encode() is deprecated in APPPATH\Libraries\cfdi_sat\satxmlsv33.php on line 242.
 1 APPPATH\Libraries\cfdi_sat\satxmlsv33.php(57): GeneraXML->satxmlsv33_cargaAtt(Object(DOMElement), [...])
 2 APPPATH\Libraries\cfdi_sat\satxmlsv33.php(39): GeneraXML->satxmlsv33_generales([...], '', 'C:\\xampp\\htdocs\\pos\\app\\Libraries/cfdi_sat/', '')
 3 APPPATH\Libraries\cfdi_sat\satxmlsv33.php(27): GeneraXML->satxmlsv33_genera_xml([...], '', 'C:\\xampp\\htdocs\\pos\\app\\Libraries/cfdi_sat/', '')
 4 APPPATH\Controllers\Factura.php(64): GeneraXML->satxmlsv33([...], '', 'C:\\xampp\\htdocs\\pos\\app\\Libraries/cfdi_sat/', '')
 5 SYSTEMPATH\CodeIgniter.php(933): App\Controllers\Factura->facturar('11')
 6 SYSTEMPATH\CodeIgniter.php(507): CodeIgniter\CodeIgniter->runController(Object(App\Controllers\Factura))
 7 SYSTEMPATH\CodeIgniter.php(354): CodeIgniter\CodeIgniter->handleRequest(null, Object(Config\Cache), false)
 8 SYSTEMPATH\Boot.php(363): CodeIgniter\CodeIgniter->run()
 9 SYSTEMPATH\Boot.php(68): CodeIgniter\Boot::runCodeIgniter(Object(CodeIgniter\CodeIgniter))
10 FCPATH\index.php(59): CodeIgniter\Boot::bootWeb(Object(Config\Paths))
WARNING - 2025-11-28 22:55:11 --> [DEPRECATED] substr(): Passing null to parameter #1 ($string) of type string is deprecated in APPPATH\Libraries\cfdi_sat\satxmlsv33.php on line 250.
 1 APPPATH\Libraries\cfdi_sat\satxmlsv33.php(250): substr(null, 0, 4)
 2 APPPATH\Libraries\cfdi_sat\satxmlsv33.php(82): GeneraXML->satxmlsv33_xml_fech(null)
 3 APPPATH\Libraries\cfdi_sat\satxmlsv33.php(39): GeneraXML->satxmlsv33_generales([...], '', 'C:\\xampp\\htdocs\\pos\\app\\Libraries/cfdi_sat/', '')
 4 APPPATH\Libraries\cfdi_sat\satxmlsv33.php(27): GeneraXML->satxmlsv33_genera_xml([...], '', 'C:\\xampp\\htdocs\\pos\\app\\Libraries/cfdi_sat/', '')
 5 APPPATH\Controllers\Factura.php(64): GeneraXML->satxmlsv33([...], '', 'C:\\xampp\\htdocs\\pos\\app\\Libraries/cfdi_sat/', '')
 6 SYSTEMPATH\CodeIgniter.php(933): App\Controllers\Factura->facturar('11')
 7 SYSTEMPATH\CodeIgniter.php(507): CodeIgniter\CodeIgniter->runController(Object(App\Controllers\Factura))
 8 SYSTEMPATH\CodeIgniter.php(354): CodeIgniter\CodeIgniter->handleRequest(null, Object(Config\Cache), false)
 9 SYSTEMPATH\Boot.php(363): CodeIgniter\CodeIgniter->run()
10 SYSTEMPATH\Boot.php(68): CodeIgniter\Boot::runCodeIgniter(Object(CodeIgniter\CodeIgniter))
11 FCPATH\index.php(59): CodeIgniter\Boot::bootWeb(Object(Config\Paths))
WARNING - 2025-11-28 22:55:11 --> [DEPRECATED] substr(): Passing null to parameter #1 ($string) of type string is deprecated in APPPATH\Libraries\cfdi_sat\satxmlsv33.php on line 251.
 1 APPPATH\Libraries\cfdi_sat\satxmlsv33.php(251): substr(null, 4, 2)
 2 APPPATH\Libraries\cfdi_sat\satxmlsv33.php(82): GeneraXML->satxmlsv33_xml_fech(null)
 3 APPPATH\Libraries\cfdi_sat\satxmlsv33.php(39): GeneraXML->satxmlsv33_generales([...], '', 'C:\\xampp\\htdocs\\pos\\app\\Libraries/cfdi_sat/', '')
 4 APPPATH\Libraries\cfdi_sat\satxmlsv33.php(27): GeneraXML->satxmlsv33_genera_xml([...], '', 'C:\\xampp\\htdocs\\pos\\app\\Libraries/cfdi_sat/', '')
 5 APPPATH\Controllers\Factura.php(64): GeneraXML->satxmlsv33([...], '', 'C:\\xampp\\htdocs\\pos\\app\\Libraries/cfdi_sat/', '')
 6 SYSTEMPATH\CodeIgniter.php(933): App\Controllers\Factura->facturar('11')
 7 SYSTEMPATH\CodeIgniter.php(507): CodeIgniter\CodeIgniter->runController(Object(App\Controllers\Factura))
 8 SYSTEMPATH\CodeIgniter.php(354): CodeIgniter\CodeIgniter->handleRequest(null, Object(Config\Cache), false)
 9 SYSTEMPATH\Boot.php(363): CodeIgniter\CodeIgniter->run()
10 SYSTEMPATH\Boot.php(68): CodeIgniter\Boot::runCodeIgniter(Object(CodeIgniter\CodeIgniter))
11 FCPATH\index.php(59): CodeIgniter\Boot::bootWeb(Object(Config\Paths))
WARNING - 2025-11-28 22:55:11 --> [DEPRECATED] substr(): Passing null to parameter #1 ($string) of type string is deprecated in APPPATH\Libraries\cfdi_sat\satxmlsv33.php on line 252.
 1 APPPATH\Libraries\cfdi_sat\satxmlsv33.php(252): substr(null, 6, 2)
 2 APPPATH\Libraries\cfdi_sat\satxmlsv33.php(82): GeneraXML->satxmlsv33_xml_fech(null)
 3 APPPATH\Libraries\cfdi_sat\satxmlsv33.php(39): GeneraXML->satxmlsv33_generales([...], '', 'C:\\xampp\\htdocs\\pos\\app\\Libraries/cfdi_sat/', '')
 4 APPPATH\Libraries\cfdi_sat\satxmlsv33.php(27): GeneraXML->satxmlsv33_genera_xml([...], '', 'C:\\xampp\\htdocs\\pos\\app\\Libraries/cfdi_sat/', '')
 5 APPPATH\Controllers\Factura.php(64): GeneraXML->satxmlsv33([...], '', 'C:\\xampp\\htdocs\\pos\\app\\Libraries/cfdi_sat/', '')
 6 SYSTEMPATH\CodeIgniter.php(933): App\Controllers\Factura->facturar('11')
 7 SYSTEMPATH\CodeIgniter.php(507): CodeIgniter\CodeIgniter->runController(Object(App\Controllers\Factura))
 8 SYSTEMPATH\CodeIgniter.php(354): CodeIgniter\CodeIgniter->handleRequest(null, Object(Config\Cache), false)
 9 SYSTEMPATH\Boot.php(363): CodeIgniter\CodeIgniter->run()
10 SYSTEMPATH\Boot.php(68): CodeIgniter\Boot::runCodeIgniter(Object(CodeIgniter\CodeIgniter))
11 FCPATH\index.php(59): CodeIgniter\Boot::bootWeb(Object(Config\Paths))
WARNING - 2025-11-28 22:55:11 --> [DEPRECATED] substr(): Passing null to parameter #1 ($string) of type string is deprecated in APPPATH\Libraries\cfdi_sat\satxmlsv33.php on line 253.
 1 APPPATH\Libraries\cfdi_sat\satxmlsv33.php(253): substr(null, 8, 2)
 2 APPPATH\Libraries\cfdi_sat\satxmlsv33.php(82): GeneraXML->satxmlsv33_xml_fech(null)
 3 APPPATH\Libraries\cfdi_sat\satxmlsv33.php(39): GeneraXML->satxmlsv33_generales([...], '', 'C:\\xampp\\htdocs\\pos\\app\\Libraries/cfdi_sat/', '')
 4 APPPATH\Libraries\cfdi_sat\satxmlsv33.php(27): GeneraXML->satxmlsv33_genera_xml([...], '', 'C:\\xampp\\htdocs\\pos\\app\\Libraries/cfdi_sat/', '')
 5 APPPATH\Controllers\Factura.php(64): GeneraXML->satxmlsv33([...], '', 'C:\\xampp\\htdocs\\pos\\app\\Libraries/cfdi_sat/', '')
 6 SYSTEMPATH\CodeIgniter.php(933): App\Controllers\Factura->facturar('11')
 7 SYSTEMPATH\CodeIgniter.php(507): CodeIgniter\CodeIgniter->runController(Object(App\Controllers\Factura))
 8 SYSTEMPATH\CodeIgniter.php(354): CodeIgniter\CodeIgniter->handleRequest(null, Object(Config\Cache), false)
 9 SYSTEMPATH\Boot.php(363): CodeIgniter\CodeIgniter->run()
10 SYSTEMPATH\Boot.php(68): CodeIgniter\Boot::runCodeIgniter(Object(CodeIgniter\CodeIgniter))
11 FCPATH\index.php(59): CodeIgniter\Boot::bootWeb(Object(Config\Paths))
WARNING - 2025-11-28 22:55:11 --> [DEPRECATED] substr(): Passing null to parameter #1 ($string) of type string is deprecated in APPPATH\Libraries\cfdi_sat\satxmlsv33.php on line 254.
 1 APPPATH\Libraries\cfdi_sat\satxmlsv33.php(254): substr(null, 10, 2)
 2 APPPATH\Libraries\cfdi_sat\satxmlsv33.php(82): GeneraXML->satxmlsv33_xml_fech(null)
 3 APPPATH\Libraries\cfdi_sat\satxmlsv33.php(39): GeneraXML->satxmlsv33_generales([...], '', 'C:\\xampp\\htdocs\\pos\\app\\Libraries/cfdi_sat/', '')
 4 APPPATH\Libraries\cfdi_sat\satxmlsv33.php(27): GeneraXML->satxmlsv33_genera_xml([...], '', 'C:\\xampp\\htdocs\\pos\\app\\Libraries/cfdi_sat/', '')
 5 APPPATH\Controllers\Factura.php(64): GeneraXML->satxmlsv33([...], '', 'C:\\xampp\\htdocs\\pos\\app\\Libraries/cfdi_sat/', '')
 6 SYSTEMPATH\CodeIgniter.php(933): App\Controllers\Factura->facturar('11')
 7 SYSTEMPATH\CodeIgniter.php(507): CodeIgniter\CodeIgniter->runController(Object(App\Controllers\Factura))
 8 SYSTEMPATH\CodeIgniter.php(354): CodeIgniter\CodeIgniter->handleRequest(null, Object(Config\Cache), false)
 9 SYSTEMPATH\Boot.php(363): CodeIgniter\CodeIgniter->run()
10 SYSTEMPATH\Boot.php(68): CodeIgniter\Boot::runCodeIgniter(Object(CodeIgniter\CodeIgniter))
11 FCPATH\index.php(59): CodeIgniter\Boot::bootWeb(Object(Config\Paths))
WARNING - 2025-11-28 22:55:11 --> [DEPRECATED] substr(): Passing null to parameter #1 ($string) of type string is deprecated in APPPATH\Libraries\cfdi_sat\satxmlsv33.php on line 255.
 1 APPPATH\Libraries\cfdi_sat\satxmlsv33.php(255): substr(null, 12, 2)
 2 APPPATH\Libraries\cfdi_sat\satxmlsv33.php(82): GeneraXML->satxmlsv33_xml_fech(null)
 3 APPPATH\Libraries\cfdi_sat\satxmlsv33.php(39): GeneraXML->satxmlsv33_generales([...], '', 'C:\\xampp\\htdocs\\pos\\app\\Libraries/cfdi_sat/', '')
 4 APPPATH\Libraries\cfdi_sat\satxmlsv33.php(27): GeneraXML->satxmlsv33_genera_xml([...], '', 'C:\\xampp\\htdocs\\pos\\app\\Libraries/cfdi_sat/', '')
 5 APPPATH\Controllers\Factura.php(64): GeneraXML->satxmlsv33([...], '', 'C:\\xampp\\htdocs\\pos\\app\\Libraries/cfdi_sat/', '')
 6 SYSTEMPATH\CodeIgniter.php(933): App\Controllers\Factura->facturar('11')
 7 SYSTEMPATH\CodeIgniter.php(507): CodeIgniter\CodeIgniter->runController(Object(App\Controllers\Factura))
 8 SYSTEMPATH\CodeIgniter.php(354): CodeIgniter\CodeIgniter->handleRequest(null, Object(Config\Cache), false)
 9 SYSTEMPATH\Boot.php(363): CodeIgniter\CodeIgniter->run()
10 SYSTEMPATH\Boot.php(68): CodeIgniter\Boot::runCodeIgniter(Object(CodeIgniter\CodeIgniter))
11 FCPATH\index.php(59): CodeIgniter\Boot::bootWeb(Object(Config\Paths))
WARNING - 2025-11-28 22:55:11 --> [DEPRECATED] Function utf8_encode() is deprecated in APPPATH\Libraries\cfdi_sat\satxmlsv33.php on line 242.
 1 APPPATH\Libraries\cfdi_sat\satxmlsv33.php(64): GeneraXML->satxmlsv33_cargaAtt(Object(DOMElement), [...])
 2 APPPATH\Libraries\cfdi_sat\satxmlsv33.php(39): GeneraXML->satxmlsv33_generales([...], '', 'C:\\xampp\\htdocs\\pos\\app\\Libraries/cfdi_sat/', '')
 3 APPPATH\Libraries\cfdi_sat\satxmlsv33.php(27): GeneraXML->satxmlsv33_genera_xml([...], '', 'C:\\xampp\\htdocs\\pos\\app\\Libraries/cfdi_sat/', '')
 4 APPPATH\Controllers\Factura.php(64): GeneraXML->satxmlsv33([...], '', 'C:\\xampp\\htdocs\\pos\\app\\Libraries/cfdi_sat/', '')
 5 SYSTEMPATH\CodeIgniter.php(933): App\Controllers\Factura->facturar('11')
 6 SYSTEMPATH\CodeIgniter.php(507): CodeIgniter\CodeIgniter->runController(Object(App\Controllers\Factura))
 7 SYSTEMPATH\CodeIgniter.php(354): CodeIgniter\CodeIgniter->handleRequest(null, Object(Config\Cache), false)
 8 SYSTEMPATH\Boot.php(363): CodeIgniter\CodeIgniter->run()
 9 SYSTEMPATH\Boot.php(68): CodeIgniter\Boot::runCodeIgniter(Object(CodeIgniter\CodeIgniter))
10 FCPATH\index.php(59): CodeIgniter\Boot::bootWeb(Object(Config\Paths))
WARNING - 2025-11-28 22:55:11 --> [DEPRECATED] Function utf8_encode() is deprecated in APPPATH\Libraries\cfdi_sat\satxmlsv33.php on line 242.
 1 APPPATH\Libraries\cfdi_sat\satxmlsv33.php(64): GeneraXML->satxmlsv33_cargaAtt(Object(DOMElement), [...])
 2 APPPATH\Libraries\cfdi_sat\satxmlsv33.php(39): GeneraXML->satxmlsv33_generales([...], '', 'C:\\xampp\\htdocs\\pos\\app\\Libraries/cfdi_sat/', '')
 3 APPPATH\Libraries\cfdi_sat\satxmlsv33.php(27): GeneraXML->satxmlsv33_genera_xml([...], '', 'C:\\xampp\\htdocs\\pos\\app\\Libraries/cfdi_sat/', '')
 4 APPPATH\Controllers\Factura.php(64): GeneraXML->satxmlsv33([...], '', 'C:\\xampp\\htdocs\\pos\\app\\Libraries/cfdi_sat/', '')
 5 SYSTEMPATH\CodeIgniter.php(933): App\Controllers\Factura->facturar('11')
 6 SYSTEMPATH\CodeIgniter.php(507): CodeIgniter\CodeIgniter->runController(Object(App\Controllers\Factura))
 7 SYSTEMPATH\CodeIgniter.php(354): CodeIgniter\CodeIgniter->handleRequest(null, Object(Config\Cache), false)
 8 SYSTEMPATH\Boot.php(363): CodeIgniter\CodeIgniter->run()
 9 SYSTEMPATH\Boot.php(68): CodeIgniter\Boot::runCodeIgniter(Object(CodeIgniter\CodeIgniter))
10 FCPATH\index.php(59): CodeIgniter\Boot::bootWeb(Object(Config\Paths))
WARNING - 2025-11-28 22:55:11 --> [DEPRECATED] Function utf8_encode() is deprecated in APPPATH\Libraries\cfdi_sat\satxmlsv33.php on line 242.
 1 APPPATH\Libraries\cfdi_sat\satxmlsv33.php(64): GeneraXML->satxmlsv33_cargaAtt(Object(DOMElement), [...])
 2 APPPATH\Libraries\cfdi_sat\satxmlsv33.php(39): GeneraXML->satxmlsv33_generales([...], '', 'C:\\xampp\\htdocs\\pos\\app\\Libraries/cfdi_sat/', '')
 3 APPPATH\Libraries\cfdi_sat\satxmlsv33.php(27): GeneraXML->satxmlsv33_genera_xml([...], '', 'C:\\xampp\\htdocs\\pos\\app\\Libraries/cfdi_sat/', '')
 4 APPPATH\Controllers\Factura.php(64): GeneraXML->satxmlsv33([...], '', 'C:\\xampp\\htdocs\\pos\\app\\Libraries/cfdi_sat/', '')
 5 SYSTEMPATH\CodeIgniter.php(933): App\Controllers\Factura->facturar('11')
 6 SYSTEMPATH\CodeIgniter.php(507): CodeIgniter\CodeIgniter->runController(Object(App\Controllers\Factura))
 7 SYSTEMPATH\CodeIgniter.php(354): CodeIgniter\CodeIgniter->handleRequest(null, Object(Config\Cache), false)
 8 SYSTEMPATH\Boot.php(363): CodeIgniter\CodeIgniter->run()
 9 SYSTEMPATH\Boot.php(68): CodeIgniter\Boot::runCodeIgniter(Object(CodeIgniter\CodeIgniter))
10 FCPATH\index.php(59): CodeIgniter\Boot::bootWeb(Object(Config\Paths))
WARNING - 2025-11-28 22:55:11 --> [DEPRECATED] Function utf8_encode() is deprecated in APPPATH\Libraries\cfdi_sat\satxmlsv33.php on line 242.
 1 APPPATH\Libraries\cfdi_sat\satxmlsv33.php(64): GeneraXML->satxmlsv33_cargaAtt(Object(DOMElement), [...])
 2 APPPATH\Libraries\cfdi_sat\satxmlsv33.php(39): GeneraXML->satxmlsv33_generales([...], '', 'C:\\xampp\\htdocs\\pos\\app\\Libraries/cfdi_sat/', '')
 3 APPPATH\Libraries\cfdi_sat\satxmlsv33.php(27): GeneraXML->satxmlsv33_genera_xml([...], '', 'C:\\xampp\\htdocs\\pos\\app\\Libraries/cfdi_sat/', '')
 4 APPPATH\Controllers\Factura.php(64): GeneraXML->satxmlsv33([...], '', 'C:\\xampp\\htdocs\\pos\\app\\Libraries/cfdi_sat/', '')
 5 SYSTEMPATH\CodeIgniter.php(933): App\Controllers\Factura->facturar('11')
 6 SYSTEMPATH\CodeIgniter.php(507): CodeIgniter\CodeIgniter->runController(Object(App\Controllers\Factura))
 7 SYSTEMPATH\CodeIgniter.php(354): CodeIgniter\CodeIgniter->handleRequest(null, Object(Config\Cache), false)
 8 SYSTEMPATH\Boot.php(363): CodeIgniter\CodeIgniter->run()
 9 SYSTEMPATH\Boot.php(68): CodeIgniter\Boot::runCodeIgniter(Object(CodeIgniter\CodeIgniter))
10 FCPATH\index.php(59): CodeIgniter\Boot::bootWeb(Object(Config\Paths))
WARNING - 2025-11-28 22:55:11 --> [DEPRECATED] Function utf8_encode() is deprecated in APPPATH\Libraries\cfdi_sat\satxmlsv33.php on line 242.
 1 APPPATH\Libraries\cfdi_sat\satxmlsv33.php(64): GeneraXML->satxmlsv33_cargaAtt(Object(DOMElement), [...])
 2 APPPATH\Libraries\cfdi_sat\satxmlsv33.php(39): GeneraXML->satxmlsv33_generales([...], '', 'C:\\xampp\\htdocs\\pos\\app\\Libraries/cfdi_sat/', '')
 3 APPPATH\Libraries\cfdi_sat\satxmlsv33.php(27): GeneraXML->satxmlsv33_genera_xml([...], '', 'C:\\xampp\\htdocs\\pos\\app\\Libraries/cfdi_sat/', '')
 4 APPPATH\Controllers\Factura.php(64): GeneraXML->satxmlsv33([...], '', 'C:\\xampp\\htdocs\\pos\\app\\Libraries/cfdi_sat/', '')
 5 SYSTEMPATH\CodeIgniter.php(933): App\Controllers\Factura->facturar('11')
 6 SYSTEMPATH\CodeIgniter.php(507): CodeIgniter\CodeIgniter->runController(Object(App\Controllers\Factura))
 7 SYSTEMPATH\CodeIgniter.php(354): CodeIgniter\CodeIgniter->handleRequest(null, Object(Config\Cache), false)
 8 SYSTEMPATH\Boot.php(363): CodeIgniter\CodeIgniter->run()
 9 SYSTEMPATH\Boot.php(68): CodeIgniter\Boot::runCodeIgniter(Object(CodeIgniter\CodeIgniter))
10 FCPATH\index.php(59): CodeIgniter\Boot::bootWeb(Object(Config\Paths))
WARNING - 2025-11-28 22:55:11 --> [DEPRECATED] Function utf8_encode() is deprecated in APPPATH\Libraries\cfdi_sat\satxmlsv33.php on line 242.
 1 APPPATH\Libraries\cfdi_sat\satxmlsv33.php(64): GeneraXML->satxmlsv33_cargaAtt(Object(DOMElement), [...])
 2 APPPATH\Libraries\cfdi_sat\satxmlsv33.php(39): GeneraXML->satxmlsv33_generales([...], '', 'C:\\xampp\\htdocs\\pos\\app\\Libraries/cfdi_sat/', '')
 3 APPPATH\Libraries\cfdi_sat\satxmlsv33.php(27): GeneraXML->satxmlsv33_genera_xml([...], '', 'C:\\xampp\\htdocs\\pos\\app\\Libraries/cfdi_sat/', '')
 4 APPPATH\Controllers\Factura.php(64): GeneraXML->satxmlsv33([...], '', 'C:\\xampp\\htdocs\\pos\\app\\Libraries/cfdi_sat/', '')
 5 SYSTEMPATH\CodeIgniter.php(933): App\Controllers\Factura->facturar('11')
 6 SYSTEMPATH\CodeIgniter.php(507): CodeIgniter\CodeIgniter->runController(Object(App\Controllers\Factura))
 7 SYSTEMPATH\CodeIgniter.php(354): CodeIgniter\CodeIgniter->handleRequest(null, Object(Config\Cache), false)
 8 SYSTEMPATH\Boot.php(363): CodeIgniter\CodeIgniter->run()
 9 SYSTEMPATH\Boot.php(68): CodeIgniter\Boot::runCodeIgniter(Object(CodeIgniter\CodeIgniter))
10 FCPATH\index.php(59): CodeIgniter\Boot::bootWeb(Object(Config\Paths))
WARNING - 2025-11-28 22:55:11 --> [DEPRECATED] Function utf8_encode() is deprecated in APPPATH\Libraries\cfdi_sat\satxmlsv33.php on line 242.
 1 APPPATH\Libraries\cfdi_sat\satxmlsv33.php(64): GeneraXML->satxmlsv33_cargaAtt(Object(DOMElement), [...])
 2 APPPATH\Libraries\cfdi_sat\satxmlsv33.php(39): GeneraXML->satxmlsv33_generales([...], '', 'C:\\xampp\\htdocs\\pos\\app\\Libraries/cfdi_sat/', '')
 3 APPPATH\Libraries\cfdi_sat\satxmlsv33.php(27): GeneraXML->satxmlsv33_genera_xml([...], '', 'C:\\xampp\\htdocs\\pos\\app\\Libraries/cfdi_sat/', '')
 4 APPPATH\Controllers\Factura.php(64): GeneraXML->satxmlsv33([...], '', 'C:\\xampp\\htdocs\\pos\\app\\Libraries/cfdi_sat/', '')
 5 SYSTEMPATH\CodeIgniter.php(933): App\Controllers\Factura->facturar('11')
 6 SYSTEMPATH\CodeIgniter.php(507): CodeIgniter\CodeIgniter->runController(Object(App\Controllers\Factura))
 7 SYSTEMPATH\CodeIgniter.php(354): CodeIgniter\CodeIgniter->handleRequest(null, Object(Config\Cache), false)
 8 SYSTEMPATH\Boot.php(363): CodeIgniter\CodeIgniter->run()
 9 SYSTEMPATH\Boot.php(68): CodeIgniter\Boot::runCodeIgniter(Object(CodeIgniter\CodeIgniter))
10 FCPATH\index.php(59): CodeIgniter\Boot::bootWeb(Object(Config\Paths))
WARNING - 2025-11-28 22:55:11 --> [DEPRECATED] Function utf8_encode() is deprecated in APPPATH\Libraries\cfdi_sat\satxmlsv33.php on line 242.
 1 APPPATH\Libraries\cfdi_sat\satxmlsv33.php(64): GeneraXML->satxmlsv33_cargaAtt(Object(DOMElement), [...])
 2 APPPATH\Libraries\cfdi_sat\satxmlsv33.php(39): GeneraXML->satxmlsv33_generales([...], '', 'C:\\xampp\\htdocs\\pos\\app\\Libraries/cfdi_sat/', '')
 3 APPPATH\Libraries\cfdi_sat\satxmlsv33.php(27): GeneraXML->satxmlsv33_genera_xml([...], '', 'C:\\xampp\\htdocs\\pos\\app\\Libraries/cfdi_sat/', '')
 4 APPPATH\Controllers\Factura.php(64): GeneraXML->satxmlsv33([...], '', 'C:\\xampp\\htdocs\\pos\\app\\Libraries/cfdi_sat/', '')
 5 SYSTEMPATH\CodeIgniter.php(933): App\Controllers\Factura->facturar('11')
 6 SYSTEMPATH\CodeIgniter.php(507): CodeIgniter\CodeIgniter->runController(Object(App\Controllers\Factura))
 7 SYSTEMPATH\CodeIgniter.php(354): CodeIgniter\CodeIgniter->handleRequest(null, Object(Config\Cache), false)
 8 SYSTEMPATH\Boot.php(363): CodeIgniter\CodeIgniter->run()
 9 SYSTEMPATH\Boot.php(68): CodeIgniter\Boot::runCodeIgniter(Object(CodeIgniter\CodeIgniter))
10 FCPATH\index.php(59): CodeIgniter\Boot::bootWeb(Object(Config\Paths))
WARNING - 2025-11-28 22:55:11 --> [DEPRECATED] Function utf8_encode() is deprecated in APPPATH\Libraries\cfdi_sat\satxmlsv33.php on line 242.
 1 APPPATH\Libraries\cfdi_sat\satxmlsv33.php(64): GeneraXML->satxmlsv33_cargaAtt(Object(DOMElement), [...])
 2 APPPATH\Libraries\cfdi_sat\satxmlsv33.php(39): GeneraXML->satxmlsv33_generales([...], '', 'C:\\xampp\\htdocs\\pos\\app\\Libraries/cfdi_sat/', '')
 3 APPPATH\Libraries\cfdi_sat\satxmlsv33.php(27): GeneraXML->satxmlsv33_genera_xml([...], '', 'C:\\xampp\\htdocs\\pos\\app\\Libraries/cfdi_sat/', '')
 4 APPPATH\Controllers\Factura.php(64): GeneraXML->satxmlsv33([...], '', 'C:\\xampp\\htdocs\\pos\\app\\Libraries/cfdi_sat/', '')
 5 SYSTEMPATH\CodeIgniter.php(933): App\Controllers\Factura->facturar('11')
 6 SYSTEMPATH\CodeIgniter.php(507): CodeIgniter\CodeIgniter->runController(Object(App\Controllers\Factura))
 7 SYSTEMPATH\CodeIgniter.php(354): CodeIgniter\CodeIgniter->handleRequest(null, Object(Config\Cache), false)
 8 SYSTEMPATH\Boot.php(363): CodeIgniter\CodeIgniter->run()
 9 SYSTEMPATH\Boot.php(68): CodeIgniter\Boot::runCodeIgniter(Object(CodeIgniter\CodeIgniter))
10 FCPATH\index.php(59): CodeIgniter\Boot::bootWeb(Object(Config\Paths))
WARNING - 2025-11-28 22:55:11 --> [DEPRECATED] Function utf8_encode() is deprecated in APPPATH\Libraries\cfdi_sat\satxmlsv33.php on line 242.
 1 APPPATH\Libraries\cfdi_sat\satxmlsv33.php(64): GeneraXML->satxmlsv33_cargaAtt(Object(DOMElement), [...])
 2 APPPATH\Libraries\cfdi_sat\satxmlsv33.php(39): GeneraXML->satxmlsv33_generales([...], '', 'C:\\xampp\\htdocs\\pos\\app\\Libraries/cfdi_sat/', '')
 3 APPPATH\Libraries\cfdi_sat\satxmlsv33.php(27): GeneraXML->satxmlsv33_genera_xml([...], '', 'C:\\xampp\\htdocs\\pos\\app\\Libraries/cfdi_sat/', '')
 4 APPPATH\Controllers\Factura.php(64): GeneraXML->satxmlsv33([...], '', 'C:\\xampp\\htdocs\\pos\\app\\Libraries/cfdi_sat/', '')
 5 SYSTEMPATH\CodeIgniter.php(933): App\Controllers\Factura->facturar('11')
 6 SYSTEMPATH\CodeIgniter.php(507): CodeIgniter\CodeIgniter->runController(Object(App\Controllers\Factura))
 7 SYSTEMPATH\CodeIgniter.php(354): CodeIgniter\CodeIgniter->handleRequest(null, Object(Config\Cache), false)
 8 SYSTEMPATH\Boot.php(363): CodeIgniter\CodeIgniter->run()
 9 SYSTEMPATH\Boot.php(68): CodeIgniter\Boot::runCodeIgniter(Object(CodeIgniter\CodeIgniter))
10 FCPATH\index.php(59): CodeIgniter\Boot::bootWeb(Object(Config\Paths))
WARNING - 2025-11-28 22:55:11 --> [DEPRECATED] Function utf8_encode() is deprecated in APPPATH\Libraries\cfdi_sat\satxmlsv33.php on line 242.
 1 APPPATH\Libraries\cfdi_sat\satxmlsv33.php(64): GeneraXML->satxmlsv33_cargaAtt(Object(DOMElement), [...])
 2 APPPATH\Libraries\cfdi_sat\satxmlsv33.php(39): GeneraXML->satxmlsv33_generales([...], '', 'C:\\xampp\\htdocs\\pos\\app\\Libraries/cfdi_sat/', '')
 3 APPPATH\Libraries\cfdi_sat\satxmlsv33.php(27): GeneraXML->satxmlsv33_genera_xml([...], '', 'C:\\xampp\\htdocs\\pos\\app\\Libraries/cfdi_sat/', '')
 4 APPPATH\Controllers\Factura.php(64): GeneraXML->satxmlsv33([...], '', 'C:\\xampp\\htdocs\\pos\\app\\Libraries/cfdi_sat/', '')
 5 SYSTEMPATH\CodeIgniter.php(933): App\Controllers\Factura->facturar('11')
 6 SYSTEMPATH\CodeIgniter.php(507): CodeIgniter\CodeIgniter->runController(Object(App\Controllers\Factura))
 7 SYSTEMPATH\CodeIgniter.php(354): CodeIgniter\CodeIgniter->handleRequest(null, Object(Config\Cache), false)
 8 SYSTEMPATH\Boot.php(363): CodeIgniter\CodeIgniter->run()
 9 SYSTEMPATH\Boot.php(68): CodeIgniter\Boot::runCodeIgniter(Object(CodeIgniter\CodeIgniter))
10 FCPATH\index.php(59): CodeIgniter\Boot::bootWeb(Object(Config\Paths))
WARNING - 2025-11-28 22:55:11 --> [DEPRECATED] Function utf8_encode() is deprecated in APPPATH\Libraries\cfdi_sat\satxmlsv33.php on line 242.
 1 APPPATH\Libraries\cfdi_sat\satxmlsv33.php(64): GeneraXML->satxmlsv33_cargaAtt(Object(DOMElement), [...])
 2 APPPATH\Libraries\cfdi_sat\satxmlsv33.php(39): GeneraXML->satxmlsv33_generales([...], '', 'C:\\xampp\\htdocs\\pos\\app\\Libraries/cfdi_sat/', '')
 3 APPPATH\Libraries\cfdi_sat\satxmlsv33.php(27): GeneraXML->satxmlsv33_genera_xml([...], '', 'C:\\xampp\\htdocs\\pos\\app\\Libraries/cfdi_sat/', '')
 4 APPPATH\Controllers\Factura.php(64): GeneraXML->satxmlsv33([...], '', 'C:\\xampp\\htdocs\\pos\\app\\Libraries/cfdi_sat/', '')
 5 SYSTEMPATH\CodeIgniter.php(933): App\Controllers\Factura->facturar('11')
 6 SYSTEMPATH\CodeIgniter.php(507): CodeIgniter\CodeIgniter->runController(Object(App\Controllers\Factura))
 7 SYSTEMPATH\CodeIgniter.php(354): CodeIgniter\CodeIgniter->handleRequest(null, Object(Config\Cache), false)
 8 SYSTEMPATH\Boot.php(363): CodeIgniter\CodeIgniter->run()
 9 SYSTEMPATH\Boot.php(68): CodeIgniter\Boot::runCodeIgniter(Object(CodeIgniter\CodeIgniter))
10 FCPATH\index.php(59): CodeIgniter\Boot::bootWeb(Object(Config\Paths))
WARNING - 2025-11-28 22:55:11 --> [DEPRECATED] Function utf8_encode() is deprecated in APPPATH\Libraries\cfdi_sat\satxmlsv33.php on line 242.
 1 APPPATH\Libraries\cfdi_sat\satxmlsv33.php(64): GeneraXML->satxmlsv33_cargaAtt(Object(DOMElement), [...])
 2 APPPATH\Libraries\cfdi_sat\satxmlsv33.php(39): GeneraXML->satxmlsv33_generales([...], '', 'C:\\xampp\\htdocs\\pos\\app\\Libraries/cfdi_sat/', '')
 3 APPPATH\Libraries\cfdi_sat\satxmlsv33.php(27): GeneraXML->satxmlsv33_genera_xml([...], '', 'C:\\xampp\\htdocs\\pos\\app\\Libraries/cfdi_sat/', '')
 4 APPPATH\Controllers\Factura.php(64): GeneraXML->satxmlsv33([...], '', 'C:\\xampp\\htdocs\\pos\\app\\Libraries/cfdi_sat/', '')
 5 SYSTEMPATH\CodeIgniter.php(933): App\Controllers\Factura->facturar('11')
 6 SYSTEMPATH\CodeIgniter.php(507): CodeIgniter\CodeIgniter->runController(Object(App\Controllers\Factura))
 7 SYSTEMPATH\CodeIgniter.php(354): CodeIgniter\CodeIgniter->handleRequest(null, Object(Config\Cache), false)
 8 SYSTEMPATH\Boot.php(363): CodeIgniter\CodeIgniter->run()
 9 SYSTEMPATH\Boot.php(68): CodeIgniter\Boot::runCodeIgniter(Object(CodeIgniter\CodeIgniter))
10 FCPATH\index.php(59): CodeIgniter\Boot::bootWeb(Object(Config\Paths))
WARNING - 2025-11-28 22:55:11 --> [DEPRECATED] Function utf8_encode() is deprecated in APPPATH\Libraries\cfdi_sat\satxmlsv33.php on line 242.
 1 APPPATH\Libraries\cfdi_sat\satxmlsv33.php(64): GeneraXML->satxmlsv33_cargaAtt(Object(DOMElement), [...])
 2 APPPATH\Libraries\cfdi_sat\satxmlsv33.php(39): GeneraXML->satxmlsv33_generales([...], '', 'C:\\xampp\\htdocs\\pos\\app\\Libraries/cfdi_sat/', '')
 3 APPPATH\Libraries\cfdi_sat\satxmlsv33.php(27): GeneraXML->satxmlsv33_genera_xml([...], '', 'C:\\xampp\\htdocs\\pos\\app\\Libraries/cfdi_sat/', '')
 4 APPPATH\Controllers\Factura.php(64): GeneraXML->satxmlsv33([...], '', 'C:\\xampp\\htdocs\\pos\\app\\Libraries/cfdi_sat/', '')
 5 SYSTEMPATH\CodeIgniter.php(933): App\Controllers\Factura->facturar('11')
 6 SYSTEMPATH\CodeIgniter.php(507): CodeIgniter\CodeIgniter->runController(Object(App\Controllers\Factura))
 7 SYSTEMPATH\CodeIgniter.php(354): CodeIgniter\CodeIgniter->handleRequest(null, Object(Config\Cache), false)
 8 SYSTEMPATH\Boot.php(363): CodeIgniter\CodeIgniter->run()
 9 SYSTEMPATH\Boot.php(68): CodeIgniter\Boot::runCodeIgniter(Object(CodeIgniter\CodeIgniter))
10 FCPATH\index.php(59): CodeIgniter\Boot::bootWeb(Object(Config\Paths))
WARNING - 2025-11-28 22:55:11 --> [DEPRECATED] Function utf8_encode() is deprecated in APPPATH\Libraries\cfdi_sat\satxmlsv33.php on line 242.
 1 APPPATH\Libraries\cfdi_sat\satxmlsv33.php(64): GeneraXML->satxmlsv33_cargaAtt(Object(DOMElement), [...])
 2 APPPATH\Libraries\cfdi_sat\satxmlsv33.php(39): GeneraXML->satxmlsv33_generales([...], '', 'C:\\xampp\\htdocs\\pos\\app\\Libraries/cfdi_sat/', '')
 3 APPPATH\Libraries\cfdi_sat\satxmlsv33.php(27): GeneraXML->satxmlsv33_genera_xml([...], '', 'C:\\xampp\\htdocs\\pos\\app\\Libraries/cfdi_sat/', '')
 4 APPPATH\Controllers\Factura.php(64): GeneraXML->satxmlsv33([...], '', 'C:\\xampp\\htdocs\\pos\\app\\Libraries/cfdi_sat/', '')
 5 SYSTEMPATH\CodeIgniter.php(933): App\Controllers\Factura->facturar('11')
 6 SYSTEMPATH\CodeIgniter.php(507): CodeIgniter\CodeIgniter->runController(Object(App\Controllers\Factura))
 7 SYSTEMPATH\CodeIgniter.php(354): CodeIgniter\CodeIgniter->handleRequest(null, Object(Config\Cache), false)
 8 SYSTEMPATH\Boot.php(363): CodeIgniter\CodeIgniter->run()
 9 SYSTEMPATH\Boot.php(68): CodeIgniter\Boot::runCodeIgniter(Object(CodeIgniter\CodeIgniter))
10 FCPATH\index.php(59): CodeIgniter\Boot::bootWeb(Object(Config\Paths))
WARNING - 2025-11-28 22:55:11 --> [DEPRECATED] strlen(): Passing null to parameter #1 ($string) of type string is deprecated in APPPATH\Libraries\cfdi_sat\satxmlsv33.php on line 232.
 1 APPPATH\Libraries\cfdi_sat\satxmlsv33.php(64): GeneraXML->satxmlsv33_cargaAtt(Object(DOMElement), [...])
 2 APPPATH\Libraries\cfdi_sat\satxmlsv33.php(39): GeneraXML->satxmlsv33_generales([...], '', 'C:\\xampp\\htdocs\\pos\\app\\Libraries/cfdi_sat/', '')
 3 APPPATH\Libraries\cfdi_sat\satxmlsv33.php(27): GeneraXML->satxmlsv33_genera_xml([...], '', 'C:\\xampp\\htdocs\\pos\\app\\Libraries/cfdi_sat/', '')
 4 APPPATH\Controllers\Factura.php(64): GeneraXML->satxmlsv33([...], '', 'C:\\xampp\\htdocs\\pos\\app\\Libraries/cfdi_sat/', '')
 5 SYSTEMPATH\CodeIgniter.php(933): App\Controllers\Factura->facturar('11')
 6 SYSTEMPATH\CodeIgniter.php(507): CodeIgniter\CodeIgniter->runController(Object(App\Controllers\Factura))
 7 SYSTEMPATH\CodeIgniter.php(354): CodeIgniter\CodeIgniter->handleRequest(null, Object(Config\Cache), false)
 8 SYSTEMPATH\Boot.php(363): CodeIgniter\CodeIgniter->run()
 9 SYSTEMPATH\Boot.php(68): CodeIgniter\Boot::runCodeIgniter(Object(CodeIgniter\CodeIgniter))
10 FCPATH\index.php(59): CodeIgniter\Boot::bootWeb(Object(Config\Paths))
WARNING - 2025-11-28 22:55:11 --> [DEPRECATED] preg_replace(): Passing null to parameter #3 ($subject) of type array|string is deprecated in APPPATH\Libraries\cfdi_sat\satxmlsv33.php on line 238.
 1 APPPATH\Libraries\cfdi_sat\satxmlsv33.php(238): preg_replace('/\\s\\s+/', ' ', null)
 2 APPPATH\Libraries\cfdi_sat\satxmlsv33.php(64): GeneraXML->satxmlsv33_cargaAtt(Object(DOMElement), [...])
 3 APPPATH\Libraries\cfdi_sat\satxmlsv33.php(39): GeneraXML->satxmlsv33_generales([...], '', 'C:\\xampp\\htdocs\\pos\\app\\Libraries/cfdi_sat/', '')
 4 APPPATH\Libraries\cfdi_sat\satxmlsv33.php(27): GeneraXML->satxmlsv33_genera_xml([...], '', 'C:\\xampp\\htdocs\\pos\\app\\Libraries/cfdi_sat/', '')
 5 APPPATH\Controllers\Factura.php(64): GeneraXML->satxmlsv33([...], '', 'C:\\xampp\\htdocs\\pos\\app\\Libraries/cfdi_sat/', '')
 6 SYSTEMPATH\CodeIgniter.php(933): App\Controllers\Factura->facturar('11')
 7 SYSTEMPATH\CodeIgniter.php(507): CodeIgniter\CodeIgniter->runController(Object(App\Controllers\Factura))
 8 SYSTEMPATH\CodeIgniter.php(354): CodeIgniter\CodeIgniter->handleRequest(null, Object(Config\Cache), false)
 9 SYSTEMPATH\Boot.php(363): CodeIgniter\CodeIgniter->run()
10 SYSTEMPATH\Boot.php(68): CodeIgniter\Boot::runCodeIgniter(Object(CodeIgniter\CodeIgniter))
11 FCPATH\index.php(59): CodeIgniter\Boot::bootWeb(Object(Config\Paths))
WARNING - 2025-11-28 22:55:11 --> [DEPRECATED] strlen(): Passing null to parameter #1 ($string) of type string is deprecated in APPPATH\Libraries\cfdi_sat\satxmlsv33.php on line 232.
 1 APPPATH\Libraries\cfdi_sat\satxmlsv33.php(64): GeneraXML->satxmlsv33_cargaAtt(Object(DOMElement), [...])
 2 APPPATH\Libraries\cfdi_sat\satxmlsv33.php(39): GeneraXML->satxmlsv33_generales([...], '', 'C:\\xampp\\htdocs\\pos\\app\\Libraries/cfdi_sat/', '')
 3 APPPATH\Libraries\cfdi_sat\satxmlsv33.php(27): GeneraXML->satxmlsv33_genera_xml([...], '', 'C:\\xampp\\htdocs\\pos\\app\\Libraries/cfdi_sat/', '')
 4 APPPATH\Controllers\Factura.php(64): GeneraXML->satxmlsv33([...], '', 'C:\\xampp\\htdocs\\pos\\app\\Libraries/cfdi_sat/', '')
 5 SYSTEMPATH\CodeIgniter.php(933): App\Controllers\Factura->facturar('11')
 6 SYSTEMPATH\CodeIgniter.php(507): CodeIgniter\CodeIgniter->runController(Object(App\Controllers\Factura))
 7 SYSTEMPATH\CodeIgniter.php(354): CodeIgniter\CodeIgniter->handleRequest(null, Object(Config\Cache), false)
 8 SYSTEMPATH\Boot.php(363): CodeIgniter\CodeIgniter->run()
 9 SYSTEMPATH\Boot.php(68): CodeIgniter\Boot::runCodeIgniter(Object(CodeIgniter\CodeIgniter))
10 FCPATH\index.php(59): CodeIgniter\Boot::bootWeb(Object(Config\Paths))
WARNING - 2025-11-28 22:55:11 --> [DEPRECATED] preg_replace(): Passing null to parameter #3 ($subject) of type array|string is deprecated in APPPATH\Libraries\cfdi_sat\satxmlsv33.php on line 238.
 1 APPPATH\Libraries\cfdi_sat\satxmlsv33.php(238): preg_replace('/\\s\\s+/', ' ', null)
 2 APPPATH\Libraries\cfdi_sat\satxmlsv33.php(64): GeneraXML->satxmlsv33_cargaAtt(Object(DOMElement), [...])
 3 APPPATH\Libraries\cfdi_sat\satxmlsv33.php(39): GeneraXML->satxmlsv33_generales([...], '', 'C:\\xampp\\htdocs\\pos\\app\\Libraries/cfdi_sat/', '')
 4 APPPATH\Libraries\cfdi_sat\satxmlsv33.php(27): GeneraXML->satxmlsv33_genera_xml([...], '', 'C:\\xampp\\htdocs\\pos\\app\\Libraries/cfdi_sat/', '')
 5 APPPATH\Controllers\Factura.php(64): GeneraXML->satxmlsv33([...], '', 'C:\\xampp\\htdocs\\pos\\app\\Libraries/cfdi_sat/', '')
 6 SYSTEMPATH\CodeIgniter.php(933): App\Controllers\Factura->facturar('11')
 7 SYSTEMPATH\CodeIgniter.php(507): CodeIgniter\CodeIgniter->runController(Object(App\Controllers\Factura))
 8 SYSTEMPATH\CodeIgniter.php(354): CodeIgniter\CodeIgniter->handleRequest(null, Object(Config\Cache), false)
 9 SYSTEMPATH\Boot.php(363): CodeIgniter\CodeIgniter->run()
10 SYSTEMPATH\Boot.php(68): CodeIgniter\Boot::runCodeIgniter(Object(CodeIgniter\CodeIgniter))
11 FCPATH\index.php(59): CodeIgniter\Boot::bootWeb(Object(Config\Paths))
WARNING - 2025-11-28 22:55:11 --> [DEPRECATED] strlen(): Passing null to parameter #1 ($string) of type string is deprecated in APPPATH\Libraries\cfdi_sat\satxmlsv33.php on line 232.
 1 APPPATH\Libraries\cfdi_sat\satxmlsv33.php(64): GeneraXML->satxmlsv33_cargaAtt(Object(DOMElement), [...])
 2 APPPATH\Libraries\cfdi_sat\satxmlsv33.php(39): GeneraXML->satxmlsv33_generales([...], '', 'C:\\xampp\\htdocs\\pos\\app\\Libraries/cfdi_sat/', '')
 3 APPPATH\Libraries\cfdi_sat\satxmlsv33.php(27): GeneraXML->satxmlsv33_genera_xml([...], '', 'C:\\xampp\\htdocs\\pos\\app\\Libraries/cfdi_sat/', '')
 4 APPPATH\Controllers\Factura.php(64): GeneraXML->satxmlsv33([...], '', 'C:\\xampp\\htdocs\\pos\\app\\Libraries/cfdi_sat/', '')
 5 SYSTEMPATH\CodeIgniter.php(933): App\Controllers\Factura->facturar('11')
 6 SYSTEMPATH\CodeIgniter.php(507): CodeIgniter\CodeIgniter->runController(Object(App\Controllers\Factura))
 7 SYSTEMPATH\CodeIgniter.php(354): CodeIgniter\CodeIgniter->handleRequest(null, Object(Config\Cache), false)
 8 SYSTEMPATH\Boot.php(363): CodeIgniter\CodeIgniter->run()
 9 SYSTEMPATH\Boot.php(68): CodeIgniter\Boot::runCodeIgniter(Object(CodeIgniter\CodeIgniter))
10 FCPATH\index.php(59): CodeIgniter\Boot::bootWeb(Object(Config\Paths))
WARNING - 2025-11-28 22:55:11 --> [DEPRECATED] preg_replace(): Passing null to parameter #3 ($subject) of type array|string is deprecated in APPPATH\Libraries\cfdi_sat\satxmlsv33.php on line 238.
 1 APPPATH\Libraries\cfdi_sat\satxmlsv33.php(238): preg_replace('/\\s\\s+/', ' ', null)
 2 APPPATH\Libraries\cfdi_sat\satxmlsv33.php(64): GeneraXML->satxmlsv33_cargaAtt(Object(DOMElement), [...])
 3 APPPATH\Libraries\cfdi_sat\satxmlsv33.php(39): GeneraXML->satxmlsv33_generales([...], '', 'C:\\xampp\\htdocs\\pos\\app\\Libraries/cfdi_sat/', '')
 4 APPPATH\Libraries\cfdi_sat\satxmlsv33.php(27): GeneraXML->satxmlsv33_genera_xml([...], '', 'C:\\xampp\\htdocs\\pos\\app\\Libraries/cfdi_sat/', '')
 5 APPPATH\Controllers\Factura.php(64): GeneraXML->satxmlsv33([...], '', 'C:\\xampp\\htdocs\\pos\\app\\Libraries/cfdi_sat/', '')
 6 SYSTEMPATH\CodeIgniter.php(933): App\Controllers\Factura->facturar('11')
 7 SYSTEMPATH\CodeIgniter.php(507): CodeIgniter\CodeIgniter->runController(Object(App\Controllers\Factura))
 8 SYSTEMPATH\CodeIgniter.php(354): CodeIgniter\CodeIgniter->handleRequest(null, Object(Config\Cache), false)
 9 SYSTEMPATH\Boot.php(363): CodeIgniter\CodeIgniter->run()
10 SYSTEMPATH\Boot.php(68): CodeIgniter\Boot::runCodeIgniter(Object(CodeIgniter\CodeIgniter))
11 FCPATH\index.php(59): CodeIgniter\Boot::bootWeb(Object(Config\Paths))
WARNING - 2025-11-28 22:55:11 --> [DEPRECATED] strlen(): Passing null to parameter #1 ($string) of type string is deprecated in APPPATH\Libraries\cfdi_sat\satxmlsv33.php on line 232.
 1 APPPATH\Libraries\cfdi_sat\satxmlsv33.php(64): GeneraXML->satxmlsv33_cargaAtt(Object(DOMElement), [...])
 2 APPPATH\Libraries\cfdi_sat\satxmlsv33.php(39): GeneraXML->satxmlsv33_generales([...], '', 'C:\\xampp\\htdocs\\pos\\app\\Libraries/cfdi_sat/', '')
 3 APPPATH\Libraries\cfdi_sat\satxmlsv33.php(27): GeneraXML->satxmlsv33_genera_xml([...], '', 'C:\\xampp\\htdocs\\pos\\app\\Libraries/cfdi_sat/', '')
 4 APPPATH\Controllers\Factura.php(64): GeneraXML->satxmlsv33([...], '', 'C:\\xampp\\htdocs\\pos\\app\\Libraries/cfdi_sat/', '')
 5 SYSTEMPATH\CodeIgniter.php(933): App\Controllers\Factura->facturar('11')
 6 SYSTEMPATH\CodeIgniter.php(507): CodeIgniter\CodeIgniter->runController(Object(App\Controllers\Factura))
 7 SYSTEMPATH\CodeIgniter.php(354): CodeIgniter\CodeIgniter->handleRequest(null, Object(Config\Cache), false)
 8 SYSTEMPATH\Boot.php(363): CodeIgniter\CodeIgniter->run()
 9 SYSTEMPATH\Boot.php(68): CodeIgniter\Boot::runCodeIgniter(Object(CodeIgniter\CodeIgniter))
10 FCPATH\index.php(59): CodeIgniter\Boot::bootWeb(Object(Config\Paths))
WARNING - 2025-11-28 22:55:11 --> [DEPRECATED] preg_replace(): Passing null to parameter #3 ($subject) of type array|string is deprecated in APPPATH\Libraries\cfdi_sat\satxmlsv33.php on line 238.
 1 APPPATH\Libraries\cfdi_sat\satxmlsv33.php(238): preg_replace('/\\s\\s+/', ' ', null)
 2 APPPATH\Libraries\cfdi_sat\satxmlsv33.php(64): GeneraXML->satxmlsv33_cargaAtt(Object(DOMElement), [...])
 3 APPPATH\Libraries\cfdi_sat\satxmlsv33.php(39): GeneraXML->satxmlsv33_generales([...], '', 'C:\\xampp\\htdocs\\pos\\app\\Libraries/cfdi_sat/', '')
 4 APPPATH\Libraries\cfdi_sat\satxmlsv33.php(27): GeneraXML->satxmlsv33_genera_xml([...], '', 'C:\\xampp\\htdocs\\pos\\app\\Libraries/cfdi_sat/', '')
 5 APPPATH\Controllers\Factura.php(64): GeneraXML->satxmlsv33([...], '', 'C:\\xampp\\htdocs\\pos\\app\\Libraries/cfdi_sat/', '')
 6 SYSTEMPATH\CodeIgniter.php(933): App\Controllers\Factura->facturar('11')
 7 SYSTEMPATH\CodeIgniter.php(507): CodeIgniter\CodeIgniter->runController(Object(App\Controllers\Factura))
 8 SYSTEMPATH\CodeIgniter.php(354): CodeIgniter\CodeIgniter->handleRequest(null, Object(Config\Cache), false)
 9 SYSTEMPATH\Boot.php(363): CodeIgniter\CodeIgniter->run()
10 SYSTEMPATH\Boot.php(68): CodeIgniter\Boot::runCodeIgniter(Object(CodeIgniter\CodeIgniter))
11 FCPATH\index.php(59): CodeIgniter\Boot::bootWeb(Object(Config\Paths))
WARNING - 2025-11-28 22:55:11 --> [DEPRECATED] Function utf8_encode() is deprecated in APPPATH\Libraries\cfdi_sat\satxmlsv33.php on line 242.
 1 APPPATH\Libraries\cfdi_sat\satxmlsv33.php(93): GeneraXML->satxmlsv33_cargaAtt(Object(DOMElement), [...])
 2 APPPATH\Libraries\cfdi_sat\satxmlsv33.php(40): GeneraXML->satxmlsv33_emisor([...], '', 'C:\\xampp\\htdocs\\pos\\app\\Libraries/cfdi_sat/', '')
 3 APPPATH\Libraries\cfdi_sat\satxmlsv33.php(27): GeneraXML->satxmlsv33_genera_xml([...], '', 'C:\\xampp\\htdocs\\pos\\app\\Libraries/cfdi_sat/', '')
 4 APPPATH\Controllers\Factura.php(64): GeneraXML->satxmlsv33([...], '', 'C:\\xampp\\htdocs\\pos\\app\\Libraries/cfdi_sat/', '')
 5 SYSTEMPATH\CodeIgniter.php(933): App\Controllers\Factura->facturar('11')
 6 SYSTEMPATH\CodeIgniter.php(507): CodeIgniter\CodeIgniter->runController(Object(App\Controllers\Factura))
 7 SYSTEMPATH\CodeIgniter.php(354): CodeIgniter\CodeIgniter->handleRequest(null, Object(Config\Cache), false)
 8 SYSTEMPATH\Boot.php(363): CodeIgniter\CodeIgniter->run()
 9 SYSTEMPATH\Boot.php(68): CodeIgniter\Boot::runCodeIgniter(Object(CodeIgniter\CodeIgniter))
10 FCPATH\index.php(59): CodeIgniter\Boot::bootWeb(Object(Config\Paths))
WARNING - 2025-11-28 22:55:11 --> [DEPRECATED] Function utf8_encode() is deprecated in APPPATH\Libraries\cfdi_sat\satxmlsv33.php on line 242.
 1 APPPATH\Libraries\cfdi_sat\satxmlsv33.php(93): GeneraXML->satxmlsv33_cargaAtt(Object(DOMElement), [...])
 2 APPPATH\Libraries\cfdi_sat\satxmlsv33.php(40): GeneraXML->satxmlsv33_emisor([...], '', 'C:\\xampp\\htdocs\\pos\\app\\Libraries/cfdi_sat/', '')
 3 APPPATH\Libraries\cfdi_sat\satxmlsv33.php(27): GeneraXML->satxmlsv33_genera_xml([...], '', 'C:\\xampp\\htdocs\\pos\\app\\Libraries/cfdi_sat/', '')
 4 APPPATH\Controllers\Factura.php(64): GeneraXML->satxmlsv33([...], '', 'C:\\xampp\\htdocs\\pos\\app\\Libraries/cfdi_sat/', '')
 5 SYSTEMPATH\CodeIgniter.php(933): App\Controllers\Factura->facturar('11')
 6 SYSTEMPATH\CodeIgniter.php(507): CodeIgniter\CodeIgniter->runController(Object(App\Controllers\Factura))
 7 SYSTEMPATH\CodeIgniter.php(354): CodeIgniter\CodeIgniter->handleRequest(null, Object(Config\Cache), false)
 8 SYSTEMPATH\Boot.php(363): CodeIgniter\CodeIgniter->run()
 9 SYSTEMPATH\Boot.php(68): CodeIgniter\Boot::runCodeIgniter(Object(CodeIgniter\CodeIgniter))
10 FCPATH\index.php(59): CodeIgniter\Boot::bootWeb(Object(Config\Paths))
WARNING - 2025-11-28 22:55:11 --> [DEPRECATED] Function utf8_encode() is deprecated in APPPATH\Libraries\cfdi_sat\satxmlsv33.php on line 242.
 1 APPPATH\Libraries\cfdi_sat\satxmlsv33.php(93): GeneraXML->satxmlsv33_cargaAtt(Object(DOMElement), [...])
 2 APPPATH\Libraries\cfdi_sat\satxmlsv33.php(40): GeneraXML->satxmlsv33_emisor([...], '', 'C:\\xampp\\htdocs\\pos\\app\\Libraries/cfdi_sat/', '')
 3 APPPATH\Libraries\cfdi_sat\satxmlsv33.php(27): GeneraXML->satxmlsv33_genera_xml([...], '', 'C:\\xampp\\htdocs\\pos\\app\\Libraries/cfdi_sat/', '')
 4 APPPATH\Controllers\Factura.php(64): GeneraXML->satxmlsv33([...], '', 'C:\\xampp\\htdocs\\pos\\app\\Libraries/cfdi_sat/', '')
 5 SYSTEMPATH\CodeIgniter.php(933): App\Controllers\Factura->facturar('11')
 6 SYSTEMPATH\CodeIgniter.php(507): CodeIgniter\CodeIgniter->runController(Object(App\Controllers\Factura))
 7 SYSTEMPATH\CodeIgniter.php(354): CodeIgniter\CodeIgniter->handleRequest(null, Object(Config\Cache), false)
 8 SYSTEMPATH\Boot.php(363): CodeIgniter\CodeIgniter->run()
 9 SYSTEMPATH\Boot.php(68): CodeIgniter\Boot::runCodeIgniter(Object(CodeIgniter\CodeIgniter))
10 FCPATH\index.php(59): CodeIgniter\Boot::bootWeb(Object(Config\Paths))
WARNING - 2025-11-28 22:55:11 --> [DEPRECATED] Function utf8_encode() is deprecated in APPPATH\Libraries\cfdi_sat\satxmlsv33.php on line 242.
 1 APPPATH\Libraries\cfdi_sat\satxmlsv33.php(105): GeneraXML->satxmlsv33_cargaAtt(Object(DOMElement), [...])
 2 APPPATH\Libraries\cfdi_sat\satxmlsv33.php(41): GeneraXML->satxmlsv33_receptor([...], '', 'C:\\xampp\\htdocs\\pos\\app\\Libraries/cfdi_sat/', '')
 3 APPPATH\Libraries\cfdi_sat\satxmlsv33.php(27): GeneraXML->satxmlsv33_genera_xml([...], '', 'C:\\xampp\\htdocs\\pos\\app\\Libraries/cfdi_sat/', '')
 4 APPPATH\Controllers\Factura.php(64): GeneraXML->satxmlsv33([...], '', 'C:\\xampp\\htdocs\\pos\\app\\Libraries/cfdi_sat/', '')
 5 SYSTEMPATH\CodeIgniter.php(933): App\Controllers\Factura->facturar('11')
 6 SYSTEMPATH\CodeIgniter.php(507): CodeIgniter\CodeIgniter->runController(Object(App\Controllers\Factura))
 7 SYSTEMPATH\CodeIgniter.php(354): CodeIgniter\CodeIgniter->handleRequest(null, Object(Config\Cache), false)
 8 SYSTEMPATH\Boot.php(363): CodeIgniter\CodeIgniter->run()
 9 SYSTEMPATH\Boot.php(68): CodeIgniter\Boot::runCodeIgniter(Object(CodeIgniter\CodeIgniter))
10 FCPATH\index.php(59): CodeIgniter\Boot::bootWeb(Object(Config\Paths))
WARNING - 2025-11-28 22:55:11 --> [DEPRECATED] Function utf8_encode() is deprecated in APPPATH\Libraries\cfdi_sat\satxmlsv33.php on line 242.
 1 APPPATH\Libraries\cfdi_sat\satxmlsv33.php(105): GeneraXML->satxmlsv33_cargaAtt(Object(DOMElement), [...])
 2 APPPATH\Libraries\cfdi_sat\satxmlsv33.php(41): GeneraXML->satxmlsv33_receptor([...], '', 'C:\\xampp\\htdocs\\pos\\app\\Libraries/cfdi_sat/', '')
 3 APPPATH\Libraries\cfdi_sat\satxmlsv33.php(27): GeneraXML->satxmlsv33_genera_xml([...], '', 'C:\\xampp\\htdocs\\pos\\app\\Libraries/cfdi_sat/', '')
 4 APPPATH\Controllers\Factura.php(64): GeneraXML->satxmlsv33([...], '', 'C:\\xampp\\htdocs\\pos\\app\\Libraries/cfdi_sat/', '')
 5 SYSTEMPATH\CodeIgniter.php(933): App\Controllers\Factura->facturar('11')
 6 SYSTEMPATH\CodeIgniter.php(507): CodeIgniter\CodeIgniter->runController(Object(App\Controllers\Factura))
 7 SYSTEMPATH\CodeIgniter.php(354): CodeIgniter\CodeIgniter->handleRequest(null, Object(Config\Cache), false)
 8 SYSTEMPATH\Boot.php(363): CodeIgniter\CodeIgniter->run()
 9 SYSTEMPATH\Boot.php(68): CodeIgniter\Boot::runCodeIgniter(Object(CodeIgniter\CodeIgniter))
10 FCPATH\index.php(59): CodeIgniter\Boot::bootWeb(Object(Config\Paths))
WARNING - 2025-11-28 22:55:11 --> [DEPRECATED] Function utf8_encode() is deprecated in APPPATH\Libraries\cfdi_sat\satxmlsv33.php on line 242.
 1 APPPATH\Libraries\cfdi_sat\satxmlsv33.php(105): GeneraXML->satxmlsv33_cargaAtt(Object(DOMElement), [...])
 2 APPPATH\Libraries\cfdi_sat\satxmlsv33.php(41): GeneraXML->satxmlsv33_receptor([...], '', 'C:\\xampp\\htdocs\\pos\\app\\Libraries/cfdi_sat/', '')
 3 APPPATH\Libraries\cfdi_sat\satxmlsv33.php(27): GeneraXML->satxmlsv33_genera_xml([...], '', 'C:\\xampp\\htdocs\\pos\\app\\Libraries/cfdi_sat/', '')
 4 APPPATH\Controllers\Factura.php(64): GeneraXML->satxmlsv33([...], '', 'C:\\xampp\\htdocs\\pos\\app\\Libraries/cfdi_sat/', '')
 5 SYSTEMPATH\CodeIgniter.php(933): App\Controllers\Factura->facturar('11')
 6 SYSTEMPATH\CodeIgniter.php(507): CodeIgniter\CodeIgniter->runController(Object(App\Controllers\Factura))
 7 SYSTEMPATH\CodeIgniter.php(354): CodeIgniter\CodeIgniter->handleRequest(null, Object(Config\Cache), false)
 8 SYSTEMPATH\Boot.php(363): CodeIgniter\CodeIgniter->run()
 9 SYSTEMPATH\Boot.php(68): CodeIgniter\Boot::runCodeIgniter(Object(CodeIgniter\CodeIgniter))
10 FCPATH\index.php(59): CodeIgniter\Boot::bootWeb(Object(Config\Paths))
WARNING - 2025-11-28 22:55:11 --> [DEPRECATED] Function utf8_encode() is deprecated in APPPATH\Libraries\cfdi_sat\satxmlsv33.php on line 242.
 1 APPPATH\Libraries\cfdi_sat\satxmlsv33.php(123): GeneraXML->satxmlsv33_cargaAtt(Object(DOMElement), [...])
 2 APPPATH\Libraries\cfdi_sat\satxmlsv33.php(42): GeneraXML->satxmlsv33_conceptos([...], '', 'C:\\xampp\\htdocs\\pos\\app\\Libraries/cfdi_sat/', '')
 3 APPPATH\Libraries\cfdi_sat\satxmlsv33.php(27): GeneraXML->satxmlsv33_genera_xml([...], '', 'C:\\xampp\\htdocs\\pos\\app\\Libraries/cfdi_sat/', '')
 4 APPPATH\Controllers\Factura.php(64): GeneraXML->satxmlsv33([...], '', 'C:\\xampp\\htdocs\\pos\\app\\Libraries/cfdi_sat/', '')
 5 SYSTEMPATH\CodeIgniter.php(933): App\Controllers\Factura->facturar('11')
 6 SYSTEMPATH\CodeIgniter.php(507): CodeIgniter\CodeIgniter->runController(Object(App\Controllers\Factura))
 7 SYSTEMPATH\CodeIgniter.php(354): CodeIgniter\CodeIgniter->handleRequest(null, Object(Config\Cache), false)
 8 SYSTEMPATH\Boot.php(363): CodeIgniter\CodeIgniter->run()
 9 SYSTEMPATH\Boot.php(68): CodeIgniter\Boot::runCodeIgniter(Object(CodeIgniter\CodeIgniter))
10 FCPATH\index.php(59): CodeIgniter\Boot::bootWeb(Object(Config\Paths))
WARNING - 2025-11-28 22:55:11 --> [DEPRECATED] Function utf8_encode() is deprecated in APPPATH\Libraries\cfdi_sat\satxmlsv33.php on line 242.
 1 APPPATH\Libraries\cfdi_sat\satxmlsv33.php(123): GeneraXML->satxmlsv33_cargaAtt(Object(DOMElement), [...])
 2 APPPATH\Libraries\cfdi_sat\satxmlsv33.php(42): GeneraXML->satxmlsv33_conceptos([...], '', 'C:\\xampp\\htdocs\\pos\\app\\Libraries/cfdi_sat/', '')
 3 APPPATH\Libraries\cfdi_sat\satxmlsv33.php(27): GeneraXML->satxmlsv33_genera_xml([...], '', 'C:\\xampp\\htdocs\\pos\\app\\Libraries/cfdi_sat/', '')
 4 APPPATH\Controllers\Factura.php(64): GeneraXML->satxmlsv33([...], '', 'C:\\xampp\\htdocs\\pos\\app\\Libraries/cfdi_sat/', '')
 5 SYSTEMPATH\CodeIgniter.php(933): App\Controllers\Factura->facturar('11')
 6 SYSTEMPATH\CodeIgniter.php(507): CodeIgniter\CodeIgniter->runController(Object(App\Controllers\Factura))
 7 SYSTEMPATH\CodeIgniter.php(354): CodeIgniter\CodeIgniter->handleRequest(null, Object(Config\Cache), false)
 8 SYSTEMPATH\Boot.php(363): CodeIgniter\CodeIgniter->run()
 9 SYSTEMPATH\Boot.php(68): CodeIgniter\Boot::runCodeIgniter(Object(CodeIgniter\CodeIgniter))
10 FCPATH\index.php(59): CodeIgniter\Boot::bootWeb(Object(Config\Paths))
WARNING - 2025-11-28 22:55:11 --> [DEPRECATED] Function utf8_encode() is deprecated in APPPATH\Libraries\cfdi_sat\satxmlsv33.php on line 242.
 1 APPPATH\Libraries\cfdi_sat\satxmlsv33.php(123): GeneraXML->satxmlsv33_cargaAtt(Object(DOMElement), [...])
 2 APPPATH\Libraries\cfdi_sat\satxmlsv33.php(42): GeneraXML->satxmlsv33_conceptos([...], '', 'C:\\xampp\\htdocs\\pos\\app\\Libraries/cfdi_sat/', '')
 3 APPPATH\Libraries\cfdi_sat\satxmlsv33.php(27): GeneraXML->satxmlsv33_genera_xml([...], '', 'C:\\xampp\\htdocs\\pos\\app\\Libraries/cfdi_sat/', '')
 4 APPPATH\Controllers\Factura.php(64): GeneraXML->satxmlsv33([...], '', 'C:\\xampp\\htdocs\\pos\\app\\Libraries/cfdi_sat/', '')
 5 SYSTEMPATH\CodeIgniter.php(933): App\Controllers\Factura->facturar('11')
 6 SYSTEMPATH\CodeIgniter.php(507): CodeIgniter\CodeIgniter->runController(Object(App\Controllers\Factura))
 7 SYSTEMPATH\CodeIgniter.php(354): CodeIgniter\CodeIgniter->handleRequest(null, Object(Config\Cache), false)
 8 SYSTEMPATH\Boot.php(363): CodeIgniter\CodeIgniter->run()
 9 SYSTEMPATH\Boot.php(68): CodeIgniter\Boot::runCodeIgniter(Object(CodeIgniter\CodeIgniter))
10 FCPATH\index.php(59): CodeIgniter\Boot::bootWeb(Object(Config\Paths))
WARNING - 2025-11-28 22:55:11 --> [DEPRECATED] Function utf8_encode() is deprecated in APPPATH\Libraries\cfdi_sat\satxmlsv33.php on line 242.
 1 APPPATH\Libraries\cfdi_sat\satxmlsv33.php(123): GeneraXML->satxmlsv33_cargaAtt(Object(DOMElement), [...])
 2 APPPATH\Libraries\cfdi_sat\satxmlsv33.php(42): GeneraXML->satxmlsv33_conceptos([...], '', 'C:\\xampp\\htdocs\\pos\\app\\Libraries/cfdi_sat/', '')
 3 APPPATH\Libraries\cfdi_sat\satxmlsv33.php(27): GeneraXML->satxmlsv33_genera_xml([...], '', 'C:\\xampp\\htdocs\\pos\\app\\Libraries/cfdi_sat/', '')
 4 APPPATH\Controllers\Factura.php(64): GeneraXML->satxmlsv33([...], '', 'C:\\xampp\\htdocs\\pos\\app\\Libraries/cfdi_sat/', '')
 5 SYSTEMPATH\CodeIgniter.php(933): App\Controllers\Factura->facturar('11')
 6 SYSTEMPATH\CodeIgniter.php(507): CodeIgniter\CodeIgniter->runController(Object(App\Controllers\Factura))
 7 SYSTEMPATH\CodeIgniter.php(354): CodeIgniter\CodeIgniter->handleRequest(null, Object(Config\Cache), false)
 8 SYSTEMPATH\Boot.php(363): CodeIgniter\CodeIgniter->run()
 9 SYSTEMPATH\Boot.php(68): CodeIgniter\Boot::runCodeIgniter(Object(CodeIgniter\CodeIgniter))
10 FCPATH\index.php(59): CodeIgniter\Boot::bootWeb(Object(Config\Paths))
WARNING - 2025-11-28 22:55:11 --> [DEPRECATED] Function utf8_encode() is deprecated in APPPATH\Libraries\cfdi_sat\satxmlsv33.php on line 242.
 1 APPPATH\Libraries\cfdi_sat\satxmlsv33.php(123): GeneraXML->satxmlsv33_cargaAtt(Object(DOMElement), [...])
 2 APPPATH\Libraries\cfdi_sat\satxmlsv33.php(42): GeneraXML->satxmlsv33_conceptos([...], '', 'C:\\xampp\\htdocs\\pos\\app\\Libraries/cfdi_sat/', '')
 3 APPPATH\Libraries\cfdi_sat\satxmlsv33.php(27): GeneraXML->satxmlsv33_genera_xml([...], '', 'C:\\xampp\\htdocs\\pos\\app\\Libraries/cfdi_sat/', '')
 4 APPPATH\Controllers\Factura.php(64): GeneraXML->satxmlsv33([...], '', 'C:\\xampp\\htdocs\\pos\\app\\Libraries/cfdi_sat/', '')
 5 SYSTEMPATH\CodeIgniter.php(933): App\Controllers\Factura->facturar('11')
 6 SYSTEMPATH\CodeIgniter.php(507): CodeIgniter\CodeIgniter->runController(Object(App\Controllers\Factura))
 7 SYSTEMPATH\CodeIgniter.php(354): CodeIgniter\CodeIgniter->handleRequest(null, Object(Config\Cache), false)
 8 SYSTEMPATH\Boot.php(363): CodeIgniter\CodeIgniter->run()
 9 SYSTEMPATH\Boot.php(68): CodeIgniter\Boot::runCodeIgniter(Object(CodeIgniter\CodeIgniter))
10 FCPATH\index.php(59): CodeIgniter\Boot::bootWeb(Object(Config\Paths))
WARNING - 2025-11-28 22:55:11 --> [DEPRECATED] Function utf8_encode() is deprecated in APPPATH\Libraries\cfdi_sat\satxmlsv33.php on line 242.
 1 APPPATH\Libraries\cfdi_sat\satxmlsv33.php(123): GeneraXML->satxmlsv33_cargaAtt(Object(DOMElement), [...])
 2 APPPATH\Libraries\cfdi_sat\satxmlsv33.php(42): GeneraXML->satxmlsv33_conceptos([...], '', 'C:\\xampp\\htdocs\\pos\\app\\Libraries/cfdi_sat/', '')
 3 APPPATH\Libraries\cfdi_sat\satxmlsv33.php(27): GeneraXML->satxmlsv33_genera_xml([...], '', 'C:\\xampp\\htdocs\\pos\\app\\Libraries/cfdi_sat/', '')
 4 APPPATH\Controllers\Factura.php(64): GeneraXML->satxmlsv33([...], '', 'C:\\xampp\\htdocs\\pos\\app\\Libraries/cfdi_sat/', '')
 5 SYSTEMPATH\CodeIgniter.php(933): App\Controllers\Factura->facturar('11')
 6 SYSTEMPATH\CodeIgniter.php(507): CodeIgniter\CodeIgniter->runController(Object(App\Controllers\Factura))
 7 SYSTEMPATH\CodeIgniter.php(354): CodeIgniter\CodeIgniter->handleRequest(null, Object(Config\Cache), false)
 8 SYSTEMPATH\Boot.php(363): CodeIgniter\CodeIgniter->run()
 9 SYSTEMPATH\Boot.php(68): CodeIgniter\Boot::runCodeIgniter(Object(CodeIgniter\CodeIgniter))
10 FCPATH\index.php(59): CodeIgniter\Boot::bootWeb(Object(Config\Paths))
WARNING - 2025-11-28 22:55:11 --> [DEPRECATED] Function utf8_encode() is deprecated in APPPATH\Libraries\cfdi_sat\satxmlsv33.php on line 242.
 1 APPPATH\Libraries\cfdi_sat\satxmlsv33.php(123): GeneraXML->satxmlsv33_cargaAtt(Object(DOMElement), [...])
 2 APPPATH\Libraries\cfdi_sat\satxmlsv33.php(42): GeneraXML->satxmlsv33_conceptos([...], '', 'C:\\xampp\\htdocs\\pos\\app\\Libraries/cfdi_sat/', '')
 3 APPPATH\Libraries\cfdi_sat\satxmlsv33.php(27): GeneraXML->satxmlsv33_genera_xml([...], '', 'C:\\xampp\\htdocs\\pos\\app\\Libraries/cfdi_sat/', '')
 4 APPPATH\Controllers\Factura.php(64): GeneraXML->satxmlsv33([...], '', 'C:\\xampp\\htdocs\\pos\\app\\Libraries/cfdi_sat/', '')
 5 SYSTEMPATH\CodeIgniter.php(933): App\Controllers\Factura->facturar('11')
 6 SYSTEMPATH\CodeIgniter.php(507): CodeIgniter\CodeIgniter->runController(Object(App\Controllers\Factura))
 7 SYSTEMPATH\CodeIgniter.php(354): CodeIgniter\CodeIgniter->handleRequest(null, Object(Config\Cache), false)
 8 SYSTEMPATH\Boot.php(363): CodeIgniter\CodeIgniter->run()
 9 SYSTEMPATH\Boot.php(68): CodeIgniter\Boot::runCodeIgniter(Object(CodeIgniter\CodeIgniter))
10 FCPATH\index.php(59): CodeIgniter\Boot::bootWeb(Object(Config\Paths))
WARNING - 2025-11-28 22:55:11 --> [DEPRECATED] Function utf8_encode() is deprecated in APPPATH\Libraries\cfdi_sat\satxmlsv33.php on line 242.
 1 APPPATH\Libraries\cfdi_sat\satxmlsv33.php(123): GeneraXML->satxmlsv33_cargaAtt(Object(DOMElement), [...])
 2 APPPATH\Libraries\cfdi_sat\satxmlsv33.php(42): GeneraXML->satxmlsv33_conceptos([...], '', 'C:\\xampp\\htdocs\\pos\\app\\Libraries/cfdi_sat/', '')
 3 APPPATH\Libraries\cfdi_sat\satxmlsv33.php(27): GeneraXML->satxmlsv33_genera_xml([...], '', 'C:\\xampp\\htdocs\\pos\\app\\Libraries/cfdi_sat/', '')
 4 APPPATH\Controllers\Factura.php(64): GeneraXML->satxmlsv33([...], '', 'C:\\xampp\\htdocs\\pos\\app\\Libraries/cfdi_sat/', '')
 5 SYSTEMPATH\CodeIgniter.php(933): App\Controllers\Factura->facturar('11')
 6 SYSTEMPATH\CodeIgniter.php(507): CodeIgniter\CodeIgniter->runController(Object(App\Controllers\Factura))
 7 SYSTEMPATH\CodeIgniter.php(354): CodeIgniter\CodeIgniter->handleRequest(null, Object(Config\Cache), false)
 8 SYSTEMPATH\Boot.php(363): CodeIgniter\CodeIgniter->run()
 9 SYSTEMPATH\Boot.php(68): CodeIgniter\Boot::runCodeIgniter(Object(CodeIgniter\CodeIgniter))
10 FCPATH\index.php(59): CodeIgniter\Boot::bootWeb(Object(Config\Paths))
WARNING - 2025-11-28 22:55:11 --> [DEPRECATED] Function utf8_encode() is deprecated in APPPATH\Libraries\cfdi_sat\satxmlsv33.php on line 242.
 1 APPPATH\Libraries\cfdi_sat\satxmlsv33.php(123): GeneraXML->satxmlsv33_cargaAtt(Object(DOMElement), [...])
 2 APPPATH\Libraries\cfdi_sat\satxmlsv33.php(42): GeneraXML->satxmlsv33_conceptos([...], '', 'C:\\xampp\\htdocs\\pos\\app\\Libraries/cfdi_sat/', '')
 3 APPPATH\Libraries\cfdi_sat\satxmlsv33.php(27): GeneraXML->satxmlsv33_genera_xml([...], '', 'C:\\xampp\\htdocs\\pos\\app\\Libraries/cfdi_sat/', '')
 4 APPPATH\Controllers\Factura.php(64): GeneraXML->satxmlsv33([...], '', 'C:\\xampp\\htdocs\\pos\\app\\Libraries/cfdi_sat/', '')
 5 SYSTEMPATH\CodeIgniter.php(933): App\Controllers\Factura->facturar('11')
 6 SYSTEMPATH\CodeIgniter.php(507): CodeIgniter\CodeIgniter->runController(Object(App\Controllers\Factura))
 7 SYSTEMPATH\CodeIgniter.php(354): CodeIgniter\CodeIgniter->handleRequest(null, Object(Config\Cache), false)
 8 SYSTEMPATH\Boot.php(363): CodeIgniter\CodeIgniter->run()
 9 SYSTEMPATH\Boot.php(68): CodeIgniter\Boot::runCodeIgniter(Object(CodeIgniter\CodeIgniter))
10 FCPATH\index.php(59): CodeIgniter\Boot::bootWeb(Object(Config\Paths))
WARNING - 2025-11-28 22:55:11 --> [DEPRECATED] Function utf8_encode() is deprecated in APPPATH\Libraries\cfdi_sat\satxmlsv33.php on line 242.
 1 APPPATH\Libraries\cfdi_sat\satxmlsv33.php(144): GeneraXML->satxmlsv33_cargaAtt(Object(DOMElement), [...])
 2 APPPATH\Libraries\cfdi_sat\satxmlsv33.php(42): GeneraXML->satxmlsv33_conceptos([...], '', 'C:\\xampp\\htdocs\\pos\\app\\Libraries/cfdi_sat/', '')
 3 APPPATH\Libraries\cfdi_sat\satxmlsv33.php(27): GeneraXML->satxmlsv33_genera_xml([...], '', 'C:\\xampp\\htdocs\\pos\\app\\Libraries/cfdi_sat/', '')
 4 APPPATH\Controllers\Factura.php(64): GeneraXML->satxmlsv33([...], '', 'C:\\xampp\\htdocs\\pos\\app\\Libraries/cfdi_sat/', '')
 5 SYSTEMPATH\CodeIgniter.php(933): App\Controllers\Factura->facturar('11')
 6 SYSTEMPATH\CodeIgniter.php(507): CodeIgniter\CodeIgniter->runController(Object(App\Controllers\Factura))
 7 SYSTEMPATH\CodeIgniter.php(354): CodeIgniter\CodeIgniter->handleRequest(null, Object(Config\Cache), false)
 8 SYSTEMPATH\Boot.php(363): CodeIgniter\CodeIgniter->run()
 9 SYSTEMPATH\Boot.php(68): CodeIgniter\Boot::runCodeIgniter(Object(CodeIgniter\CodeIgniter))
10 FCPATH\index.php(59): CodeIgniter\Boot::bootWeb(Object(Config\Paths))
WARNING - 2025-11-28 22:55:11 --> [DEPRECATED] Function utf8_encode() is deprecated in APPPATH\Libraries\cfdi_sat\satxmlsv33.php on line 242.
 1 APPPATH\Libraries\cfdi_sat\satxmlsv33.php(144): GeneraXML->satxmlsv33_cargaAtt(Object(DOMElement), [...])
 2 APPPATH\Libraries\cfdi_sat\satxmlsv33.php(42): GeneraXML->satxmlsv33_conceptos([...], '', 'C:\\xampp\\htdocs\\pos\\app\\Libraries/cfdi_sat/', '')
 3 APPPATH\Libraries\cfdi_sat\satxmlsv33.php(27): GeneraXML->satxmlsv33_genera_xml([...], '', 'C:\\xampp\\htdocs\\pos\\app\\Libraries/cfdi_sat/', '')
 4 APPPATH\Controllers\Factura.php(64): GeneraXML->satxmlsv33([...], '', 'C:\\xampp\\htdocs\\pos\\app\\Libraries/cfdi_sat/', '')
 5 SYSTEMPATH\CodeIgniter.php(933): App\Controllers\Factura->facturar('11')
 6 SYSTEMPATH\CodeIgniter.php(507): CodeIgniter\CodeIgniter->runController(Object(App\Controllers\Factura))
 7 SYSTEMPATH\CodeIgniter.php(354): CodeIgniter\CodeIgniter->handleRequest(null, Object(Config\Cache), false)
 8 SYSTEMPATH\Boot.php(363): CodeIgniter\CodeIgniter->run()
 9 SYSTEMPATH\Boot.php(68): CodeIgniter\Boot::runCodeIgniter(Object(CodeIgniter\CodeIgniter))
10 FCPATH\index.php(59): CodeIgniter\Boot::bootWeb(Object(Config\Paths))
WARNING - 2025-11-28 22:55:11 --> [DEPRECATED] Function utf8_encode() is deprecated in APPPATH\Libraries\cfdi_sat\satxmlsv33.php on line 242.
 1 APPPATH\Libraries\cfdi_sat\satxmlsv33.php(144): GeneraXML->satxmlsv33_cargaAtt(Object(DOMElement), [...])
 2 APPPATH\Libraries\cfdi_sat\satxmlsv33.php(42): GeneraXML->satxmlsv33_conceptos([...], '', 'C:\\xampp\\htdocs\\pos\\app\\Libraries/cfdi_sat/', '')
 3 APPPATH\Libraries\cfdi_sat\satxmlsv33.php(27): GeneraXML->satxmlsv33_genera_xml([...], '', 'C:\\xampp\\htdocs\\pos\\app\\Libraries/cfdi_sat/', '')
 4 APPPATH\Controllers\Factura.php(64): GeneraXML->satxmlsv33([...], '', 'C:\\xampp\\htdocs\\pos\\app\\Libraries/cfdi_sat/', '')
 5 SYSTEMPATH\CodeIgniter.php(933): App\Controllers\Factura->facturar('11')
 6 SYSTEMPATH\CodeIgniter.php(507): CodeIgniter\CodeIgniter->runController(Object(App\Controllers\Factura))
 7 SYSTEMPATH\CodeIgniter.php(354): CodeIgniter\CodeIgniter->handleRequest(null, Object(Config\Cache), false)
 8 SYSTEMPATH\Boot.php(363): CodeIgniter\CodeIgniter->run()
 9 SYSTEMPATH\Boot.php(68): CodeIgniter\Boot::runCodeIgniter(Object(CodeIgniter\CodeIgniter))
10 FCPATH\index.php(59): CodeIgniter\Boot::bootWeb(Object(Config\Paths))
WARNING - 2025-11-28 22:55:11 --> [DEPRECATED] Function utf8_encode() is deprecated in APPPATH\Libraries\cfdi_sat\satxmlsv33.php on line 242.
 1 APPPATH\Libraries\cfdi_sat\satxmlsv33.php(144): GeneraXML->satxmlsv33_cargaAtt(Object(DOMElement), [...])
 2 APPPATH\Libraries\cfdi_sat\satxmlsv33.php(42): GeneraXML->satxmlsv33_conceptos([...], '', 'C:\\xampp\\htdocs\\pos\\app\\Libraries/cfdi_sat/', '')
 3 APPPATH\Libraries\cfdi_sat\satxmlsv33.php(27): GeneraXML->satxmlsv33_genera_xml([...], '', 'C:\\xampp\\htdocs\\pos\\app\\Libraries/cfdi_sat/', '')
 4 APPPATH\Controllers\Factura.php(64): GeneraXML->satxmlsv33([...], '', 'C:\\xampp\\htdocs\\pos\\app\\Libraries/cfdi_sat/', '')
 5 SYSTEMPATH\CodeIgniter.php(933): App\Controllers\Factura->facturar('11')
 6 SYSTEMPATH\CodeIgniter.php(507): CodeIgniter\CodeIgniter->runController(Object(App\Controllers\Factura))
 7 SYSTEMPATH\CodeIgniter.php(354): CodeIgniter\CodeIgniter->handleRequest(null, Object(Config\Cache), false)
 8 SYSTEMPATH\Boot.php(363): CodeIgniter\CodeIgniter->run()
 9 SYSTEMPATH\Boot.php(68): CodeIgniter\Boot::runCodeIgniter(Object(CodeIgniter\CodeIgniter))
10 FCPATH\index.php(59): CodeIgniter\Boot::bootWeb(Object(Config\Paths))
WARNING - 2025-11-28 22:55:11 --> [DEPRECATED] Function utf8_encode() is deprecated in APPPATH\Libraries\cfdi_sat\satxmlsv33.php on line 242.
 1 APPPATH\Libraries\cfdi_sat\satxmlsv33.php(144): GeneraXML->satxmlsv33_cargaAtt(Object(DOMElement), [...])
 2 APPPATH\Libraries\cfdi_sat\satxmlsv33.php(42): GeneraXML->satxmlsv33_conceptos([...], '', 'C:\\xampp\\htdocs\\pos\\app\\Libraries/cfdi_sat/', '')
 3 APPPATH\Libraries\cfdi_sat\satxmlsv33.php(27): GeneraXML->satxmlsv33_genera_xml([...], '', 'C:\\xampp\\htdocs\\pos\\app\\Libraries/cfdi_sat/', '')
 4 APPPATH\Controllers\Factura.php(64): GeneraXML->satxmlsv33([...], '', 'C:\\xampp\\htdocs\\pos\\app\\Libraries/cfdi_sat/', '')
 5 SYSTEMPATH\CodeIgniter.php(933): App\Controllers\Factura->facturar('11')
 6 SYSTEMPATH\CodeIgniter.php(507): CodeIgniter\CodeIgniter->runController(Object(App\Controllers\Factura))
 7 SYSTEMPATH\CodeIgniter.php(354): CodeIgniter\CodeIgniter->handleRequest(null, Object(Config\Cache), false)
 8 SYSTEMPATH\Boot.php(363): CodeIgniter\CodeIgniter->run()
 9 SYSTEMPATH\Boot.php(68): CodeIgniter\Boot::runCodeIgniter(Object(CodeIgniter\CodeIgniter))
10 FCPATH\index.php(59): CodeIgniter\Boot::bootWeb(Object(Config\Paths))
WARNING - 2025-11-28 22:55:11 --> [DEPRECATED] Function utf8_encode() is deprecated in APPPATH\Libraries\cfdi_sat\satxmlsv33.php on line 242.
 1 APPPATH\Libraries\cfdi_sat\satxmlsv33.php(165): GeneraXML->satxmlsv33_cargaAtt(Object(DOMElement), [...])
 2 APPPATH\Libraries\cfdi_sat\satxmlsv33.php(43): GeneraXML->satxmlsv33_impuestos([...], '', 'C:\\xampp\\htdocs\\pos\\app\\Libraries/cfdi_sat/', '')
 3 APPPATH\Libraries\cfdi_sat\satxmlsv33.php(27): GeneraXML->satxmlsv33_genera_xml([...], '', 'C:\\xampp\\htdocs\\pos\\app\\Libraries/cfdi_sat/', '')
 4 APPPATH\Controllers\Factura.php(64): GeneraXML->satxmlsv33([...], '', 'C:\\xampp\\htdocs\\pos\\app\\Libraries/cfdi_sat/', '')
 5 SYSTEMPATH\CodeIgniter.php(933): App\Controllers\Factura->facturar('11')
 6 SYSTEMPATH\CodeIgniter.php(507): CodeIgniter\CodeIgniter->runController(Object(App\Controllers\Factura))
 7 SYSTEMPATH\CodeIgniter.php(354): CodeIgniter\CodeIgniter->handleRequest(null, Object(Config\Cache), false)
 8 SYSTEMPATH\Boot.php(363): CodeIgniter\CodeIgniter->run()
 9 SYSTEMPATH\Boot.php(68): CodeIgniter\Boot::runCodeIgniter(Object(CodeIgniter\CodeIgniter))
10 FCPATH\index.php(59): CodeIgniter\Boot::bootWeb(Object(Config\Paths))
WARNING - 2025-11-28 22:55:11 --> [DEPRECATED] Function utf8_encode() is deprecated in APPPATH\Libraries\cfdi_sat\satxmlsv33.php on line 242.
 1 APPPATH\Libraries\cfdi_sat\satxmlsv33.php(165): GeneraXML->satxmlsv33_cargaAtt(Object(DOMElement), [...])
 2 APPPATH\Libraries\cfdi_sat\satxmlsv33.php(43): GeneraXML->satxmlsv33_impuestos([...], '', 'C:\\xampp\\htdocs\\pos\\app\\Libraries/cfdi_sat/', '')
 3 APPPATH\Libraries\cfdi_sat\satxmlsv33.php(27): GeneraXML->satxmlsv33_genera_xml([...], '', 'C:\\xampp\\htdocs\\pos\\app\\Libraries/cfdi_sat/', '')
 4 APPPATH\Controllers\Factura.php(64): GeneraXML->satxmlsv33([...], '', 'C:\\xampp\\htdocs\\pos\\app\\Libraries/cfdi_sat/', '')
 5 SYSTEMPATH\CodeIgniter.php(933): App\Controllers\Factura->facturar('11')
 6 SYSTEMPATH\CodeIgniter.php(507): CodeIgniter\CodeIgniter->runController(Object(App\Controllers\Factura))
 7 SYSTEMPATH\CodeIgniter.php(354): CodeIgniter\CodeIgniter->handleRequest(null, Object(Config\Cache), false)
 8 SYSTEMPATH\Boot.php(363): CodeIgniter\CodeIgniter->run()
 9 SYSTEMPATH\Boot.php(68): CodeIgniter\Boot::runCodeIgniter(Object(CodeIgniter\CodeIgniter))
10 FCPATH\index.php(59): CodeIgniter\Boot::bootWeb(Object(Config\Paths))
WARNING - 2025-11-28 22:55:12 --> [DEPRECATED] Function utf8_encode() is deprecated in APPPATH\Libraries\cfdi_sat\satxmlsv33.php on line 242.
 1 APPPATH\Libraries\cfdi_sat\satxmlsv33.php(165): GeneraXML->satxmlsv33_cargaAtt(Object(DOMElement), [...])
 2 APPPATH\Libraries\cfdi_sat\satxmlsv33.php(43): GeneraXML->satxmlsv33_impuestos([...], '', 'C:\\xampp\\htdocs\\pos\\app\\Libraries/cfdi_sat/', '')
 3 APPPATH\Libraries\cfdi_sat\satxmlsv33.php(27): GeneraXML->satxmlsv33_genera_xml([...], '', 'C:\\xampp\\htdocs\\pos\\app\\Libraries/cfdi_sat/', '')
 4 APPPATH\Controllers\Factura.php(64): GeneraXML->satxmlsv33([...], '', 'C:\\xampp\\htdocs\\pos\\app\\Libraries/cfdi_sat/', '')
 5 SYSTEMPATH\CodeIgniter.php(933): App\Controllers\Factura->facturar('11')
 6 SYSTEMPATH\CodeIgniter.php(507): CodeIgniter\CodeIgniter->runController(Object(App\Controllers\Factura))
 7 SYSTEMPATH\CodeIgniter.php(354): CodeIgniter\CodeIgniter->handleRequest(null, Object(Config\Cache), false)
 8 SYSTEMPATH\Boot.php(363): CodeIgniter\CodeIgniter->run()
 9 SYSTEMPATH\Boot.php(68): CodeIgniter\Boot::runCodeIgniter(Object(CodeIgniter\CodeIgniter))
10 FCPATH\index.php(59): CodeIgniter\Boot::bootWeb(Object(Config\Paths))
WARNING - 2025-11-28 22:55:12 --> [DEPRECATED] Function utf8_encode() is deprecated in APPPATH\Libraries\cfdi_sat\satxmlsv33.php on line 242.
 1 APPPATH\Libraries\cfdi_sat\satxmlsv33.php(165): GeneraXML->satxmlsv33_cargaAtt(Object(DOMElement), [...])
 2 APPPATH\Libraries\cfdi_sat\satxmlsv33.php(43): GeneraXML->satxmlsv33_impuestos([...], '', 'C:\\xampp\\htdocs\\pos\\app\\Libraries/cfdi_sat/', '')
 3 APPPATH\Libraries\cfdi_sat\satxmlsv33.php(27): GeneraXML->satxmlsv33_genera_xml([...], '', 'C:\\xampp\\htdocs\\pos\\app\\Libraries/cfdi_sat/', '')
 4 APPPATH\Controllers\Factura.php(64): GeneraXML->satxmlsv33([...], '', 'C:\\xampp\\htdocs\\pos\\app\\Libraries/cfdi_sat/', '')
 5 SYSTEMPATH\CodeIgniter.php(933): App\Controllers\Factura->facturar('11')
 6 SYSTEMPATH\CodeIgniter.php(507): CodeIgniter\CodeIgniter->runController(Object(App\Controllers\Factura))
 7 SYSTEMPATH\CodeIgniter.php(354): CodeIgniter\CodeIgniter->handleRequest(null, Object(Config\Cache), false)
 8 SYSTEMPATH\Boot.php(363): CodeIgniter\CodeIgniter->run()
 9 SYSTEMPATH\Boot.php(68): CodeIgniter\Boot::runCodeIgniter(Object(CodeIgniter\CodeIgniter))
10 FCPATH\index.php(59): CodeIgniter\Boot::bootWeb(Object(Config\Paths))
WARNING - 2025-11-28 22:55:32 --> [DEPRECATED] Function openssl_free_key() is deprecated in APPPATH\Libraries\cfdi_sat\satxmlsv33.php on line 199.
 1 APPPATH\Libraries\cfdi_sat\satxmlsv33.php(29): GeneraXML->satxmlsv33_sella([...], 'C:\\xampp\\htdocs\\pos\\app\\Libraries/cfdi_sat/')
 2 APPPATH\Controllers\Factura.php(64): GeneraXML->satxmlsv33([...], '', 'C:\\xampp\\htdocs\\pos\\app\\Libraries/cfdi_sat/', '')
 3 SYSTEMPATH\CodeIgniter.php(933): App\Controllers\Factura->facturar('11')
 4 SYSTEMPATH\CodeIgniter.php(507): CodeIgniter\CodeIgniter->runController(Object(App\Controllers\Factura))
 5 SYSTEMPATH\CodeIgniter.php(354): CodeIgniter\CodeIgniter->handleRequest(null, Object(Config\Cache), false)
 6 SYSTEMPATH\Boot.php(363): CodeIgniter\CodeIgniter->run()
 7 SYSTEMPATH\Boot.php(68): CodeIgniter\Boot::runCodeIgniter(Object(CodeIgniter\CodeIgniter))
 8 FCPATH\index.php(59): CodeIgniter\Boot::bootWeb(Object(Config\Paths))
WARNING - 2025-11-28 22:55:33 --> [DEPRECATED] base64_decode(): Passing null to parameter #1 ($string) of type string is deprecated in APPPATH\Controllers\Factura.php on line 71.
 1 APPPATH\Controllers\Factura.php(71): base64_decode(null)
 2 SYSTEMPATH\CodeIgniter.php(933): App\Controllers\Factura->facturar('11')
 3 SYSTEMPATH\CodeIgniter.php(507): CodeIgniter\CodeIgniter->runController(Object(App\Controllers\Factura))
 4 SYSTEMPATH\CodeIgniter.php(354): CodeIgniter\CodeIgniter->handleRequest(null, Object(Config\Cache), false)
 5 SYSTEMPATH\Boot.php(363): CodeIgniter\CodeIgniter->run()
 6 SYSTEMPATH\Boot.php(68): CodeIgniter\Boot::runCodeIgniter(Object(CodeIgniter\CodeIgniter))
 7 FCPATH\index.php(59): CodeIgniter\Boot::bootWeb(Object(Config\Paths))
WARNING - 2025-11-28 23:02:16 --> [DEPRECATED] Function utf8_encode() is deprecated in APPPATH\Libraries\cfdi_sat\satxmlsv33.php on line 242.
 1 APPPATH\Libraries\cfdi_sat\satxmlsv33.php(57): GeneraXML->satxmlsv33_cargaAtt(Object(DOMElement), [...])
 2 APPPATH\Libraries\cfdi_sat\satxmlsv33.php(39): GeneraXML->satxmlsv33_generales([...], '', 'C:\\xampp\\htdocs\\pos\\app\\Libraries/cfdi_sat/', '')
 3 APPPATH\Libraries\cfdi_sat\satxmlsv33.php(27): GeneraXML->satxmlsv33_genera_xml([...], '', 'C:\\xampp\\htdocs\\pos\\app\\Libraries/cfdi_sat/', '')
 4 APPPATH\Controllers\Factura.php(64): GeneraXML->satxmlsv33([...], '', 'C:\\xampp\\htdocs\\pos\\app\\Libraries/cfdi_sat/', '')
 5 SYSTEMPATH\CodeIgniter.php(933): App\Controllers\Factura->facturar('3')
 6 SYSTEMPATH\CodeIgniter.php(507): CodeIgniter\CodeIgniter->runController(Object(App\Controllers\Factura))
 7 SYSTEMPATH\CodeIgniter.php(354): CodeIgniter\CodeIgniter->handleRequest(null, Object(Config\Cache), false)
 8 SYSTEMPATH\Boot.php(363): CodeIgniter\CodeIgniter->run()
 9 SYSTEMPATH\Boot.php(68): CodeIgniter\Boot::runCodeIgniter(Object(CodeIgniter\CodeIgniter))
10 FCPATH\index.php(59): CodeIgniter\Boot::bootWeb(Object(Config\Paths))
WARNING - 2025-11-28 23:02:16 --> [DEPRECATED] Function utf8_encode() is deprecated in APPPATH\Libraries\cfdi_sat\satxmlsv33.php on line 242.
 1 APPPATH\Libraries\cfdi_sat\satxmlsv33.php(57): GeneraXML->satxmlsv33_cargaAtt(Object(DOMElement), [...])
 2 APPPATH\Libraries\cfdi_sat\satxmlsv33.php(39): GeneraXML->satxmlsv33_generales([...], '', 'C:\\xampp\\htdocs\\pos\\app\\Libraries/cfdi_sat/', '')
 3 APPPATH\Libraries\cfdi_sat\satxmlsv33.php(27): GeneraXML->satxmlsv33_genera_xml([...], '', 'C:\\xampp\\htdocs\\pos\\app\\Libraries/cfdi_sat/', '')
 4 APPPATH\Controllers\Factura.php(64): GeneraXML->satxmlsv33([...], '', 'C:\\xampp\\htdocs\\pos\\app\\Libraries/cfdi_sat/', '')
 5 SYSTEMPATH\CodeIgniter.php(933): App\Controllers\Factura->facturar('3')
 6 SYSTEMPATH\CodeIgniter.php(507): CodeIgniter\CodeIgniter->runController(Object(App\Controllers\Factura))
 7 SYSTEMPATH\CodeIgniter.php(354): CodeIgniter\CodeIgniter->handleRequest(null, Object(Config\Cache), false)
 8 SYSTEMPATH\Boot.php(363): CodeIgniter\CodeIgniter->run()
 9 SYSTEMPATH\Boot.php(68): CodeIgniter\Boot::runCodeIgniter(Object(CodeIgniter\CodeIgniter))
10 FCPATH\index.php(59): CodeIgniter\Boot::bootWeb(Object(Config\Paths))
WARNING - 2025-11-28 23:02:16 --> [DEPRECATED] Function utf8_encode() is deprecated in APPPATH\Libraries\cfdi_sat\satxmlsv33.php on line 242.
 1 APPPATH\Libraries\cfdi_sat\satxmlsv33.php(57): GeneraXML->satxmlsv33_cargaAtt(Object(DOMElement), [...])
 2 APPPATH\Libraries\cfdi_sat\satxmlsv33.php(39): GeneraXML->satxmlsv33_generales([...], '', 'C:\\xampp\\htdocs\\pos\\app\\Libraries/cfdi_sat/', '')
 3 APPPATH\Libraries\cfdi_sat\satxmlsv33.php(27): GeneraXML->satxmlsv33_genera_xml([...], '', 'C:\\xampp\\htdocs\\pos\\app\\Libraries/cfdi_sat/', '')
 4 APPPATH\Controllers\Factura.php(64): GeneraXML->satxmlsv33([...], '', 'C:\\xampp\\htdocs\\pos\\app\\Libraries/cfdi_sat/', '')
 5 SYSTEMPATH\CodeIgniter.php(933): App\Controllers\Factura->facturar('3')
 6 SYSTEMPATH\CodeIgniter.php(507): CodeIgniter\CodeIgniter->runController(Object(App\Controllers\Factura))
 7 SYSTEMPATH\CodeIgniter.php(354): CodeIgniter\CodeIgniter->handleRequest(null, Object(Config\Cache), false)
 8 SYSTEMPATH\Boot.php(363): CodeIgniter\CodeIgniter->run()
 9 SYSTEMPATH\Boot.php(68): CodeIgniter\Boot::runCodeIgniter(Object(CodeIgniter\CodeIgniter))
10 FCPATH\index.php(59): CodeIgniter\Boot::bootWeb(Object(Config\Paths))
WARNING - 2025-11-28 23:02:16 --> [DEPRECATED] substr(): Passing null to parameter #1 ($string) of type string is deprecated in APPPATH\Libraries\cfdi_sat\satxmlsv33.php on line 250.
 1 APPPATH\Libraries\cfdi_sat\satxmlsv33.php(250): substr(null, 0, 4)
 2 APPPATH\Libraries\cfdi_sat\satxmlsv33.php(82): GeneraXML->satxmlsv33_xml_fech(null)
 3 APPPATH\Libraries\cfdi_sat\satxmlsv33.php(39): GeneraXML->satxmlsv33_generales([...], '', 'C:\\xampp\\htdocs\\pos\\app\\Libraries/cfdi_sat/', '')
 4 APPPATH\Libraries\cfdi_sat\satxmlsv33.php(27): GeneraXML->satxmlsv33_genera_xml([...], '', 'C:\\xampp\\htdocs\\pos\\app\\Libraries/cfdi_sat/', '')
 5 APPPATH\Controllers\Factura.php(64): GeneraXML->satxmlsv33([...], '', 'C:\\xampp\\htdocs\\pos\\app\\Libraries/cfdi_sat/', '')
 6 SYSTEMPATH\CodeIgniter.php(933): App\Controllers\Factura->facturar('3')
 7 SYSTEMPATH\CodeIgniter.php(507): CodeIgniter\CodeIgniter->runController(Object(App\Controllers\Factura))
 8 SYSTEMPATH\CodeIgniter.php(354): CodeIgniter\CodeIgniter->handleRequest(null, Object(Config\Cache), false)
 9 SYSTEMPATH\Boot.php(363): CodeIgniter\CodeIgniter->run()
10 SYSTEMPATH\Boot.php(68): CodeIgniter\Boot::runCodeIgniter(Object(CodeIgniter\CodeIgniter))
11 FCPATH\index.php(59): CodeIgniter\Boot::bootWeb(Object(Config\Paths))
WARNING - 2025-11-28 23:02:16 --> [DEPRECATED] substr(): Passing null to parameter #1 ($string) of type string is deprecated in APPPATH\Libraries\cfdi_sat\satxmlsv33.php on line 251.
 1 APPPATH\Libraries\cfdi_sat\satxmlsv33.php(251): substr(null, 4, 2)
 2 APPPATH\Libraries\cfdi_sat\satxmlsv33.php(82): GeneraXML->satxmlsv33_xml_fech(null)
 3 APPPATH\Libraries\cfdi_sat\satxmlsv33.php(39): GeneraXML->satxmlsv33_generales([...], '', 'C:\\xampp\\htdocs\\pos\\app\\Libraries/cfdi_sat/', '')
 4 APPPATH\Libraries\cfdi_sat\satxmlsv33.php(27): GeneraXML->satxmlsv33_genera_xml([...], '', 'C:\\xampp\\htdocs\\pos\\app\\Libraries/cfdi_sat/', '')
 5 APPPATH\Controllers\Factura.php(64): GeneraXML->satxmlsv33([...], '', 'C:\\xampp\\htdocs\\pos\\app\\Libraries/cfdi_sat/', '')
 6 SYSTEMPATH\CodeIgniter.php(933): App\Controllers\Factura->facturar('3')
 7 SYSTEMPATH\CodeIgniter.php(507): CodeIgniter\CodeIgniter->runController(Object(App\Controllers\Factura))
 8 SYSTEMPATH\CodeIgniter.php(354): CodeIgniter\CodeIgniter->handleRequest(null, Object(Config\Cache), false)
 9 SYSTEMPATH\Boot.php(363): CodeIgniter\CodeIgniter->run()
10 SYSTEMPATH\Boot.php(68): CodeIgniter\Boot::runCodeIgniter(Object(CodeIgniter\CodeIgniter))
11 FCPATH\index.php(59): CodeIgniter\Boot::bootWeb(Object(Config\Paths))
WARNING - 2025-11-28 23:02:16 --> [DEPRECATED] substr(): Passing null to parameter #1 ($string) of type string is deprecated in APPPATH\Libraries\cfdi_sat\satxmlsv33.php on line 252.
 1 APPPATH\Libraries\cfdi_sat\satxmlsv33.php(252): substr(null, 6, 2)
 2 APPPATH\Libraries\cfdi_sat\satxmlsv33.php(82): GeneraXML->satxmlsv33_xml_fech(null)
 3 APPPATH\Libraries\cfdi_sat\satxmlsv33.php(39): GeneraXML->satxmlsv33_generales([...], '', 'C:\\xampp\\htdocs\\pos\\app\\Libraries/cfdi_sat/', '')
 4 APPPATH\Libraries\cfdi_sat\satxmlsv33.php(27): GeneraXML->satxmlsv33_genera_xml([...], '', 'C:\\xampp\\htdocs\\pos\\app\\Libraries/cfdi_sat/', '')
 5 APPPATH\Controllers\Factura.php(64): GeneraXML->satxmlsv33([...], '', 'C:\\xampp\\htdocs\\pos\\app\\Libraries/cfdi_sat/', '')
 6 SYSTEMPATH\CodeIgniter.php(933): App\Controllers\Factura->facturar('3')
 7 SYSTEMPATH\CodeIgniter.php(507): CodeIgniter\CodeIgniter->runController(Object(App\Controllers\Factura))
 8 SYSTEMPATH\CodeIgniter.php(354): CodeIgniter\CodeIgniter->handleRequest(null, Object(Config\Cache), false)
 9 SYSTEMPATH\Boot.php(363): CodeIgniter\CodeIgniter->run()
10 SYSTEMPATH\Boot.php(68): CodeIgniter\Boot::runCodeIgniter(Object(CodeIgniter\CodeIgniter))
11 FCPATH\index.php(59): CodeIgniter\Boot::bootWeb(Object(Config\Paths))
WARNING - 2025-11-28 23:02:16 --> [DEPRECATED] substr(): Passing null to parameter #1 ($string) of type string is deprecated in APPPATH\Libraries\cfdi_sat\satxmlsv33.php on line 253.
 1 APPPATH\Libraries\cfdi_sat\satxmlsv33.php(253): substr(null, 8, 2)
 2 APPPATH\Libraries\cfdi_sat\satxmlsv33.php(82): GeneraXML->satxmlsv33_xml_fech(null)
 3 APPPATH\Libraries\cfdi_sat\satxmlsv33.php(39): GeneraXML->satxmlsv33_generales([...], '', 'C:\\xampp\\htdocs\\pos\\app\\Libraries/cfdi_sat/', '')
 4 APPPATH\Libraries\cfdi_sat\satxmlsv33.php(27): GeneraXML->satxmlsv33_genera_xml([...], '', 'C:\\xampp\\htdocs\\pos\\app\\Libraries/cfdi_sat/', '')
 5 APPPATH\Controllers\Factura.php(64): GeneraXML->satxmlsv33([...], '', 'C:\\xampp\\htdocs\\pos\\app\\Libraries/cfdi_sat/', '')
 6 SYSTEMPATH\CodeIgniter.php(933): App\Controllers\Factura->facturar('3')
 7 SYSTEMPATH\CodeIgniter.php(507): CodeIgniter\CodeIgniter->runController(Object(App\Controllers\Factura))
 8 SYSTEMPATH\CodeIgniter.php(354): CodeIgniter\CodeIgniter->handleRequest(null, Object(Config\Cache), false)
 9 SYSTEMPATH\Boot.php(363): CodeIgniter\CodeIgniter->run()
10 SYSTEMPATH\Boot.php(68): CodeIgniter\Boot::runCodeIgniter(Object(CodeIgniter\CodeIgniter))
11 FCPATH\index.php(59): CodeIgniter\Boot::bootWeb(Object(Config\Paths))
WARNING - 2025-11-28 23:02:16 --> [DEPRECATED] substr(): Passing null to parameter #1 ($string) of type string is deprecated in APPPATH\Libraries\cfdi_sat\satxmlsv33.php on line 254.
 1 APPPATH\Libraries\cfdi_sat\satxmlsv33.php(254): substr(null, 10, 2)
 2 APPPATH\Libraries\cfdi_sat\satxmlsv33.php(82): GeneraXML->satxmlsv33_xml_fech(null)
 3 APPPATH\Libraries\cfdi_sat\satxmlsv33.php(39): GeneraXML->satxmlsv33_generales([...], '', 'C:\\xampp\\htdocs\\pos\\app\\Libraries/cfdi_sat/', '')
 4 APPPATH\Libraries\cfdi_sat\satxmlsv33.php(27): GeneraXML->satxmlsv33_genera_xml([...], '', 'C:\\xampp\\htdocs\\pos\\app\\Libraries/cfdi_sat/', '')
 5 APPPATH\Controllers\Factura.php(64): GeneraXML->satxmlsv33([...], '', 'C:\\xampp\\htdocs\\pos\\app\\Libraries/cfdi_sat/', '')
 6 SYSTEMPATH\CodeIgniter.php(933): App\Controllers\Factura->facturar('3')
 7 SYSTEMPATH\CodeIgniter.php(507): CodeIgniter\CodeIgniter->runController(Object(App\Controllers\Factura))
 8 SYSTEMPATH\CodeIgniter.php(354): CodeIgniter\CodeIgniter->handleRequest(null, Object(Config\Cache), false)
 9 SYSTEMPATH\Boot.php(363): CodeIgniter\CodeIgniter->run()
10 SYSTEMPATH\Boot.php(68): CodeIgniter\Boot::runCodeIgniter(Object(CodeIgniter\CodeIgniter))
11 FCPATH\index.php(59): CodeIgniter\Boot::bootWeb(Object(Config\Paths))
WARNING - 2025-11-28 23:02:16 --> [DEPRECATED] substr(): Passing null to parameter #1 ($string) of type string is deprecated in APPPATH\Libraries\cfdi_sat\satxmlsv33.php on line 255.
 1 APPPATH\Libraries\cfdi_sat\satxmlsv33.php(255): substr(null, 12, 2)
 2 APPPATH\Libraries\cfdi_sat\satxmlsv33.php(82): GeneraXML->satxmlsv33_xml_fech(null)
 3 APPPATH\Libraries\cfdi_sat\satxmlsv33.php(39): GeneraXML->satxmlsv33_generales([...], '', 'C:\\xampp\\htdocs\\pos\\app\\Libraries/cfdi_sat/', '')
 4 APPPATH\Libraries\cfdi_sat\satxmlsv33.php(27): GeneraXML->satxmlsv33_genera_xml([...], '', 'C:\\xampp\\htdocs\\pos\\app\\Libraries/cfdi_sat/', '')
 5 APPPATH\Controllers\Factura.php(64): GeneraXML->satxmlsv33([...], '', 'C:\\xampp\\htdocs\\pos\\app\\Libraries/cfdi_sat/', '')
 6 SYSTEMPATH\CodeIgniter.php(933): App\Controllers\Factura->facturar('3')
 7 SYSTEMPATH\CodeIgniter.php(507): CodeIgniter\CodeIgniter->runController(Object(App\Controllers\Factura))
 8 SYSTEMPATH\CodeIgniter.php(354): CodeIgniter\CodeIgniter->handleRequest(null, Object(Config\Cache), false)
 9 SYSTEMPATH\Boot.php(363): CodeIgniter\CodeIgniter->run()
10 SYSTEMPATH\Boot.php(68): CodeIgniter\Boot::runCodeIgniter(Object(CodeIgniter\CodeIgniter))
11 FCPATH\index.php(59): CodeIgniter\Boot::bootWeb(Object(Config\Paths))
WARNING - 2025-11-28 23:02:16 --> [DEPRECATED] Function utf8_encode() is deprecated in APPPATH\Libraries\cfdi_sat\satxmlsv33.php on line 242.
 1 APPPATH\Libraries\cfdi_sat\satxmlsv33.php(64): GeneraXML->satxmlsv33_cargaAtt(Object(DOMElement), [...])
 2 APPPATH\Libraries\cfdi_sat\satxmlsv33.php(39): GeneraXML->satxmlsv33_generales([...], '', 'C:\\xampp\\htdocs\\pos\\app\\Libraries/cfdi_sat/', '')
 3 APPPATH\Libraries\cfdi_sat\satxmlsv33.php(27): GeneraXML->satxmlsv33_genera_xml([...], '', 'C:\\xampp\\htdocs\\pos\\app\\Libraries/cfdi_sat/', '')
 4 APPPATH\Controllers\Factura.php(64): GeneraXML->satxmlsv33([...], '', 'C:\\xampp\\htdocs\\pos\\app\\Libraries/cfdi_sat/', '')
 5 SYSTEMPATH\CodeIgniter.php(933): App\Controllers\Factura->facturar('3')
 6 SYSTEMPATH\CodeIgniter.php(507): CodeIgniter\CodeIgniter->runController(Object(App\Controllers\Factura))
 7 SYSTEMPATH\CodeIgniter.php(354): CodeIgniter\CodeIgniter->handleRequest(null, Object(Config\Cache), false)
 8 SYSTEMPATH\Boot.php(363): CodeIgniter\CodeIgniter->run()
 9 SYSTEMPATH\Boot.php(68): CodeIgniter\Boot::runCodeIgniter(Object(CodeIgniter\CodeIgniter))
10 FCPATH\index.php(59): CodeIgniter\Boot::bootWeb(Object(Config\Paths))
WARNING - 2025-11-28 23:02:16 --> [DEPRECATED] Function utf8_encode() is deprecated in APPPATH\Libraries\cfdi_sat\satxmlsv33.php on line 242.
 1 APPPATH\Libraries\cfdi_sat\satxmlsv33.php(64): GeneraXML->satxmlsv33_cargaAtt(Object(DOMElement), [...])
 2 APPPATH\Libraries\cfdi_sat\satxmlsv33.php(39): GeneraXML->satxmlsv33_generales([...], '', 'C:\\xampp\\htdocs\\pos\\app\\Libraries/cfdi_sat/', '')
 3 APPPATH\Libraries\cfdi_sat\satxmlsv33.php(27): GeneraXML->satxmlsv33_genera_xml([...], '', 'C:\\xampp\\htdocs\\pos\\app\\Libraries/cfdi_sat/', '')
 4 APPPATH\Controllers\Factura.php(64): GeneraXML->satxmlsv33([...], '', 'C:\\xampp\\htdocs\\pos\\app\\Libraries/cfdi_sat/', '')
 5 SYSTEMPATH\CodeIgniter.php(933): App\Controllers\Factura->facturar('3')
 6 SYSTEMPATH\CodeIgniter.php(507): CodeIgniter\CodeIgniter->runController(Object(App\Controllers\Factura))
 7 SYSTEMPATH\CodeIgniter.php(354): CodeIgniter\CodeIgniter->handleRequest(null, Object(Config\Cache), false)
 8 SYSTEMPATH\Boot.php(363): CodeIgniter\CodeIgniter->run()
 9 SYSTEMPATH\Boot.php(68): CodeIgniter\Boot::runCodeIgniter(Object(CodeIgniter\CodeIgniter))
10 FCPATH\index.php(59): CodeIgniter\Boot::bootWeb(Object(Config\Paths))
WARNING - 2025-11-28 23:02:16 --> [DEPRECATED] Function utf8_encode() is deprecated in APPPATH\Libraries\cfdi_sat\satxmlsv33.php on line 242.
 1 APPPATH\Libraries\cfdi_sat\satxmlsv33.php(64): GeneraXML->satxmlsv33_cargaAtt(Object(DOMElement), [...])
 2 APPPATH\Libraries\cfdi_sat\satxmlsv33.php(39): GeneraXML->satxmlsv33_generales([...], '', 'C:\\xampp\\htdocs\\pos\\app\\Libraries/cfdi_sat/', '')
 3 APPPATH\Libraries\cfdi_sat\satxmlsv33.php(27): GeneraXML->satxmlsv33_genera_xml([...], '', 'C:\\xampp\\htdocs\\pos\\app\\Libraries/cfdi_sat/', '')
 4 APPPATH\Controllers\Factura.php(64): GeneraXML->satxmlsv33([...], '', 'C:\\xampp\\htdocs\\pos\\app\\Libraries/cfdi_sat/', '')
 5 SYSTEMPATH\CodeIgniter.php(933): App\Controllers\Factura->facturar('3')
 6 SYSTEMPATH\CodeIgniter.php(507): CodeIgniter\CodeIgniter->runController(Object(App\Controllers\Factura))
 7 SYSTEMPATH\CodeIgniter.php(354): CodeIgniter\CodeIgniter->handleRequest(null, Object(Config\Cache), false)
 8 SYSTEMPATH\Boot.php(363): CodeIgniter\CodeIgniter->run()
 9 SYSTEMPATH\Boot.php(68): CodeIgniter\Boot::runCodeIgniter(Object(CodeIgniter\CodeIgniter))
10 FCPATH\index.php(59): CodeIgniter\Boot::bootWeb(Object(Config\Paths))
WARNING - 2025-11-28 23:02:16 --> [DEPRECATED] Function utf8_encode() is deprecated in APPPATH\Libraries\cfdi_sat\satxmlsv33.php on line 242.
 1 APPPATH\Libraries\cfdi_sat\satxmlsv33.php(64): GeneraXML->satxmlsv33_cargaAtt(Object(DOMElement), [...])
 2 APPPATH\Libraries\cfdi_sat\satxmlsv33.php(39): GeneraXML->satxmlsv33_generales([...], '', 'C:\\xampp\\htdocs\\pos\\app\\Libraries/cfdi_sat/', '')
 3 APPPATH\Libraries\cfdi_sat\satxmlsv33.php(27): GeneraXML->satxmlsv33_genera_xml([...], '', 'C:\\xampp\\htdocs\\pos\\app\\Libraries/cfdi_sat/', '')
 4 APPPATH\Controllers\Factura.php(64): GeneraXML->satxmlsv33([...], '', 'C:\\xampp\\htdocs\\pos\\app\\Libraries/cfdi_sat/', '')
 5 SYSTEMPATH\CodeIgniter.php(933): App\Controllers\Factura->facturar('3')
 6 SYSTEMPATH\CodeIgniter.php(507): CodeIgniter\CodeIgniter->runController(Object(App\Controllers\Factura))
 7 SYSTEMPATH\CodeIgniter.php(354): CodeIgniter\CodeIgniter->handleRequest(null, Object(Config\Cache), false)
 8 SYSTEMPATH\Boot.php(363): CodeIgniter\CodeIgniter->run()
 9 SYSTEMPATH\Boot.php(68): CodeIgniter\Boot::runCodeIgniter(Object(CodeIgniter\CodeIgniter))
10 FCPATH\index.php(59): CodeIgniter\Boot::bootWeb(Object(Config\Paths))
WARNING - 2025-11-28 23:02:16 --> [DEPRECATED] Function utf8_encode() is deprecated in APPPATH\Libraries\cfdi_sat\satxmlsv33.php on line 242.
 1 APPPATH\Libraries\cfdi_sat\satxmlsv33.php(64): GeneraXML->satxmlsv33_cargaAtt(Object(DOMElement), [...])
 2 APPPATH\Libraries\cfdi_sat\satxmlsv33.php(39): GeneraXML->satxmlsv33_generales([...], '', 'C:\\xampp\\htdocs\\pos\\app\\Libraries/cfdi_sat/', '')
 3 APPPATH\Libraries\cfdi_sat\satxmlsv33.php(27): GeneraXML->satxmlsv33_genera_xml([...], '', 'C:\\xampp\\htdocs\\pos\\app\\Libraries/cfdi_sat/', '')
 4 APPPATH\Controllers\Factura.php(64): GeneraXML->satxmlsv33([...], '', 'C:\\xampp\\htdocs\\pos\\app\\Libraries/cfdi_sat/', '')
 5 SYSTEMPATH\CodeIgniter.php(933): App\Controllers\Factura->facturar('3')
 6 SYSTEMPATH\CodeIgniter.php(507): CodeIgniter\CodeIgniter->runController(Object(App\Controllers\Factura))
 7 SYSTEMPATH\CodeIgniter.php(354): CodeIgniter\CodeIgniter->handleRequest(null, Object(Config\Cache), false)
 8 SYSTEMPATH\Boot.php(363): CodeIgniter\CodeIgniter->run()
 9 SYSTEMPATH\Boot.php(68): CodeIgniter\Boot::runCodeIgniter(Object(CodeIgniter\CodeIgniter))
10 FCPATH\index.php(59): CodeIgniter\Boot::bootWeb(Object(Config\Paths))
WARNING - 2025-11-28 23:02:16 --> [DEPRECATED] Function utf8_encode() is deprecated in APPPATH\Libraries\cfdi_sat\satxmlsv33.php on line 242.
 1 APPPATH\Libraries\cfdi_sat\satxmlsv33.php(64): GeneraXML->satxmlsv33_cargaAtt(Object(DOMElement), [...])
 2 APPPATH\Libraries\cfdi_sat\satxmlsv33.php(39): GeneraXML->satxmlsv33_generales([...], '', 'C:\\xampp\\htdocs\\pos\\app\\Libraries/cfdi_sat/', '')
 3 APPPATH\Libraries\cfdi_sat\satxmlsv33.php(27): GeneraXML->satxmlsv33_genera_xml([...], '', 'C:\\xampp\\htdocs\\pos\\app\\Libraries/cfdi_sat/', '')
 4 APPPATH\Controllers\Factura.php(64): GeneraXML->satxmlsv33([...], '', 'C:\\xampp\\htdocs\\pos\\app\\Libraries/cfdi_sat/', '')
 5 SYSTEMPATH\CodeIgniter.php(933): App\Controllers\Factura->facturar('3')
 6 SYSTEMPATH\CodeIgniter.php(507): CodeIgniter\CodeIgniter->runController(Object(App\Controllers\Factura))
 7 SYSTEMPATH\CodeIgniter.php(354): CodeIgniter\CodeIgniter->handleRequest(null, Object(Config\Cache), false)
 8 SYSTEMPATH\Boot.php(363): CodeIgniter\CodeIgniter->run()
 9 SYSTEMPATH\Boot.php(68): CodeIgniter\Boot::runCodeIgniter(Object(CodeIgniter\CodeIgniter))
10 FCPATH\index.php(59): CodeIgniter\Boot::bootWeb(Object(Config\Paths))
WARNING - 2025-11-28 23:02:16 --> [DEPRECATED] Function utf8_encode() is deprecated in APPPATH\Libraries\cfdi_sat\satxmlsv33.php on line 242.
 1 APPPATH\Libraries\cfdi_sat\satxmlsv33.php(64): GeneraXML->satxmlsv33_cargaAtt(Object(DOMElement), [...])
 2 APPPATH\Libraries\cfdi_sat\satxmlsv33.php(39): GeneraXML->satxmlsv33_generales([...], '', 'C:\\xampp\\htdocs\\pos\\app\\Libraries/cfdi_sat/', '')
 3 APPPATH\Libraries\cfdi_sat\satxmlsv33.php(27): GeneraXML->satxmlsv33_genera_xml([...], '', 'C:\\xampp\\htdocs\\pos\\app\\Libraries/cfdi_sat/', '')
 4 APPPATH\Controllers\Factura.php(64): GeneraXML->satxmlsv33([...], '', 'C:\\xampp\\htdocs\\pos\\app\\Libraries/cfdi_sat/', '')
 5 SYSTEMPATH\CodeIgniter.php(933): App\Controllers\Factura->facturar('3')
 6 SYSTEMPATH\CodeIgniter.php(507): CodeIgniter\CodeIgniter->runController(Object(App\Controllers\Factura))
 7 SYSTEMPATH\CodeIgniter.php(354): CodeIgniter\CodeIgniter->handleRequest(null, Object(Config\Cache), false)
 8 SYSTEMPATH\Boot.php(363): CodeIgniter\CodeIgniter->run()
 9 SYSTEMPATH\Boot.php(68): CodeIgniter\Boot::runCodeIgniter(Object(CodeIgniter\CodeIgniter))
10 FCPATH\index.php(59): CodeIgniter\Boot::bootWeb(Object(Config\Paths))
WARNING - 2025-11-28 23:02:16 --> [DEPRECATED] Function utf8_encode() is deprecated in APPPATH\Libraries\cfdi_sat\satxmlsv33.php on line 242.
 1 APPPATH\Libraries\cfdi_sat\satxmlsv33.php(64): GeneraXML->satxmlsv33_cargaAtt(Object(DOMElement), [...])
 2 APPPATH\Libraries\cfdi_sat\satxmlsv33.php(39): GeneraXML->satxmlsv33_generales([...], '', 'C:\\xampp\\htdocs\\pos\\app\\Libraries/cfdi_sat/', '')
 3 APPPATH\Libraries\cfdi_sat\satxmlsv33.php(27): GeneraXML->satxmlsv33_genera_xml([...], '', 'C:\\xampp\\htdocs\\pos\\app\\Libraries/cfdi_sat/', '')
 4 APPPATH\Controllers\Factura.php(64): GeneraXML->satxmlsv33([...], '', 'C:\\xampp\\htdocs\\pos\\app\\Libraries/cfdi_sat/', '')
 5 SYSTEMPATH\CodeIgniter.php(933): App\Controllers\Factura->facturar('3')
 6 SYSTEMPATH\CodeIgniter.php(507): CodeIgniter\CodeIgniter->runController(Object(App\Controllers\Factura))
 7 SYSTEMPATH\CodeIgniter.php(354): CodeIgniter\CodeIgniter->handleRequest(null, Object(Config\Cache), false)
 8 SYSTEMPATH\Boot.php(363): CodeIgniter\CodeIgniter->run()
 9 SYSTEMPATH\Boot.php(68): CodeIgniter\Boot::runCodeIgniter(Object(CodeIgniter\CodeIgniter))
10 FCPATH\index.php(59): CodeIgniter\Boot::bootWeb(Object(Config\Paths))
WARNING - 2025-11-28 23:02:16 --> [DEPRECATED] Function utf8_encode() is deprecated in APPPATH\Libraries\cfdi_sat\satxmlsv33.php on line 242.
 1 APPPATH\Libraries\cfdi_sat\satxmlsv33.php(64): GeneraXML->satxmlsv33_cargaAtt(Object(DOMElement), [...])
 2 APPPATH\Libraries\cfdi_sat\satxmlsv33.php(39): GeneraXML->satxmlsv33_generales([...], '', 'C:\\xampp\\htdocs\\pos\\app\\Libraries/cfdi_sat/', '')
 3 APPPATH\Libraries\cfdi_sat\satxmlsv33.php(27): GeneraXML->satxmlsv33_genera_xml([...], '', 'C:\\xampp\\htdocs\\pos\\app\\Libraries/cfdi_sat/', '')
 4 APPPATH\Controllers\Factura.php(64): GeneraXML->satxmlsv33([...], '', 'C:\\xampp\\htdocs\\pos\\app\\Libraries/cfdi_sat/', '')
 5 SYSTEMPATH\CodeIgniter.php(933): App\Controllers\Factura->facturar('3')
 6 SYSTEMPATH\CodeIgniter.php(507): CodeIgniter\CodeIgniter->runController(Object(App\Controllers\Factura))
 7 SYSTEMPATH\CodeIgniter.php(354): CodeIgniter\CodeIgniter->handleRequest(null, Object(Config\Cache), false)
 8 SYSTEMPATH\Boot.php(363): CodeIgniter\CodeIgniter->run()
 9 SYSTEMPATH\Boot.php(68): CodeIgniter\Boot::runCodeIgniter(Object(CodeIgniter\CodeIgniter))
10 FCPATH\index.php(59): CodeIgniter\Boot::bootWeb(Object(Config\Paths))
WARNING - 2025-11-28 23:02:16 --> [DEPRECATED] Function utf8_encode() is deprecated in APPPATH\Libraries\cfdi_sat\satxmlsv33.php on line 242.
 1 APPPATH\Libraries\cfdi_sat\satxmlsv33.php(64): GeneraXML->satxmlsv33_cargaAtt(Object(DOMElement), [...])
 2 APPPATH\Libraries\cfdi_sat\satxmlsv33.php(39): GeneraXML->satxmlsv33_generales([...], '', 'C:\\xampp\\htdocs\\pos\\app\\Libraries/cfdi_sat/', '')
 3 APPPATH\Libraries\cfdi_sat\satxmlsv33.php(27): GeneraXML->satxmlsv33_genera_xml([...], '', 'C:\\xampp\\htdocs\\pos\\app\\Libraries/cfdi_sat/', '')
 4 APPPATH\Controllers\Factura.php(64): GeneraXML->satxmlsv33([...], '', 'C:\\xampp\\htdocs\\pos\\app\\Libraries/cfdi_sat/', '')
 5 SYSTEMPATH\CodeIgniter.php(933): App\Controllers\Factura->facturar('3')
 6 SYSTEMPATH\CodeIgniter.php(507): CodeIgniter\CodeIgniter->runController(Object(App\Controllers\Factura))
 7 SYSTEMPATH\CodeIgniter.php(354): CodeIgniter\CodeIgniter->handleRequest(null, Object(Config\Cache), false)
 8 SYSTEMPATH\Boot.php(363): CodeIgniter\CodeIgniter->run()
 9 SYSTEMPATH\Boot.php(68): CodeIgniter\Boot::runCodeIgniter(Object(CodeIgniter\CodeIgniter))
10 FCPATH\index.php(59): CodeIgniter\Boot::bootWeb(Object(Config\Paths))
WARNING - 2025-11-28 23:02:16 --> [DEPRECATED] Function utf8_encode() is deprecated in APPPATH\Libraries\cfdi_sat\satxmlsv33.php on line 242.
 1 APPPATH\Libraries\cfdi_sat\satxmlsv33.php(64): GeneraXML->satxmlsv33_cargaAtt(Object(DOMElement), [...])
 2 APPPATH\Libraries\cfdi_sat\satxmlsv33.php(39): GeneraXML->satxmlsv33_generales([...], '', 'C:\\xampp\\htdocs\\pos\\app\\Libraries/cfdi_sat/', '')
 3 APPPATH\Libraries\cfdi_sat\satxmlsv33.php(27): GeneraXML->satxmlsv33_genera_xml([...], '', 'C:\\xampp\\htdocs\\pos\\app\\Libraries/cfdi_sat/', '')
 4 APPPATH\Controllers\Factura.php(64): GeneraXML->satxmlsv33([...], '', 'C:\\xampp\\htdocs\\pos\\app\\Libraries/cfdi_sat/', '')
 5 SYSTEMPATH\CodeIgniter.php(933): App\Controllers\Factura->facturar('3')
 6 SYSTEMPATH\CodeIgniter.php(507): CodeIgniter\CodeIgniter->runController(Object(App\Controllers\Factura))
 7 SYSTEMPATH\CodeIgniter.php(354): CodeIgniter\CodeIgniter->handleRequest(null, Object(Config\Cache), false)
 8 SYSTEMPATH\Boot.php(363): CodeIgniter\CodeIgniter->run()
 9 SYSTEMPATH\Boot.php(68): CodeIgniter\Boot::runCodeIgniter(Object(CodeIgniter\CodeIgniter))
10 FCPATH\index.php(59): CodeIgniter\Boot::bootWeb(Object(Config\Paths))
WARNING - 2025-11-28 23:02:16 --> [DEPRECATED] Function utf8_encode() is deprecated in APPPATH\Libraries\cfdi_sat\satxmlsv33.php on line 242.
 1 APPPATH\Libraries\cfdi_sat\satxmlsv33.php(64): GeneraXML->satxmlsv33_cargaAtt(Object(DOMElement), [...])
 2 APPPATH\Libraries\cfdi_sat\satxmlsv33.php(39): GeneraXML->satxmlsv33_generales([...], '', 'C:\\xampp\\htdocs\\pos\\app\\Libraries/cfdi_sat/', '')
 3 APPPATH\Libraries\cfdi_sat\satxmlsv33.php(27): GeneraXML->satxmlsv33_genera_xml([...], '', 'C:\\xampp\\htdocs\\pos\\app\\Libraries/cfdi_sat/', '')
 4 APPPATH\Controllers\Factura.php(64): GeneraXML->satxmlsv33([...], '', 'C:\\xampp\\htdocs\\pos\\app\\Libraries/cfdi_sat/', '')
 5 SYSTEMPATH\CodeIgniter.php(933): App\Controllers\Factura->facturar('3')
 6 SYSTEMPATH\CodeIgniter.php(507): CodeIgniter\CodeIgniter->runController(Object(App\Controllers\Factura))
 7 SYSTEMPATH\CodeIgniter.php(354): CodeIgniter\CodeIgniter->handleRequest(null, Object(Config\Cache), false)
 8 SYSTEMPATH\Boot.php(363): CodeIgniter\CodeIgniter->run()
 9 SYSTEMPATH\Boot.php(68): CodeIgniter\Boot::runCodeIgniter(Object(CodeIgniter\CodeIgniter))
10 FCPATH\index.php(59): CodeIgniter\Boot::bootWeb(Object(Config\Paths))
WARNING - 2025-11-28 23:02:16 --> [DEPRECATED] Function utf8_encode() is deprecated in APPPATH\Libraries\cfdi_sat\satxmlsv33.php on line 242.
 1 APPPATH\Libraries\cfdi_sat\satxmlsv33.php(64): GeneraXML->satxmlsv33_cargaAtt(Object(DOMElement), [...])
 2 APPPATH\Libraries\cfdi_sat\satxmlsv33.php(39): GeneraXML->satxmlsv33_generales([...], '', 'C:\\xampp\\htdocs\\pos\\app\\Libraries/cfdi_sat/', '')
 3 APPPATH\Libraries\cfdi_sat\satxmlsv33.php(27): GeneraXML->satxmlsv33_genera_xml([...], '', 'C:\\xampp\\htdocs\\pos\\app\\Libraries/cfdi_sat/', '')
 4 APPPATH\Controllers\Factura.php(64): GeneraXML->satxmlsv33([...], '', 'C:\\xampp\\htdocs\\pos\\app\\Libraries/cfdi_sat/', '')
 5 SYSTEMPATH\CodeIgniter.php(933): App\Controllers\Factura->facturar('3')
 6 SYSTEMPATH\CodeIgniter.php(507): CodeIgniter\CodeIgniter->runController(Object(App\Controllers\Factura))
 7 SYSTEMPATH\CodeIgniter.php(354): CodeIgniter\CodeIgniter->handleRequest(null, Object(Config\Cache), false)
 8 SYSTEMPATH\Boot.php(363): CodeIgniter\CodeIgniter->run()
 9 SYSTEMPATH\Boot.php(68): CodeIgniter\Boot::runCodeIgniter(Object(CodeIgniter\CodeIgniter))
10 FCPATH\index.php(59): CodeIgniter\Boot::bootWeb(Object(Config\Paths))
WARNING - 2025-11-28 23:02:16 --> [DEPRECATED] Function utf8_encode() is deprecated in APPPATH\Libraries\cfdi_sat\satxmlsv33.php on line 242.
 1 APPPATH\Libraries\cfdi_sat\satxmlsv33.php(64): GeneraXML->satxmlsv33_cargaAtt(Object(DOMElement), [...])
 2 APPPATH\Libraries\cfdi_sat\satxmlsv33.php(39): GeneraXML->satxmlsv33_generales([...], '', 'C:\\xampp\\htdocs\\pos\\app\\Libraries/cfdi_sat/', '')
 3 APPPATH\Libraries\cfdi_sat\satxmlsv33.php(27): GeneraXML->satxmlsv33_genera_xml([...], '', 'C:\\xampp\\htdocs\\pos\\app\\Libraries/cfdi_sat/', '')
 4 APPPATH\Controllers\Factura.php(64): GeneraXML->satxmlsv33([...], '', 'C:\\xampp\\htdocs\\pos\\app\\Libraries/cfdi_sat/', '')
 5 SYSTEMPATH\CodeIgniter.php(933): App\Controllers\Factura->facturar('3')
 6 SYSTEMPATH\CodeIgniter.php(507): CodeIgniter\CodeIgniter->runController(Object(App\Controllers\Factura))
 7 SYSTEMPATH\CodeIgniter.php(354): CodeIgniter\CodeIgniter->handleRequest(null, Object(Config\Cache), false)
 8 SYSTEMPATH\Boot.php(363): CodeIgniter\CodeIgniter->run()
 9 SYSTEMPATH\Boot.php(68): CodeIgniter\Boot::runCodeIgniter(Object(CodeIgniter\CodeIgniter))
10 FCPATH\index.php(59): CodeIgniter\Boot::bootWeb(Object(Config\Paths))
WARNING - 2025-11-28 23:02:16 --> [DEPRECATED] Function utf8_encode() is deprecated in APPPATH\Libraries\cfdi_sat\satxmlsv33.php on line 242.
 1 APPPATH\Libraries\cfdi_sat\satxmlsv33.php(64): GeneraXML->satxmlsv33_cargaAtt(Object(DOMElement), [...])
 2 APPPATH\Libraries\cfdi_sat\satxmlsv33.php(39): GeneraXML->satxmlsv33_generales([...], '', 'C:\\xampp\\htdocs\\pos\\app\\Libraries/cfdi_sat/', '')
 3 APPPATH\Libraries\cfdi_sat\satxmlsv33.php(27): GeneraXML->satxmlsv33_genera_xml([...], '', 'C:\\xampp\\htdocs\\pos\\app\\Libraries/cfdi_sat/', '')
 4 APPPATH\Controllers\Factura.php(64): GeneraXML->satxmlsv33([...], '', 'C:\\xampp\\htdocs\\pos\\app\\Libraries/cfdi_sat/', '')
 5 SYSTEMPATH\CodeIgniter.php(933): App\Controllers\Factura->facturar('3')
 6 SYSTEMPATH\CodeIgniter.php(507): CodeIgniter\CodeIgniter->runController(Object(App\Controllers\Factura))
 7 SYSTEMPATH\CodeIgniter.php(354): CodeIgniter\CodeIgniter->handleRequest(null, Object(Config\Cache), false)
 8 SYSTEMPATH\Boot.php(363): CodeIgniter\CodeIgniter->run()
 9 SYSTEMPATH\Boot.php(68): CodeIgniter\Boot::runCodeIgniter(Object(CodeIgniter\CodeIgniter))
10 FCPATH\index.php(59): CodeIgniter\Boot::bootWeb(Object(Config\Paths))
WARNING - 2025-11-28 23:02:16 --> [DEPRECATED] strlen(): Passing null to parameter #1 ($string) of type string is deprecated in APPPATH\Libraries\cfdi_sat\satxmlsv33.php on line 232.
 1 APPPATH\Libraries\cfdi_sat\satxmlsv33.php(64): GeneraXML->satxmlsv33_cargaAtt(Object(DOMElement), [...])
 2 APPPATH\Libraries\cfdi_sat\satxmlsv33.php(39): GeneraXML->satxmlsv33_generales([...], '', 'C:\\xampp\\htdocs\\pos\\app\\Libraries/cfdi_sat/', '')
 3 APPPATH\Libraries\cfdi_sat\satxmlsv33.php(27): GeneraXML->satxmlsv33_genera_xml([...], '', 'C:\\xampp\\htdocs\\pos\\app\\Libraries/cfdi_sat/', '')
 4 APPPATH\Controllers\Factura.php(64): GeneraXML->satxmlsv33([...], '', 'C:\\xampp\\htdocs\\pos\\app\\Libraries/cfdi_sat/', '')
 5 SYSTEMPATH\CodeIgniter.php(933): App\Controllers\Factura->facturar('3')
 6 SYSTEMPATH\CodeIgniter.php(507): CodeIgniter\CodeIgniter->runController(Object(App\Controllers\Factura))
 7 SYSTEMPATH\CodeIgniter.php(354): CodeIgniter\CodeIgniter->handleRequest(null, Object(Config\Cache), false)
 8 SYSTEMPATH\Boot.php(363): CodeIgniter\CodeIgniter->run()
 9 SYSTEMPATH\Boot.php(68): CodeIgniter\Boot::runCodeIgniter(Object(CodeIgniter\CodeIgniter))
10 FCPATH\index.php(59): CodeIgniter\Boot::bootWeb(Object(Config\Paths))
WARNING - 2025-11-28 23:02:16 --> [DEPRECATED] preg_replace(): Passing null to parameter #3 ($subject) of type array|string is deprecated in APPPATH\Libraries\cfdi_sat\satxmlsv33.php on line 238.
 1 APPPATH\Libraries\cfdi_sat\satxmlsv33.php(238): preg_replace('/\\s\\s+/', ' ', null)
 2 APPPATH\Libraries\cfdi_sat\satxmlsv33.php(64): GeneraXML->satxmlsv33_cargaAtt(Object(DOMElement), [...])
 3 APPPATH\Libraries\cfdi_sat\satxmlsv33.php(39): GeneraXML->satxmlsv33_generales([...], '', 'C:\\xampp\\htdocs\\pos\\app\\Libraries/cfdi_sat/', '')
 4 APPPATH\Libraries\cfdi_sat\satxmlsv33.php(27): GeneraXML->satxmlsv33_genera_xml([...], '', 'C:\\xampp\\htdocs\\pos\\app\\Libraries/cfdi_sat/', '')
 5 APPPATH\Controllers\Factura.php(64): GeneraXML->satxmlsv33([...], '', 'C:\\xampp\\htdocs\\pos\\app\\Libraries/cfdi_sat/', '')
 6 SYSTEMPATH\CodeIgniter.php(933): App\Controllers\Factura->facturar('3')
 7 SYSTEMPATH\CodeIgniter.php(507): CodeIgniter\CodeIgniter->runController(Object(App\Controllers\Factura))
 8 SYSTEMPATH\CodeIgniter.php(354): CodeIgniter\CodeIgniter->handleRequest(null, Object(Config\Cache), false)
 9 SYSTEMPATH\Boot.php(363): CodeIgniter\CodeIgniter->run()
10 SYSTEMPATH\Boot.php(68): CodeIgniter\Boot::runCodeIgniter(Object(CodeIgniter\CodeIgniter))
11 FCPATH\index.php(59): CodeIgniter\Boot::bootWeb(Object(Config\Paths))
WARNING - 2025-11-28 23:02:16 --> [DEPRECATED] strlen(): Passing null to parameter #1 ($string) of type string is deprecated in APPPATH\Libraries\cfdi_sat\satxmlsv33.php on line 232.
 1 APPPATH\Libraries\cfdi_sat\satxmlsv33.php(64): GeneraXML->satxmlsv33_cargaAtt(Object(DOMElement), [...])
 2 APPPATH\Libraries\cfdi_sat\satxmlsv33.php(39): GeneraXML->satxmlsv33_generales([...], '', 'C:\\xampp\\htdocs\\pos\\app\\Libraries/cfdi_sat/', '')
 3 APPPATH\Libraries\cfdi_sat\satxmlsv33.php(27): GeneraXML->satxmlsv33_genera_xml([...], '', 'C:\\xampp\\htdocs\\pos\\app\\Libraries/cfdi_sat/', '')
 4 APPPATH\Controllers\Factura.php(64): GeneraXML->satxmlsv33([...], '', 'C:\\xampp\\htdocs\\pos\\app\\Libraries/cfdi_sat/', '')
 5 SYSTEMPATH\CodeIgniter.php(933): App\Controllers\Factura->facturar('3')
 6 SYSTEMPATH\CodeIgniter.php(507): CodeIgniter\CodeIgniter->runController(Object(App\Controllers\Factura))
 7 SYSTEMPATH\CodeIgniter.php(354): CodeIgniter\CodeIgniter->handleRequest(null, Object(Config\Cache), false)
 8 SYSTEMPATH\Boot.php(363): CodeIgniter\CodeIgniter->run()
 9 SYSTEMPATH\Boot.php(68): CodeIgniter\Boot::runCodeIgniter(Object(CodeIgniter\CodeIgniter))
10 FCPATH\index.php(59): CodeIgniter\Boot::bootWeb(Object(Config\Paths))
WARNING - 2025-11-28 23:02:16 --> [DEPRECATED] preg_replace(): Passing null to parameter #3 ($subject) of type array|string is deprecated in APPPATH\Libraries\cfdi_sat\satxmlsv33.php on line 238.
 1 APPPATH\Libraries\cfdi_sat\satxmlsv33.php(238): preg_replace('/\\s\\s+/', ' ', null)
 2 APPPATH\Libraries\cfdi_sat\satxmlsv33.php(64): GeneraXML->satxmlsv33_cargaAtt(Object(DOMElement), [...])
 3 APPPATH\Libraries\cfdi_sat\satxmlsv33.php(39): GeneraXML->satxmlsv33_generales([...], '', 'C:\\xampp\\htdocs\\pos\\app\\Libraries/cfdi_sat/', '')
 4 APPPATH\Libraries\cfdi_sat\satxmlsv33.php(27): GeneraXML->satxmlsv33_genera_xml([...], '', 'C:\\xampp\\htdocs\\pos\\app\\Libraries/cfdi_sat/', '')
 5 APPPATH\Controllers\Factura.php(64): GeneraXML->satxmlsv33([...], '', 'C:\\xampp\\htdocs\\pos\\app\\Libraries/cfdi_sat/', '')
 6 SYSTEMPATH\CodeIgniter.php(933): App\Controllers\Factura->facturar('3')
 7 SYSTEMPATH\CodeIgniter.php(507): CodeIgniter\CodeIgniter->runController(Object(App\Controllers\Factura))
 8 SYSTEMPATH\CodeIgniter.php(354): CodeIgniter\CodeIgniter->handleRequest(null, Object(Config\Cache), false)
 9 SYSTEMPATH\Boot.php(363): CodeIgniter\CodeIgniter->run()
10 SYSTEMPATH\Boot.php(68): CodeIgniter\Boot::runCodeIgniter(Object(CodeIgniter\CodeIgniter))
11 FCPATH\index.php(59): CodeIgniter\Boot::bootWeb(Object(Config\Paths))
WARNING - 2025-11-28 23:02:16 --> [DEPRECATED] strlen(): Passing null to parameter #1 ($string) of type string is deprecated in APPPATH\Libraries\cfdi_sat\satxmlsv33.php on line 232.
 1 APPPATH\Libraries\cfdi_sat\satxmlsv33.php(64): GeneraXML->satxmlsv33_cargaAtt(Object(DOMElement), [...])
 2 APPPATH\Libraries\cfdi_sat\satxmlsv33.php(39): GeneraXML->satxmlsv33_generales([...], '', 'C:\\xampp\\htdocs\\pos\\app\\Libraries/cfdi_sat/', '')
 3 APPPATH\Libraries\cfdi_sat\satxmlsv33.php(27): GeneraXML->satxmlsv33_genera_xml([...], '', 'C:\\xampp\\htdocs\\pos\\app\\Libraries/cfdi_sat/', '')
 4 APPPATH\Controllers\Factura.php(64): GeneraXML->satxmlsv33([...], '', 'C:\\xampp\\htdocs\\pos\\app\\Libraries/cfdi_sat/', '')
 5 SYSTEMPATH\CodeIgniter.php(933): App\Controllers\Factura->facturar('3')
 6 SYSTEMPATH\CodeIgniter.php(507): CodeIgniter\CodeIgniter->runController(Object(App\Controllers\Factura))
 7 SYSTEMPATH\CodeIgniter.php(354): CodeIgniter\CodeIgniter->handleRequest(null, Object(Config\Cache), false)
 8 SYSTEMPATH\Boot.php(363): CodeIgniter\CodeIgniter->run()
 9 SYSTEMPATH\Boot.php(68): CodeIgniter\Boot::runCodeIgniter(Object(CodeIgniter\CodeIgniter))
10 FCPATH\index.php(59): CodeIgniter\Boot::bootWeb(Object(Config\Paths))
WARNING - 2025-11-28 23:02:16 --> [DEPRECATED] preg_replace(): Passing null to parameter #3 ($subject) of type array|string is deprecated in APPPATH\Libraries\cfdi_sat\satxmlsv33.php on line 238.
 1 APPPATH\Libraries\cfdi_sat\satxmlsv33.php(238): preg_replace('/\\s\\s+/', ' ', null)
 2 APPPATH\Libraries\cfdi_sat\satxmlsv33.php(64): GeneraXML->satxmlsv33_cargaAtt(Object(DOMElement), [...])
 3 APPPATH\Libraries\cfdi_sat\satxmlsv33.php(39): GeneraXML->satxmlsv33_generales([...], '', 'C:\\xampp\\htdocs\\pos\\app\\Libraries/cfdi_sat/', '')
 4 APPPATH\Libraries\cfdi_sat\satxmlsv33.php(27): GeneraXML->satxmlsv33_genera_xml([...], '', 'C:\\xampp\\htdocs\\pos\\app\\Libraries/cfdi_sat/', '')
 5 APPPATH\Controllers\Factura.php(64): GeneraXML->satxmlsv33([...], '', 'C:\\xampp\\htdocs\\pos\\app\\Libraries/cfdi_sat/', '')
 6 SYSTEMPATH\CodeIgniter.php(933): App\Controllers\Factura->facturar('3')
 7 SYSTEMPATH\CodeIgniter.php(507): CodeIgniter\CodeIgniter->runController(Object(App\Controllers\Factura))
 8 SYSTEMPATH\CodeIgniter.php(354): CodeIgniter\CodeIgniter->handleRequest(null, Object(Config\Cache), false)
 9 SYSTEMPATH\Boot.php(363): CodeIgniter\CodeIgniter->run()
10 SYSTEMPATH\Boot.php(68): CodeIgniter\Boot::runCodeIgniter(Object(CodeIgniter\CodeIgniter))
11 FCPATH\index.php(59): CodeIgniter\Boot::bootWeb(Object(Config\Paths))
WARNING - 2025-11-28 23:02:16 --> [DEPRECATED] strlen(): Passing null to parameter #1 ($string) of type string is deprecated in APPPATH\Libraries\cfdi_sat\satxmlsv33.php on line 232.
 1 APPPATH\Libraries\cfdi_sat\satxmlsv33.php(64): GeneraXML->satxmlsv33_cargaAtt(Object(DOMElement), [...])
 2 APPPATH\Libraries\cfdi_sat\satxmlsv33.php(39): GeneraXML->satxmlsv33_generales([...], '', 'C:\\xampp\\htdocs\\pos\\app\\Libraries/cfdi_sat/', '')
 3 APPPATH\Libraries\cfdi_sat\satxmlsv33.php(27): GeneraXML->satxmlsv33_genera_xml([...], '', 'C:\\xampp\\htdocs\\pos\\app\\Libraries/cfdi_sat/', '')
 4 APPPATH\Controllers\Factura.php(64): GeneraXML->satxmlsv33([...], '', 'C:\\xampp\\htdocs\\pos\\app\\Libraries/cfdi_sat/', '')
 5 SYSTEMPATH\CodeIgniter.php(933): App\Controllers\Factura->facturar('3')
 6 SYSTEMPATH\CodeIgniter.php(507): CodeIgniter\CodeIgniter->runController(Object(App\Controllers\Factura))
 7 SYSTEMPATH\CodeIgniter.php(354): CodeIgniter\CodeIgniter->handleRequest(null, Object(Config\Cache), false)
 8 SYSTEMPATH\Boot.php(363): CodeIgniter\CodeIgniter->run()
 9 SYSTEMPATH\Boot.php(68): CodeIgniter\Boot::runCodeIgniter(Object(CodeIgniter\CodeIgniter))
10 FCPATH\index.php(59): CodeIgniter\Boot::bootWeb(Object(Config\Paths))
WARNING - 2025-11-28 23:02:16 --> [DEPRECATED] preg_replace(): Passing null to parameter #3 ($subject) of type array|string is deprecated in APPPATH\Libraries\cfdi_sat\satxmlsv33.php on line 238.
 1 APPPATH\Libraries\cfdi_sat\satxmlsv33.php(238): preg_replace('/\\s\\s+/', ' ', null)
 2 APPPATH\Libraries\cfdi_sat\satxmlsv33.php(64): GeneraXML->satxmlsv33_cargaAtt(Object(DOMElement), [...])
 3 APPPATH\Libraries\cfdi_sat\satxmlsv33.php(39): GeneraXML->satxmlsv33_generales([...], '', 'C:\\xampp\\htdocs\\pos\\app\\Libraries/cfdi_sat/', '')
 4 APPPATH\Libraries\cfdi_sat\satxmlsv33.php(27): GeneraXML->satxmlsv33_genera_xml([...], '', 'C:\\xampp\\htdocs\\pos\\app\\Libraries/cfdi_sat/', '')
 5 APPPATH\Controllers\Factura.php(64): GeneraXML->satxmlsv33([...], '', 'C:\\xampp\\htdocs\\pos\\app\\Libraries/cfdi_sat/', '')
 6 SYSTEMPATH\CodeIgniter.php(933): App\Controllers\Factura->facturar('3')
 7 SYSTEMPATH\CodeIgniter.php(507): CodeIgniter\CodeIgniter->runController(Object(App\Controllers\Factura))
 8 SYSTEMPATH\CodeIgniter.php(354): CodeIgniter\CodeIgniter->handleRequest(null, Object(Config\Cache), false)
 9 SYSTEMPATH\Boot.php(363): CodeIgniter\CodeIgniter->run()
10 SYSTEMPATH\Boot.php(68): CodeIgniter\Boot::runCodeIgniter(Object(CodeIgniter\CodeIgniter))
11 FCPATH\index.php(59): CodeIgniter\Boot::bootWeb(Object(Config\Paths))
WARNING - 2025-11-28 23:02:16 --> [DEPRECATED] Function utf8_encode() is deprecated in APPPATH\Libraries\cfdi_sat\satxmlsv33.php on line 242.
 1 APPPATH\Libraries\cfdi_sat\satxmlsv33.php(93): GeneraXML->satxmlsv33_cargaAtt(Object(DOMElement), [...])
 2 APPPATH\Libraries\cfdi_sat\satxmlsv33.php(40): GeneraXML->satxmlsv33_emisor([...], '', 'C:\\xampp\\htdocs\\pos\\app\\Libraries/cfdi_sat/', '')
 3 APPPATH\Libraries\cfdi_sat\satxmlsv33.php(27): GeneraXML->satxmlsv33_genera_xml([...], '', 'C:\\xampp\\htdocs\\pos\\app\\Libraries/cfdi_sat/', '')
 4 APPPATH\Controllers\Factura.php(64): GeneraXML->satxmlsv33([...], '', 'C:\\xampp\\htdocs\\pos\\app\\Libraries/cfdi_sat/', '')
 5 SYSTEMPATH\CodeIgniter.php(933): App\Controllers\Factura->facturar('3')
 6 SYSTEMPATH\CodeIgniter.php(507): CodeIgniter\CodeIgniter->runController(Object(App\Controllers\Factura))
 7 SYSTEMPATH\CodeIgniter.php(354): CodeIgniter\CodeIgniter->handleRequest(null, Object(Config\Cache), false)
 8 SYSTEMPATH\Boot.php(363): CodeIgniter\CodeIgniter->run()
 9 SYSTEMPATH\Boot.php(68): CodeIgniter\Boot::runCodeIgniter(Object(CodeIgniter\CodeIgniter))
10 FCPATH\index.php(59): CodeIgniter\Boot::bootWeb(Object(Config\Paths))
WARNING - 2025-11-28 23:02:16 --> [DEPRECATED] Function utf8_encode() is deprecated in APPPATH\Libraries\cfdi_sat\satxmlsv33.php on line 242.
 1 APPPATH\Libraries\cfdi_sat\satxmlsv33.php(93): GeneraXML->satxmlsv33_cargaAtt(Object(DOMElement), [...])
 2 APPPATH\Libraries\cfdi_sat\satxmlsv33.php(40): GeneraXML->satxmlsv33_emisor([...], '', 'C:\\xampp\\htdocs\\pos\\app\\Libraries/cfdi_sat/', '')
 3 APPPATH\Libraries\cfdi_sat\satxmlsv33.php(27): GeneraXML->satxmlsv33_genera_xml([...], '', 'C:\\xampp\\htdocs\\pos\\app\\Libraries/cfdi_sat/', '')
 4 APPPATH\Controllers\Factura.php(64): GeneraXML->satxmlsv33([...], '', 'C:\\xampp\\htdocs\\pos\\app\\Libraries/cfdi_sat/', '')
 5 SYSTEMPATH\CodeIgniter.php(933): App\Controllers\Factura->facturar('3')
 6 SYSTEMPATH\CodeIgniter.php(507): CodeIgniter\CodeIgniter->runController(Object(App\Controllers\Factura))
 7 SYSTEMPATH\CodeIgniter.php(354): CodeIgniter\CodeIgniter->handleRequest(null, Object(Config\Cache), false)
 8 SYSTEMPATH\Boot.php(363): CodeIgniter\CodeIgniter->run()
 9 SYSTEMPATH\Boot.php(68): CodeIgniter\Boot::runCodeIgniter(Object(CodeIgniter\CodeIgniter))
10 FCPATH\index.php(59): CodeIgniter\Boot::bootWeb(Object(Config\Paths))
WARNING - 2025-11-28 23:02:16 --> [DEPRECATED] Function utf8_encode() is deprecated in APPPATH\Libraries\cfdi_sat\satxmlsv33.php on line 242.
 1 APPPATH\Libraries\cfdi_sat\satxmlsv33.php(93): GeneraXML->satxmlsv33_cargaAtt(Object(DOMElement), [...])
 2 APPPATH\Libraries\cfdi_sat\satxmlsv33.php(40): GeneraXML->satxmlsv33_emisor([...], '', 'C:\\xampp\\htdocs\\pos\\app\\Libraries/cfdi_sat/', '')
 3 APPPATH\Libraries\cfdi_sat\satxmlsv33.php(27): GeneraXML->satxmlsv33_genera_xml([...], '', 'C:\\xampp\\htdocs\\pos\\app\\Libraries/cfdi_sat/', '')
 4 APPPATH\Controllers\Factura.php(64): GeneraXML->satxmlsv33([...], '', 'C:\\xampp\\htdocs\\pos\\app\\Libraries/cfdi_sat/', '')
 5 SYSTEMPATH\CodeIgniter.php(933): App\Controllers\Factura->facturar('3')
 6 SYSTEMPATH\CodeIgniter.php(507): CodeIgniter\CodeIgniter->runController(Object(App\Controllers\Factura))
 7 SYSTEMPATH\CodeIgniter.php(354): CodeIgniter\CodeIgniter->handleRequest(null, Object(Config\Cache), false)
 8 SYSTEMPATH\Boot.php(363): CodeIgniter\CodeIgniter->run()
 9 SYSTEMPATH\Boot.php(68): CodeIgniter\Boot::runCodeIgniter(Object(CodeIgniter\CodeIgniter))
10 FCPATH\index.php(59): CodeIgniter\Boot::bootWeb(Object(Config\Paths))
WARNING - 2025-11-28 23:02:16 --> [DEPRECATED] Function utf8_encode() is deprecated in APPPATH\Libraries\cfdi_sat\satxmlsv33.php on line 242.
 1 APPPATH\Libraries\cfdi_sat\satxmlsv33.php(105): GeneraXML->satxmlsv33_cargaAtt(Object(DOMElement), [...])
 2 APPPATH\Libraries\cfdi_sat\satxmlsv33.php(41): GeneraXML->satxmlsv33_receptor([...], '', 'C:\\xampp\\htdocs\\pos\\app\\Libraries/cfdi_sat/', '')
 3 APPPATH\Libraries\cfdi_sat\satxmlsv33.php(27): GeneraXML->satxmlsv33_genera_xml([...], '', 'C:\\xampp\\htdocs\\pos\\app\\Libraries/cfdi_sat/', '')
 4 APPPATH\Controllers\Factura.php(64): GeneraXML->satxmlsv33([...], '', 'C:\\xampp\\htdocs\\pos\\app\\Libraries/cfdi_sat/', '')
 5 SYSTEMPATH\CodeIgniter.php(933): App\Controllers\Factura->facturar('3')
 6 SYSTEMPATH\CodeIgniter.php(507): CodeIgniter\CodeIgniter->runController(Object(App\Controllers\Factura))
 7 SYSTEMPATH\CodeIgniter.php(354): CodeIgniter\CodeIgniter->handleRequest(null, Object(Config\Cache), false)
 8 SYSTEMPATH\Boot.php(363): CodeIgniter\CodeIgniter->run()
 9 SYSTEMPATH\Boot.php(68): CodeIgniter\Boot::runCodeIgniter(Object(CodeIgniter\CodeIgniter))
10 FCPATH\index.php(59): CodeIgniter\Boot::bootWeb(Object(Config\Paths))
WARNING - 2025-11-28 23:02:16 --> [DEPRECATED] Function utf8_encode() is deprecated in APPPATH\Libraries\cfdi_sat\satxmlsv33.php on line 242.
 1 APPPATH\Libraries\cfdi_sat\satxmlsv33.php(105): GeneraXML->satxmlsv33_cargaAtt(Object(DOMElement), [...])
 2 APPPATH\Libraries\cfdi_sat\satxmlsv33.php(41): GeneraXML->satxmlsv33_receptor([...], '', 'C:\\xampp\\htdocs\\pos\\app\\Libraries/cfdi_sat/', '')
 3 APPPATH\Libraries\cfdi_sat\satxmlsv33.php(27): GeneraXML->satxmlsv33_genera_xml([...], '', 'C:\\xampp\\htdocs\\pos\\app\\Libraries/cfdi_sat/', '')
 4 APPPATH\Controllers\Factura.php(64): GeneraXML->satxmlsv33([...], '', 'C:\\xampp\\htdocs\\pos\\app\\Libraries/cfdi_sat/', '')
 5 SYSTEMPATH\CodeIgniter.php(933): App\Controllers\Factura->facturar('3')
 6 SYSTEMPATH\CodeIgniter.php(507): CodeIgniter\CodeIgniter->runController(Object(App\Controllers\Factura))
 7 SYSTEMPATH\CodeIgniter.php(354): CodeIgniter\CodeIgniter->handleRequest(null, Object(Config\Cache), false)
 8 SYSTEMPATH\Boot.php(363): CodeIgniter\CodeIgniter->run()
 9 SYSTEMPATH\Boot.php(68): CodeIgniter\Boot::runCodeIgniter(Object(CodeIgniter\CodeIgniter))
10 FCPATH\index.php(59): CodeIgniter\Boot::bootWeb(Object(Config\Paths))
WARNING - 2025-11-28 23:02:16 --> [DEPRECATED] Function utf8_encode() is deprecated in APPPATH\Libraries\cfdi_sat\satxmlsv33.php on line 242.
 1 APPPATH\Libraries\cfdi_sat\satxmlsv33.php(105): GeneraXML->satxmlsv33_cargaAtt(Object(DOMElement), [...])
 2 APPPATH\Libraries\cfdi_sat\satxmlsv33.php(41): GeneraXML->satxmlsv33_receptor([...], '', 'C:\\xampp\\htdocs\\pos\\app\\Libraries/cfdi_sat/', '')
 3 APPPATH\Libraries\cfdi_sat\satxmlsv33.php(27): GeneraXML->satxmlsv33_genera_xml([...], '', 'C:\\xampp\\htdocs\\pos\\app\\Libraries/cfdi_sat/', '')
 4 APPPATH\Controllers\Factura.php(64): GeneraXML->satxmlsv33([...], '', 'C:\\xampp\\htdocs\\pos\\app\\Libraries/cfdi_sat/', '')
 5 SYSTEMPATH\CodeIgniter.php(933): App\Controllers\Factura->facturar('3')
 6 SYSTEMPATH\CodeIgniter.php(507): CodeIgniter\CodeIgniter->runController(Object(App\Controllers\Factura))
 7 SYSTEMPATH\CodeIgniter.php(354): CodeIgniter\CodeIgniter->handleRequest(null, Object(Config\Cache), false)
 8 SYSTEMPATH\Boot.php(363): CodeIgniter\CodeIgniter->run()
 9 SYSTEMPATH\Boot.php(68): CodeIgniter\Boot::runCodeIgniter(Object(CodeIgniter\CodeIgniter))
10 FCPATH\index.php(59): CodeIgniter\Boot::bootWeb(Object(Config\Paths))
WARNING - 2025-11-28 23:02:16 --> [DEPRECATED] Function utf8_encode() is deprecated in APPPATH\Libraries\cfdi_sat\satxmlsv33.php on line 242.
 1 APPPATH\Libraries\cfdi_sat\satxmlsv33.php(123): GeneraXML->satxmlsv33_cargaAtt(Object(DOMElement), [...])
 2 APPPATH\Libraries\cfdi_sat\satxmlsv33.php(42): GeneraXML->satxmlsv33_conceptos([...], '', 'C:\\xampp\\htdocs\\pos\\app\\Libraries/cfdi_sat/', '')
 3 APPPATH\Libraries\cfdi_sat\satxmlsv33.php(27): GeneraXML->satxmlsv33_genera_xml([...], '', 'C:\\xampp\\htdocs\\pos\\app\\Libraries/cfdi_sat/', '')
 4 APPPATH\Controllers\Factura.php(64): GeneraXML->satxmlsv33([...], '', 'C:\\xampp\\htdocs\\pos\\app\\Libraries/cfdi_sat/', '')
 5 SYSTEMPATH\CodeIgniter.php(933): App\Controllers\Factura->facturar('3')
 6 SYSTEMPATH\CodeIgniter.php(507): CodeIgniter\CodeIgniter->runController(Object(App\Controllers\Factura))
 7 SYSTEMPATH\CodeIgniter.php(354): CodeIgniter\CodeIgniter->handleRequest(null, Object(Config\Cache), false)
 8 SYSTEMPATH\Boot.php(363): CodeIgniter\CodeIgniter->run()
 9 SYSTEMPATH\Boot.php(68): CodeIgniter\Boot::runCodeIgniter(Object(CodeIgniter\CodeIgniter))
10 FCPATH\index.php(59): CodeIgniter\Boot::bootWeb(Object(Config\Paths))
WARNING - 2025-11-28 23:02:16 --> [DEPRECATED] Function utf8_encode() is deprecated in APPPATH\Libraries\cfdi_sat\satxmlsv33.php on line 242.
 1 APPPATH\Libraries\cfdi_sat\satxmlsv33.php(123): GeneraXML->satxmlsv33_cargaAtt(Object(DOMElement), [...])
 2 APPPATH\Libraries\cfdi_sat\satxmlsv33.php(42): GeneraXML->satxmlsv33_conceptos([...], '', 'C:\\xampp\\htdocs\\pos\\app\\Libraries/cfdi_sat/', '')
 3 APPPATH\Libraries\cfdi_sat\satxmlsv33.php(27): GeneraXML->satxmlsv33_genera_xml([...], '', 'C:\\xampp\\htdocs\\pos\\app\\Libraries/cfdi_sat/', '')
 4 APPPATH\Controllers\Factura.php(64): GeneraXML->satxmlsv33([...], '', 'C:\\xampp\\htdocs\\pos\\app\\Libraries/cfdi_sat/', '')
 5 SYSTEMPATH\CodeIgniter.php(933): App\Controllers\Factura->facturar('3')
 6 SYSTEMPATH\CodeIgniter.php(507): CodeIgniter\CodeIgniter->runController(Object(App\Controllers\Factura))
 7 SYSTEMPATH\CodeIgniter.php(354): CodeIgniter\CodeIgniter->handleRequest(null, Object(Config\Cache), false)
 8 SYSTEMPATH\Boot.php(363): CodeIgniter\CodeIgniter->run()
 9 SYSTEMPATH\Boot.php(68): CodeIgniter\Boot::runCodeIgniter(Object(CodeIgniter\CodeIgniter))
10 FCPATH\index.php(59): CodeIgniter\Boot::bootWeb(Object(Config\Paths))
WARNING - 2025-11-28 23:02:16 --> [DEPRECATED] Function utf8_encode() is deprecated in APPPATH\Libraries\cfdi_sat\satxmlsv33.php on line 242.
 1 APPPATH\Libraries\cfdi_sat\satxmlsv33.php(123): GeneraXML->satxmlsv33_cargaAtt(Object(DOMElement), [...])
 2 APPPATH\Libraries\cfdi_sat\satxmlsv33.php(42): GeneraXML->satxmlsv33_conceptos([...], '', 'C:\\xampp\\htdocs\\pos\\app\\Libraries/cfdi_sat/', '')
 3 APPPATH\Libraries\cfdi_sat\satxmlsv33.php(27): GeneraXML->satxmlsv33_genera_xml([...], '', 'C:\\xampp\\htdocs\\pos\\app\\Libraries/cfdi_sat/', '')
 4 APPPATH\Controllers\Factura.php(64): GeneraXML->satxmlsv33([...], '', 'C:\\xampp\\htdocs\\pos\\app\\Libraries/cfdi_sat/', '')
 5 SYSTEMPATH\CodeIgniter.php(933): App\Controllers\Factura->facturar('3')
 6 SYSTEMPATH\CodeIgniter.php(507): CodeIgniter\CodeIgniter->runController(Object(App\Controllers\Factura))
 7 SYSTEMPATH\CodeIgniter.php(354): CodeIgniter\CodeIgniter->handleRequest(null, Object(Config\Cache), false)
 8 SYSTEMPATH\Boot.php(363): CodeIgniter\CodeIgniter->run()
 9 SYSTEMPATH\Boot.php(68): CodeIgniter\Boot::runCodeIgniter(Object(CodeIgniter\CodeIgniter))
10 FCPATH\index.php(59): CodeIgniter\Boot::bootWeb(Object(Config\Paths))
WARNING - 2025-11-28 23:02:16 --> [DEPRECATED] Function utf8_encode() is deprecated in APPPATH\Libraries\cfdi_sat\satxmlsv33.php on line 242.
 1 APPPATH\Libraries\cfdi_sat\satxmlsv33.php(123): GeneraXML->satxmlsv33_cargaAtt(Object(DOMElement), [...])
 2 APPPATH\Libraries\cfdi_sat\satxmlsv33.php(42): GeneraXML->satxmlsv33_conceptos([...], '', 'C:\\xampp\\htdocs\\pos\\app\\Libraries/cfdi_sat/', '')
 3 APPPATH\Libraries\cfdi_sat\satxmlsv33.php(27): GeneraXML->satxmlsv33_genera_xml([...], '', 'C:\\xampp\\htdocs\\pos\\app\\Libraries/cfdi_sat/', '')
 4 APPPATH\Controllers\Factura.php(64): GeneraXML->satxmlsv33([...], '', 'C:\\xampp\\htdocs\\pos\\app\\Libraries/cfdi_sat/', '')
 5 SYSTEMPATH\CodeIgniter.php(933): App\Controllers\Factura->facturar('3')
 6 SYSTEMPATH\CodeIgniter.php(507): CodeIgniter\CodeIgniter->runController(Object(App\Controllers\Factura))
 7 SYSTEMPATH\CodeIgniter.php(354): CodeIgniter\CodeIgniter->handleRequest(null, Object(Config\Cache), false)
 8 SYSTEMPATH\Boot.php(363): CodeIgniter\CodeIgniter->run()
 9 SYSTEMPATH\Boot.php(68): CodeIgniter\Boot::runCodeIgniter(Object(CodeIgniter\CodeIgniter))
10 FCPATH\index.php(59): CodeIgniter\Boot::bootWeb(Object(Config\Paths))
WARNING - 2025-11-28 23:02:16 --> [DEPRECATED] Function utf8_encode() is deprecated in APPPATH\Libraries\cfdi_sat\satxmlsv33.php on line 242.
 1 APPPATH\Libraries\cfdi_sat\satxmlsv33.php(123): GeneraXML->satxmlsv33_cargaAtt(Object(DOMElement), [...])
 2 APPPATH\Libraries\cfdi_sat\satxmlsv33.php(42): GeneraXML->satxmlsv33_conceptos([...], '', 'C:\\xampp\\htdocs\\pos\\app\\Libraries/cfdi_sat/', '')
 3 APPPATH\Libraries\cfdi_sat\satxmlsv33.php(27): GeneraXML->satxmlsv33_genera_xml([...], '', 'C:\\xampp\\htdocs\\pos\\app\\Libraries/cfdi_sat/', '')
 4 APPPATH\Controllers\Factura.php(64): GeneraXML->satxmlsv33([...], '', 'C:\\xampp\\htdocs\\pos\\app\\Libraries/cfdi_sat/', '')
 5 SYSTEMPATH\CodeIgniter.php(933): App\Controllers\Factura->facturar('3')
 6 SYSTEMPATH\CodeIgniter.php(507): CodeIgniter\CodeIgniter->runController(Object(App\Controllers\Factura))
 7 SYSTEMPATH\CodeIgniter.php(354): CodeIgniter\CodeIgniter->handleRequest(null, Object(Config\Cache), false)
 8 SYSTEMPATH\Boot.php(363): CodeIgniter\CodeIgniter->run()
 9 SYSTEMPATH\Boot.php(68): CodeIgniter\Boot::runCodeIgniter(Object(CodeIgniter\CodeIgniter))
10 FCPATH\index.php(59): CodeIgniter\Boot::bootWeb(Object(Config\Paths))
WARNING - 2025-11-28 23:02:16 --> [DEPRECATED] Function utf8_encode() is deprecated in APPPATH\Libraries\cfdi_sat\satxmlsv33.php on line 242.
 1 APPPATH\Libraries\cfdi_sat\satxmlsv33.php(123): GeneraXML->satxmlsv33_cargaAtt(Object(DOMElement), [...])
 2 APPPATH\Libraries\cfdi_sat\satxmlsv33.php(42): GeneraXML->satxmlsv33_conceptos([...], '', 'C:\\xampp\\htdocs\\pos\\app\\Libraries/cfdi_sat/', '')
 3 APPPATH\Libraries\cfdi_sat\satxmlsv33.php(27): GeneraXML->satxmlsv33_genera_xml([...], '', 'C:\\xampp\\htdocs\\pos\\app\\Libraries/cfdi_sat/', '')
 4 APPPATH\Controllers\Factura.php(64): GeneraXML->satxmlsv33([...], '', 'C:\\xampp\\htdocs\\pos\\app\\Libraries/cfdi_sat/', '')
 5 SYSTEMPATH\CodeIgniter.php(933): App\Controllers\Factura->facturar('3')
 6 SYSTEMPATH\CodeIgniter.php(507): CodeIgniter\CodeIgniter->runController(Object(App\Controllers\Factura))
 7 SYSTEMPATH\CodeIgniter.php(354): CodeIgniter\CodeIgniter->handleRequest(null, Object(Config\Cache), false)
 8 SYSTEMPATH\Boot.php(363): CodeIgniter\CodeIgniter->run()
 9 SYSTEMPATH\Boot.php(68): CodeIgniter\Boot::runCodeIgniter(Object(CodeIgniter\CodeIgniter))
10 FCPATH\index.php(59): CodeIgniter\Boot::bootWeb(Object(Config\Paths))
WARNING - 2025-11-28 23:02:17 --> [DEPRECATED] Function utf8_encode() is deprecated in APPPATH\Libraries\cfdi_sat\satxmlsv33.php on line 242.
 1 APPPATH\Libraries\cfdi_sat\satxmlsv33.php(123): GeneraXML->satxmlsv33_cargaAtt(Object(DOMElement), [...])
 2 APPPATH\Libraries\cfdi_sat\satxmlsv33.php(42): GeneraXML->satxmlsv33_conceptos([...], '', 'C:\\xampp\\htdocs\\pos\\app\\Libraries/cfdi_sat/', '')
 3 APPPATH\Libraries\cfdi_sat\satxmlsv33.php(27): GeneraXML->satxmlsv33_genera_xml([...], '', 'C:\\xampp\\htdocs\\pos\\app\\Libraries/cfdi_sat/', '')
 4 APPPATH\Controllers\Factura.php(64): GeneraXML->satxmlsv33([...], '', 'C:\\xampp\\htdocs\\pos\\app\\Libraries/cfdi_sat/', '')
 5 SYSTEMPATH\CodeIgniter.php(933): App\Controllers\Factura->facturar('3')
 6 SYSTEMPATH\CodeIgniter.php(507): CodeIgniter\CodeIgniter->runController(Object(App\Controllers\Factura))
 7 SYSTEMPATH\CodeIgniter.php(354): CodeIgniter\CodeIgniter->handleRequest(null, Object(Config\Cache), false)
 8 SYSTEMPATH\Boot.php(363): CodeIgniter\CodeIgniter->run()
 9 SYSTEMPATH\Boot.php(68): CodeIgniter\Boot::runCodeIgniter(Object(CodeIgniter\CodeIgniter))
10 FCPATH\index.php(59): CodeIgniter\Boot::bootWeb(Object(Config\Paths))
WARNING - 2025-11-28 23:02:17 --> [DEPRECATED] Function utf8_encode() is deprecated in APPPATH\Libraries\cfdi_sat\satxmlsv33.php on line 242.
 1 APPPATH\Libraries\cfdi_sat\satxmlsv33.php(123): GeneraXML->satxmlsv33_cargaAtt(Object(DOMElement), [...])
 2 APPPATH\Libraries\cfdi_sat\satxmlsv33.php(42): GeneraXML->satxmlsv33_conceptos([...], '', 'C:\\xampp\\htdocs\\pos\\app\\Libraries/cfdi_sat/', '')
 3 APPPATH\Libraries\cfdi_sat\satxmlsv33.php(27): GeneraXML->satxmlsv33_genera_xml([...], '', 'C:\\xampp\\htdocs\\pos\\app\\Libraries/cfdi_sat/', '')
 4 APPPATH\Controllers\Factura.php(64): GeneraXML->satxmlsv33([...], '', 'C:\\xampp\\htdocs\\pos\\app\\Libraries/cfdi_sat/', '')
 5 SYSTEMPATH\CodeIgniter.php(933): App\Controllers\Factura->facturar('3')
 6 SYSTEMPATH\CodeIgniter.php(507): CodeIgniter\CodeIgniter->runController(Object(App\Controllers\Factura))
 7 SYSTEMPATH\CodeIgniter.php(354): CodeIgniter\CodeIgniter->handleRequest(null, Object(Config\Cache), false)
 8 SYSTEMPATH\Boot.php(363): CodeIgniter\CodeIgniter->run()
 9 SYSTEMPATH\Boot.php(68): CodeIgniter\Boot::runCodeIgniter(Object(CodeIgniter\CodeIgniter))
10 FCPATH\index.php(59): CodeIgniter\Boot::bootWeb(Object(Config\Paths))
WARNING - 2025-11-28 23:02:17 --> [DEPRECATED] Function utf8_encode() is deprecated in APPPATH\Libraries\cfdi_sat\satxmlsv33.php on line 242.
 1 APPPATH\Libraries\cfdi_sat\satxmlsv33.php(123): GeneraXML->satxmlsv33_cargaAtt(Object(DOMElement), [...])
 2 APPPATH\Libraries\cfdi_sat\satxmlsv33.php(42): GeneraXML->satxmlsv33_conceptos([...], '', 'C:\\xampp\\htdocs\\pos\\app\\Libraries/cfdi_sat/', '')
 3 APPPATH\Libraries\cfdi_sat\satxmlsv33.php(27): GeneraXML->satxmlsv33_genera_xml([...], '', 'C:\\xampp\\htdocs\\pos\\app\\Libraries/cfdi_sat/', '')
 4 APPPATH\Controllers\Factura.php(64): GeneraXML->satxmlsv33([...], '', 'C:\\xampp\\htdocs\\pos\\app\\Libraries/cfdi_sat/', '')
 5 SYSTEMPATH\CodeIgniter.php(933): App\Controllers\Factura->facturar('3')
 6 SYSTEMPATH\CodeIgniter.php(507): CodeIgniter\CodeIgniter->runController(Object(App\Controllers\Factura))
 7 SYSTEMPATH\CodeIgniter.php(354): CodeIgniter\CodeIgniter->handleRequest(null, Object(Config\Cache), false)
 8 SYSTEMPATH\Boot.php(363): CodeIgniter\CodeIgniter->run()
 9 SYSTEMPATH\Boot.php(68): CodeIgniter\Boot::runCodeIgniter(Object(CodeIgniter\CodeIgniter))
10 FCPATH\index.php(59): CodeIgniter\Boot::bootWeb(Object(Config\Paths))
WARNING - 2025-11-28 23:02:17 --> [DEPRECATED] Function utf8_encode() is deprecated in APPPATH\Libraries\cfdi_sat\satxmlsv33.php on line 242.
 1 APPPATH\Libraries\cfdi_sat\satxmlsv33.php(144): GeneraXML->satxmlsv33_cargaAtt(Object(DOMElement), [...])
 2 APPPATH\Libraries\cfdi_sat\satxmlsv33.php(42): GeneraXML->satxmlsv33_conceptos([...], '', 'C:\\xampp\\htdocs\\pos\\app\\Libraries/cfdi_sat/', '')
 3 APPPATH\Libraries\cfdi_sat\satxmlsv33.php(27): GeneraXML->satxmlsv33_genera_xml([...], '', 'C:\\xampp\\htdocs\\pos\\app\\Libraries/cfdi_sat/', '')
 4 APPPATH\Controllers\Factura.php(64): GeneraXML->satxmlsv33([...], '', 'C:\\xampp\\htdocs\\pos\\app\\Libraries/cfdi_sat/', '')
 5 SYSTEMPATH\CodeIgniter.php(933): App\Controllers\Factura->facturar('3')
 6 SYSTEMPATH\CodeIgniter.php(507): CodeIgniter\CodeIgniter->runController(Object(App\Controllers\Factura))
 7 SYSTEMPATH\CodeIgniter.php(354): CodeIgniter\CodeIgniter->handleRequest(null, Object(Config\Cache), false)
 8 SYSTEMPATH\Boot.php(363): CodeIgniter\CodeIgniter->run()
 9 SYSTEMPATH\Boot.php(68): CodeIgniter\Boot::runCodeIgniter(Object(CodeIgniter\CodeIgniter))
10 FCPATH\index.php(59): CodeIgniter\Boot::bootWeb(Object(Config\Paths))
WARNING - 2025-11-28 23:02:17 --> [DEPRECATED] Function utf8_encode() is deprecated in APPPATH\Libraries\cfdi_sat\satxmlsv33.php on line 242.
 1 APPPATH\Libraries\cfdi_sat\satxmlsv33.php(144): GeneraXML->satxmlsv33_cargaAtt(Object(DOMElement), [...])
 2 APPPATH\Libraries\cfdi_sat\satxmlsv33.php(42): GeneraXML->satxmlsv33_conceptos([...], '', 'C:\\xampp\\htdocs\\pos\\app\\Libraries/cfdi_sat/', '')
 3 APPPATH\Libraries\cfdi_sat\satxmlsv33.php(27): GeneraXML->satxmlsv33_genera_xml([...], '', 'C:\\xampp\\htdocs\\pos\\app\\Libraries/cfdi_sat/', '')
 4 APPPATH\Controllers\Factura.php(64): GeneraXML->satxmlsv33([...], '', 'C:\\xampp\\htdocs\\pos\\app\\Libraries/cfdi_sat/', '')
 5 SYSTEMPATH\CodeIgniter.php(933): App\Controllers\Factura->facturar('3')
 6 SYSTEMPATH\CodeIgniter.php(507): CodeIgniter\CodeIgniter->runController(Object(App\Controllers\Factura))
 7 SYSTEMPATH\CodeIgniter.php(354): CodeIgniter\CodeIgniter->handleRequest(null, Object(Config\Cache), false)
 8 SYSTEMPATH\Boot.php(363): CodeIgniter\CodeIgniter->run()
 9 SYSTEMPATH\Boot.php(68): CodeIgniter\Boot::runCodeIgniter(Object(CodeIgniter\CodeIgniter))
10 FCPATH\index.php(59): CodeIgniter\Boot::bootWeb(Object(Config\Paths))
WARNING - 2025-11-28 23:02:17 --> [DEPRECATED] Function utf8_encode() is deprecated in APPPATH\Libraries\cfdi_sat\satxmlsv33.php on line 242.
 1 APPPATH\Libraries\cfdi_sat\satxmlsv33.php(144): GeneraXML->satxmlsv33_cargaAtt(Object(DOMElement), [...])
 2 APPPATH\Libraries\cfdi_sat\satxmlsv33.php(42): GeneraXML->satxmlsv33_conceptos([...], '', 'C:\\xampp\\htdocs\\pos\\app\\Libraries/cfdi_sat/', '')
 3 APPPATH\Libraries\cfdi_sat\satxmlsv33.php(27): GeneraXML->satxmlsv33_genera_xml([...], '', 'C:\\xampp\\htdocs\\pos\\app\\Libraries/cfdi_sat/', '')
 4 APPPATH\Controllers\Factura.php(64): GeneraXML->satxmlsv33([...], '', 'C:\\xampp\\htdocs\\pos\\app\\Libraries/cfdi_sat/', '')
 5 SYSTEMPATH\CodeIgniter.php(933): App\Controllers\Factura->facturar('3')
 6 SYSTEMPATH\CodeIgniter.php(507): CodeIgniter\CodeIgniter->runController(Object(App\Controllers\Factura))
 7 SYSTEMPATH\CodeIgniter.php(354): CodeIgniter\CodeIgniter->handleRequest(null, Object(Config\Cache), false)
 8 SYSTEMPATH\Boot.php(363): CodeIgniter\CodeIgniter->run()
 9 SYSTEMPATH\Boot.php(68): CodeIgniter\Boot::runCodeIgniter(Object(CodeIgniter\CodeIgniter))
10 FCPATH\index.php(59): CodeIgniter\Boot::bootWeb(Object(Config\Paths))
WARNING - 2025-11-28 23:02:17 --> [DEPRECATED] Function utf8_encode() is deprecated in APPPATH\Libraries\cfdi_sat\satxmlsv33.php on line 242.
 1 APPPATH\Libraries\cfdi_sat\satxmlsv33.php(144): GeneraXML->satxmlsv33_cargaAtt(Object(DOMElement), [...])
 2 APPPATH\Libraries\cfdi_sat\satxmlsv33.php(42): GeneraXML->satxmlsv33_conceptos([...], '', 'C:\\xampp\\htdocs\\pos\\app\\Libraries/cfdi_sat/', '')
 3 APPPATH\Libraries\cfdi_sat\satxmlsv33.php(27): GeneraXML->satxmlsv33_genera_xml([...], '', 'C:\\xampp\\htdocs\\pos\\app\\Libraries/cfdi_sat/', '')
 4 APPPATH\Controllers\Factura.php(64): GeneraXML->satxmlsv33([...], '', 'C:\\xampp\\htdocs\\pos\\app\\Libraries/cfdi_sat/', '')
 5 SYSTEMPATH\CodeIgniter.php(933): App\Controllers\Factura->facturar('3')
 6 SYSTEMPATH\CodeIgniter.php(507): CodeIgniter\CodeIgniter->runController(Object(App\Controllers\Factura))
 7 SYSTEMPATH\CodeIgniter.php(354): CodeIgniter\CodeIgniter->handleRequest(null, Object(Config\Cache), false)
 8 SYSTEMPATH\Boot.php(363): CodeIgniter\CodeIgniter->run()
 9 SYSTEMPATH\Boot.php(68): CodeIgniter\Boot::runCodeIgniter(Object(CodeIgniter\CodeIgniter))
10 FCPATH\index.php(59): CodeIgniter\Boot::bootWeb(Object(Config\Paths))
WARNING - 2025-11-28 23:02:17 --> [DEPRECATED] Function utf8_encode() is deprecated in APPPATH\Libraries\cfdi_sat\satxmlsv33.php on line 242.
 1 APPPATH\Libraries\cfdi_sat\satxmlsv33.php(144): GeneraXML->satxmlsv33_cargaAtt(Object(DOMElement), [...])
 2 APPPATH\Libraries\cfdi_sat\satxmlsv33.php(42): GeneraXML->satxmlsv33_conceptos([...], '', 'C:\\xampp\\htdocs\\pos\\app\\Libraries/cfdi_sat/', '')
 3 APPPATH\Libraries\cfdi_sat\satxmlsv33.php(27): GeneraXML->satxmlsv33_genera_xml([...], '', 'C:\\xampp\\htdocs\\pos\\app\\Libraries/cfdi_sat/', '')
 4 APPPATH\Controllers\Factura.php(64): GeneraXML->satxmlsv33([...], '', 'C:\\xampp\\htdocs\\pos\\app\\Libraries/cfdi_sat/', '')
 5 SYSTEMPATH\CodeIgniter.php(933): App\Controllers\Factura->facturar('3')
 6 SYSTEMPATH\CodeIgniter.php(507): CodeIgniter\CodeIgniter->runController(Object(App\Controllers\Factura))
 7 SYSTEMPATH\CodeIgniter.php(354): CodeIgniter\CodeIgniter->handleRequest(null, Object(Config\Cache), false)
 8 SYSTEMPATH\Boot.php(363): CodeIgniter\CodeIgniter->run()
 9 SYSTEMPATH\Boot.php(68): CodeIgniter\Boot::runCodeIgniter(Object(CodeIgniter\CodeIgniter))
10 FCPATH\index.php(59): CodeIgniter\Boot::bootWeb(Object(Config\Paths))
WARNING - 2025-11-28 23:02:17 --> [DEPRECATED] Function utf8_encode() is deprecated in APPPATH\Libraries\cfdi_sat\satxmlsv33.php on line 242.
 1 APPPATH\Libraries\cfdi_sat\satxmlsv33.php(165): GeneraXML->satxmlsv33_cargaAtt(Object(DOMElement), [...])
 2 APPPATH\Libraries\cfdi_sat\satxmlsv33.php(43): GeneraXML->satxmlsv33_impuestos([...], '', 'C:\\xampp\\htdocs\\pos\\app\\Libraries/cfdi_sat/', '')
 3 APPPATH\Libraries\cfdi_sat\satxmlsv33.php(27): GeneraXML->satxmlsv33_genera_xml([...], '', 'C:\\xampp\\htdocs\\pos\\app\\Libraries/cfdi_sat/', '')
 4 APPPATH\Controllers\Factura.php(64): GeneraXML->satxmlsv33([...], '', 'C:\\xampp\\htdocs\\pos\\app\\Libraries/cfdi_sat/', '')
 5 SYSTEMPATH\CodeIgniter.php(933): App\Controllers\Factura->facturar('3')
 6 SYSTEMPATH\CodeIgniter.php(507): CodeIgniter\CodeIgniter->runController(Object(App\Controllers\Factura))
 7 SYSTEMPATH\CodeIgniter.php(354): CodeIgniter\CodeIgniter->handleRequest(null, Object(Config\Cache), false)
 8 SYSTEMPATH\Boot.php(363): CodeIgniter\CodeIgniter->run()
 9 SYSTEMPATH\Boot.php(68): CodeIgniter\Boot::runCodeIgniter(Object(CodeIgniter\CodeIgniter))
10 FCPATH\index.php(59): CodeIgniter\Boot::bootWeb(Object(Config\Paths))
WARNING - 2025-11-28 23:02:17 --> [DEPRECATED] Function utf8_encode() is deprecated in APPPATH\Libraries\cfdi_sat\satxmlsv33.php on line 242.
 1 APPPATH\Libraries\cfdi_sat\satxmlsv33.php(165): GeneraXML->satxmlsv33_cargaAtt(Object(DOMElement), [...])
 2 APPPATH\Libraries\cfdi_sat\satxmlsv33.php(43): GeneraXML->satxmlsv33_impuestos([...], '', 'C:\\xampp\\htdocs\\pos\\app\\Libraries/cfdi_sat/', '')
 3 APPPATH\Libraries\cfdi_sat\satxmlsv33.php(27): GeneraXML->satxmlsv33_genera_xml([...], '', 'C:\\xampp\\htdocs\\pos\\app\\Libraries/cfdi_sat/', '')
 4 APPPATH\Controllers\Factura.php(64): GeneraXML->satxmlsv33([...], '', 'C:\\xampp\\htdocs\\pos\\app\\Libraries/cfdi_sat/', '')
 5 SYSTEMPATH\CodeIgniter.php(933): App\Controllers\Factura->facturar('3')
 6 SYSTEMPATH\CodeIgniter.php(507): CodeIgniter\CodeIgniter->runController(Object(App\Controllers\Factura))
 7 SYSTEMPATH\CodeIgniter.php(354): CodeIgniter\CodeIgniter->handleRequest(null, Object(Config\Cache), false)
 8 SYSTEMPATH\Boot.php(363): CodeIgniter\CodeIgniter->run()
 9 SYSTEMPATH\Boot.php(68): CodeIgniter\Boot::runCodeIgniter(Object(CodeIgniter\CodeIgniter))
10 FCPATH\index.php(59): CodeIgniter\Boot::bootWeb(Object(Config\Paths))
WARNING - 2025-11-28 23:02:17 --> [DEPRECATED] Function utf8_encode() is deprecated in APPPATH\Libraries\cfdi_sat\satxmlsv33.php on line 242.
 1 APPPATH\Libraries\cfdi_sat\satxmlsv33.php(165): GeneraXML->satxmlsv33_cargaAtt(Object(DOMElement), [...])
 2 APPPATH\Libraries\cfdi_sat\satxmlsv33.php(43): GeneraXML->satxmlsv33_impuestos([...], '', 'C:\\xampp\\htdocs\\pos\\app\\Libraries/cfdi_sat/', '')
 3 APPPATH\Libraries\cfdi_sat\satxmlsv33.php(27): GeneraXML->satxmlsv33_genera_xml([...], '', 'C:\\xampp\\htdocs\\pos\\app\\Libraries/cfdi_sat/', '')
 4 APPPATH\Controllers\Factura.php(64): GeneraXML->satxmlsv33([...], '', 'C:\\xampp\\htdocs\\pos\\app\\Libraries/cfdi_sat/', '')
 5 SYSTEMPATH\CodeIgniter.php(933): App\Controllers\Factura->facturar('3')
 6 SYSTEMPATH\CodeIgniter.php(507): CodeIgniter\CodeIgniter->runController(Object(App\Controllers\Factura))
 7 SYSTEMPATH\CodeIgniter.php(354): CodeIgniter\CodeIgniter->handleRequest(null, Object(Config\Cache), false)
 8 SYSTEMPATH\Boot.php(363): CodeIgniter\CodeIgniter->run()
 9 SYSTEMPATH\Boot.php(68): CodeIgniter\Boot::runCodeIgniter(Object(CodeIgniter\CodeIgniter))
10 FCPATH\index.php(59): CodeIgniter\Boot::bootWeb(Object(Config\Paths))
WARNING - 2025-11-28 23:02:17 --> [DEPRECATED] Function utf8_encode() is deprecated in APPPATH\Libraries\cfdi_sat\satxmlsv33.php on line 242.
 1 APPPATH\Libraries\cfdi_sat\satxmlsv33.php(165): GeneraXML->satxmlsv33_cargaAtt(Object(DOMElement), [...])
 2 APPPATH\Libraries\cfdi_sat\satxmlsv33.php(43): GeneraXML->satxmlsv33_impuestos([...], '', 'C:\\xampp\\htdocs\\pos\\app\\Libraries/cfdi_sat/', '')
 3 APPPATH\Libraries\cfdi_sat\satxmlsv33.php(27): GeneraXML->satxmlsv33_genera_xml([...], '', 'C:\\xampp\\htdocs\\pos\\app\\Libraries/cfdi_sat/', '')
 4 APPPATH\Controllers\Factura.php(64): GeneraXML->satxmlsv33([...], '', 'C:\\xampp\\htdocs\\pos\\app\\Libraries/cfdi_sat/', '')
 5 SYSTEMPATH\CodeIgniter.php(933): App\Controllers\Factura->facturar('3')
 6 SYSTEMPATH\CodeIgniter.php(507): CodeIgniter\CodeIgniter->runController(Object(App\Controllers\Factura))
 7 SYSTEMPATH\CodeIgniter.php(354): CodeIgniter\CodeIgniter->handleRequest(null, Object(Config\Cache), false)
 8 SYSTEMPATH\Boot.php(363): CodeIgniter\CodeIgniter->run()
 9 SYSTEMPATH\Boot.php(68): CodeIgniter\Boot::runCodeIgniter(Object(CodeIgniter\CodeIgniter))
10 FCPATH\index.php(59): CodeIgniter\Boot::bootWeb(Object(Config\Paths))
WARNING - 2025-11-28 23:02:36 --> [DEPRECATED] Function openssl_free_key() is deprecated in APPPATH\Libraries\cfdi_sat\satxmlsv33.php on line 199.
 1 APPPATH\Libraries\cfdi_sat\satxmlsv33.php(29): GeneraXML->satxmlsv33_sella([...], 'C:\\xampp\\htdocs\\pos\\app\\Libraries/cfdi_sat/')
 2 APPPATH\Controllers\Factura.php(64): GeneraXML->satxmlsv33([...], '', 'C:\\xampp\\htdocs\\pos\\app\\Libraries/cfdi_sat/', '')
 3 SYSTEMPATH\CodeIgniter.php(933): App\Controllers\Factura->facturar('3')
 4 SYSTEMPATH\CodeIgniter.php(507): CodeIgniter\CodeIgniter->runController(Object(App\Controllers\Factura))
 5 SYSTEMPATH\CodeIgniter.php(354): CodeIgniter\CodeIgniter->handleRequest(null, Object(Config\Cache), false)
 6 SYSTEMPATH\Boot.php(363): CodeIgniter\CodeIgniter->run()
 7 SYSTEMPATH\Boot.php(68): CodeIgniter\Boot::runCodeIgniter(Object(CodeIgniter\CodeIgniter))
 8 FCPATH\index.php(59): CodeIgniter\Boot::bootWeb(Object(Config\Paths))
WARNING - 2025-11-28 23:02:37 --> [DEPRECATED] base64_decode(): Passing null to parameter #1 ($string) of type string is deprecated in APPPATH\Controllers\Factura.php on line 71.
 1 APPPATH\Controllers\Factura.php(71): base64_decode(null)
 2 SYSTEMPATH\CodeIgniter.php(933): App\Controllers\Factura->facturar('3')
 3 SYSTEMPATH\CodeIgniter.php(507): CodeIgniter\CodeIgniter->runController(Object(App\Controllers\Factura))
 4 SYSTEMPATH\CodeIgniter.php(354): CodeIgniter\CodeIgniter->handleRequest(null, Object(Config\Cache), false)
 5 SYSTEMPATH\Boot.php(363): CodeIgniter\CodeIgniter->run()
 6 SYSTEMPATH\Boot.php(68): CodeIgniter\Boot::runCodeIgniter(Object(CodeIgniter\CodeIgniter))
 7 FCPATH\index.php(59): CodeIgniter\Boot::bootWeb(Object(Config\Paths))
WARNING - 2025-11-28 23:03:09 --> [DEPRECATED] Function utf8_encode() is deprecated in APPPATH\Libraries\cfdi_sat\satxmlsv33.php on line 242.
 1 APPPATH\Libraries\cfdi_sat\satxmlsv33.php(57): GeneraXML->satxmlsv33_cargaAtt(Object(DOMElement), [...])
 2 APPPATH\Libraries\cfdi_sat\satxmlsv33.php(39): GeneraXML->satxmlsv33_generales([...], '', 'C:\\xampp\\htdocs\\pos\\app\\Libraries/cfdi_sat/', '')
 3 APPPATH\Libraries\cfdi_sat\satxmlsv33.php(27): GeneraXML->satxmlsv33_genera_xml([...], '', 'C:\\xampp\\htdocs\\pos\\app\\Libraries/cfdi_sat/', '')
 4 APPPATH\Controllers\Factura.php(64): GeneraXML->satxmlsv33([...], '', 'C:\\xampp\\htdocs\\pos\\app\\Libraries/cfdi_sat/', '')
 5 SYSTEMPATH\CodeIgniter.php(933): App\Controllers\Factura->facturar('3')
 6 SYSTEMPATH\CodeIgniter.php(507): CodeIgniter\CodeIgniter->runController(Object(App\Controllers\Factura))
 7 SYSTEMPATH\CodeIgniter.php(354): CodeIgniter\CodeIgniter->handleRequest(null, Object(Config\Cache), false)
 8 SYSTEMPATH\Boot.php(363): CodeIgniter\CodeIgniter->run()
 9 SYSTEMPATH\Boot.php(68): CodeIgniter\Boot::runCodeIgniter(Object(CodeIgniter\CodeIgniter))
10 FCPATH\index.php(59): CodeIgniter\Boot::bootWeb(Object(Config\Paths))
WARNING - 2025-11-28 23:03:09 --> [DEPRECATED] Function utf8_encode() is deprecated in APPPATH\Libraries\cfdi_sat\satxmlsv33.php on line 242.
 1 APPPATH\Libraries\cfdi_sat\satxmlsv33.php(57): GeneraXML->satxmlsv33_cargaAtt(Object(DOMElement), [...])
 2 APPPATH\Libraries\cfdi_sat\satxmlsv33.php(39): GeneraXML->satxmlsv33_generales([...], '', 'C:\\xampp\\htdocs\\pos\\app\\Libraries/cfdi_sat/', '')
 3 APPPATH\Libraries\cfdi_sat\satxmlsv33.php(27): GeneraXML->satxmlsv33_genera_xml([...], '', 'C:\\xampp\\htdocs\\pos\\app\\Libraries/cfdi_sat/', '')
 4 APPPATH\Controllers\Factura.php(64): GeneraXML->satxmlsv33([...], '', 'C:\\xampp\\htdocs\\pos\\app\\Libraries/cfdi_sat/', '')
 5 SYSTEMPATH\CodeIgniter.php(933): App\Controllers\Factura->facturar('3')
 6 SYSTEMPATH\CodeIgniter.php(507): CodeIgniter\CodeIgniter->runController(Object(App\Controllers\Factura))
 7 SYSTEMPATH\CodeIgniter.php(354): CodeIgniter\CodeIgniter->handleRequest(null, Object(Config\Cache), false)
 8 SYSTEMPATH\Boot.php(363): CodeIgniter\CodeIgniter->run()
 9 SYSTEMPATH\Boot.php(68): CodeIgniter\Boot::runCodeIgniter(Object(CodeIgniter\CodeIgniter))
10 FCPATH\index.php(59): CodeIgniter\Boot::bootWeb(Object(Config\Paths))
WARNING - 2025-11-28 23:03:09 --> [DEPRECATED] Function utf8_encode() is deprecated in APPPATH\Libraries\cfdi_sat\satxmlsv33.php on line 242.
 1 APPPATH\Libraries\cfdi_sat\satxmlsv33.php(57): GeneraXML->satxmlsv33_cargaAtt(Object(DOMElement), [...])
 2 APPPATH\Libraries\cfdi_sat\satxmlsv33.php(39): GeneraXML->satxmlsv33_generales([...], '', 'C:\\xampp\\htdocs\\pos\\app\\Libraries/cfdi_sat/', '')
 3 APPPATH\Libraries\cfdi_sat\satxmlsv33.php(27): GeneraXML->satxmlsv33_genera_xml([...], '', 'C:\\xampp\\htdocs\\pos\\app\\Libraries/cfdi_sat/', '')
 4 APPPATH\Controllers\Factura.php(64): GeneraXML->satxmlsv33([...], '', 'C:\\xampp\\htdocs\\pos\\app\\Libraries/cfdi_sat/', '')
 5 SYSTEMPATH\CodeIgniter.php(933): App\Controllers\Factura->facturar('3')
 6 SYSTEMPATH\CodeIgniter.php(507): CodeIgniter\CodeIgniter->runController(Object(App\Controllers\Factura))
 7 SYSTEMPATH\CodeIgniter.php(354): CodeIgniter\CodeIgniter->handleRequest(null, Object(Config\Cache), false)
 8 SYSTEMPATH\Boot.php(363): CodeIgniter\CodeIgniter->run()
 9 SYSTEMPATH\Boot.php(68): CodeIgniter\Boot::runCodeIgniter(Object(CodeIgniter\CodeIgniter))
10 FCPATH\index.php(59): CodeIgniter\Boot::bootWeb(Object(Config\Paths))
WARNING - 2025-11-28 23:03:09 --> [DEPRECATED] substr(): Passing null to parameter #1 ($string) of type string is deprecated in APPPATH\Libraries\cfdi_sat\satxmlsv33.php on line 250.
 1 APPPATH\Libraries\cfdi_sat\satxmlsv33.php(250): substr(null, 0, 4)
 2 APPPATH\Libraries\cfdi_sat\satxmlsv33.php(82): GeneraXML->satxmlsv33_xml_fech(null)
 3 APPPATH\Libraries\cfdi_sat\satxmlsv33.php(39): GeneraXML->satxmlsv33_generales([...], '', 'C:\\xampp\\htdocs\\pos\\app\\Libraries/cfdi_sat/', '')
 4 APPPATH\Libraries\cfdi_sat\satxmlsv33.php(27): GeneraXML->satxmlsv33_genera_xml([...], '', 'C:\\xampp\\htdocs\\pos\\app\\Libraries/cfdi_sat/', '')
 5 APPPATH\Controllers\Factura.php(64): GeneraXML->satxmlsv33([...], '', 'C:\\xampp\\htdocs\\pos\\app\\Libraries/cfdi_sat/', '')
 6 SYSTEMPATH\CodeIgniter.php(933): App\Controllers\Factura->facturar('3')
 7 SYSTEMPATH\CodeIgniter.php(507): CodeIgniter\CodeIgniter->runController(Object(App\Controllers\Factura))
 8 SYSTEMPATH\CodeIgniter.php(354): CodeIgniter\CodeIgniter->handleRequest(null, Object(Config\Cache), false)
 9 SYSTEMPATH\Boot.php(363): CodeIgniter\CodeIgniter->run()
10 SYSTEMPATH\Boot.php(68): CodeIgniter\Boot::runCodeIgniter(Object(CodeIgniter\CodeIgniter))
11 FCPATH\index.php(59): CodeIgniter\Boot::bootWeb(Object(Config\Paths))
WARNING - 2025-11-28 23:03:09 --> [DEPRECATED] substr(): Passing null to parameter #1 ($string) of type string is deprecated in APPPATH\Libraries\cfdi_sat\satxmlsv33.php on line 251.
 1 APPPATH\Libraries\cfdi_sat\satxmlsv33.php(251): substr(null, 4, 2)
 2 APPPATH\Libraries\cfdi_sat\satxmlsv33.php(82): GeneraXML->satxmlsv33_xml_fech(null)
 3 APPPATH\Libraries\cfdi_sat\satxmlsv33.php(39): GeneraXML->satxmlsv33_generales([...], '', 'C:\\xampp\\htdocs\\pos\\app\\Libraries/cfdi_sat/', '')
 4 APPPATH\Libraries\cfdi_sat\satxmlsv33.php(27): GeneraXML->satxmlsv33_genera_xml([...], '', 'C:\\xampp\\htdocs\\pos\\app\\Libraries/cfdi_sat/', '')
 5 APPPATH\Controllers\Factura.php(64): GeneraXML->satxmlsv33([...], '', 'C:\\xampp\\htdocs\\pos\\app\\Libraries/cfdi_sat/', '')
 6 SYSTEMPATH\CodeIgniter.php(933): App\Controllers\Factura->facturar('3')
 7 SYSTEMPATH\CodeIgniter.php(507): CodeIgniter\CodeIgniter->runController(Object(App\Controllers\Factura))
 8 SYSTEMPATH\CodeIgniter.php(354): CodeIgniter\CodeIgniter->handleRequest(null, Object(Config\Cache), false)
 9 SYSTEMPATH\Boot.php(363): CodeIgniter\CodeIgniter->run()
10 SYSTEMPATH\Boot.php(68): CodeIgniter\Boot::runCodeIgniter(Object(CodeIgniter\CodeIgniter))
11 FCPATH\index.php(59): CodeIgniter\Boot::bootWeb(Object(Config\Paths))
WARNING - 2025-11-28 23:03:09 --> [DEPRECATED] substr(): Passing null to parameter #1 ($string) of type string is deprecated in APPPATH\Libraries\cfdi_sat\satxmlsv33.php on line 252.
 1 APPPATH\Libraries\cfdi_sat\satxmlsv33.php(252): substr(null, 6, 2)
 2 APPPATH\Libraries\cfdi_sat\satxmlsv33.php(82): GeneraXML->satxmlsv33_xml_fech(null)
 3 APPPATH\Libraries\cfdi_sat\satxmlsv33.php(39): GeneraXML->satxmlsv33_generales([...], '', 'C:\\xampp\\htdocs\\pos\\app\\Libraries/cfdi_sat/', '')
 4 APPPATH\Libraries\cfdi_sat\satxmlsv33.php(27): GeneraXML->satxmlsv33_genera_xml([...], '', 'C:\\xampp\\htdocs\\pos\\app\\Libraries/cfdi_sat/', '')
 5 APPPATH\Controllers\Factura.php(64): GeneraXML->satxmlsv33([...], '', 'C:\\xampp\\htdocs\\pos\\app\\Libraries/cfdi_sat/', '')
 6 SYSTEMPATH\CodeIgniter.php(933): App\Controllers\Factura->facturar('3')
 7 SYSTEMPATH\CodeIgniter.php(507): CodeIgniter\CodeIgniter->runController(Object(App\Controllers\Factura))
 8 SYSTEMPATH\CodeIgniter.php(354): CodeIgniter\CodeIgniter->handleRequest(null, Object(Config\Cache), false)
 9 SYSTEMPATH\Boot.php(363): CodeIgniter\CodeIgniter->run()
10 SYSTEMPATH\Boot.php(68): CodeIgniter\Boot::runCodeIgniter(Object(CodeIgniter\CodeIgniter))
11 FCPATH\index.php(59): CodeIgniter\Boot::bootWeb(Object(Config\Paths))
WARNING - 2025-11-28 23:03:09 --> [DEPRECATED] substr(): Passing null to parameter #1 ($string) of type string is deprecated in APPPATH\Libraries\cfdi_sat\satxmlsv33.php on line 253.
 1 APPPATH\Libraries\cfdi_sat\satxmlsv33.php(253): substr(null, 8, 2)
 2 APPPATH\Libraries\cfdi_sat\satxmlsv33.php(82): GeneraXML->satxmlsv33_xml_fech(null)
 3 APPPATH\Libraries\cfdi_sat\satxmlsv33.php(39): GeneraXML->satxmlsv33_generales([...], '', 'C:\\xampp\\htdocs\\pos\\app\\Libraries/cfdi_sat/', '')
 4 APPPATH\Libraries\cfdi_sat\satxmlsv33.php(27): GeneraXML->satxmlsv33_genera_xml([...], '', 'C:\\xampp\\htdocs\\pos\\app\\Libraries/cfdi_sat/', '')
 5 APPPATH\Controllers\Factura.php(64): GeneraXML->satxmlsv33([...], '', 'C:\\xampp\\htdocs\\pos\\app\\Libraries/cfdi_sat/', '')
 6 SYSTEMPATH\CodeIgniter.php(933): App\Controllers\Factura->facturar('3')
 7 SYSTEMPATH\CodeIgniter.php(507): CodeIgniter\CodeIgniter->runController(Object(App\Controllers\Factura))
 8 SYSTEMPATH\CodeIgniter.php(354): CodeIgniter\CodeIgniter->handleRequest(null, Object(Config\Cache), false)
 9 SYSTEMPATH\Boot.php(363): CodeIgniter\CodeIgniter->run()
10 SYSTEMPATH\Boot.php(68): CodeIgniter\Boot::runCodeIgniter(Object(CodeIgniter\CodeIgniter))
11 FCPATH\index.php(59): CodeIgniter\Boot::bootWeb(Object(Config\Paths))
WARNING - 2025-11-28 23:03:09 --> [DEPRECATED] substr(): Passing null to parameter #1 ($string) of type string is deprecated in APPPATH\Libraries\cfdi_sat\satxmlsv33.php on line 254.
 1 APPPATH\Libraries\cfdi_sat\satxmlsv33.php(254): substr(null, 10, 2)
 2 APPPATH\Libraries\cfdi_sat\satxmlsv33.php(82): GeneraXML->satxmlsv33_xml_fech(null)
 3 APPPATH\Libraries\cfdi_sat\satxmlsv33.php(39): GeneraXML->satxmlsv33_generales([...], '', 'C:\\xampp\\htdocs\\pos\\app\\Libraries/cfdi_sat/', '')
 4 APPPATH\Libraries\cfdi_sat\satxmlsv33.php(27): GeneraXML->satxmlsv33_genera_xml([...], '', 'C:\\xampp\\htdocs\\pos\\app\\Libraries/cfdi_sat/', '')
 5 APPPATH\Controllers\Factura.php(64): GeneraXML->satxmlsv33([...], '', 'C:\\xampp\\htdocs\\pos\\app\\Libraries/cfdi_sat/', '')
 6 SYSTEMPATH\CodeIgniter.php(933): App\Controllers\Factura->facturar('3')
 7 SYSTEMPATH\CodeIgniter.php(507): CodeIgniter\CodeIgniter->runController(Object(App\Controllers\Factura))
 8 SYSTEMPATH\CodeIgniter.php(354): CodeIgniter\CodeIgniter->handleRequest(null, Object(Config\Cache), false)
 9 SYSTEMPATH\Boot.php(363): CodeIgniter\CodeIgniter->run()
10 SYSTEMPATH\Boot.php(68): CodeIgniter\Boot::runCodeIgniter(Object(CodeIgniter\CodeIgniter))
11 FCPATH\index.php(59): CodeIgniter\Boot::bootWeb(Object(Config\Paths))
WARNING - 2025-11-28 23:03:09 --> [DEPRECATED] substr(): Passing null to parameter #1 ($string) of type string is deprecated in APPPATH\Libraries\cfdi_sat\satxmlsv33.php on line 255.
 1 APPPATH\Libraries\cfdi_sat\satxmlsv33.php(255): substr(null, 12, 2)
 2 APPPATH\Libraries\cfdi_sat\satxmlsv33.php(82): GeneraXML->satxmlsv33_xml_fech(null)
 3 APPPATH\Libraries\cfdi_sat\satxmlsv33.php(39): GeneraXML->satxmlsv33_generales([...], '', 'C:\\xampp\\htdocs\\pos\\app\\Libraries/cfdi_sat/', '')
 4 APPPATH\Libraries\cfdi_sat\satxmlsv33.php(27): GeneraXML->satxmlsv33_genera_xml([...], '', 'C:\\xampp\\htdocs\\pos\\app\\Libraries/cfdi_sat/', '')
 5 APPPATH\Controllers\Factura.php(64): GeneraXML->satxmlsv33([...], '', 'C:\\xampp\\htdocs\\pos\\app\\Libraries/cfdi_sat/', '')
 6 SYSTEMPATH\CodeIgniter.php(933): App\Controllers\Factura->facturar('3')
 7 SYSTEMPATH\CodeIgniter.php(507): CodeIgniter\CodeIgniter->runController(Object(App\Controllers\Factura))
 8 SYSTEMPATH\CodeIgniter.php(354): CodeIgniter\CodeIgniter->handleRequest(null, Object(Config\Cache), false)
 9 SYSTEMPATH\Boot.php(363): CodeIgniter\CodeIgniter->run()
10 SYSTEMPATH\Boot.php(68): CodeIgniter\Boot::runCodeIgniter(Object(CodeIgniter\CodeIgniter))
11 FCPATH\index.php(59): CodeIgniter\Boot::bootWeb(Object(Config\Paths))
WARNING - 2025-11-28 23:03:09 --> [DEPRECATED] Function utf8_encode() is deprecated in APPPATH\Libraries\cfdi_sat\satxmlsv33.php on line 242.
 1 APPPATH\Libraries\cfdi_sat\satxmlsv33.php(64): GeneraXML->satxmlsv33_cargaAtt(Object(DOMElement), [...])
 2 APPPATH\Libraries\cfdi_sat\satxmlsv33.php(39): GeneraXML->satxmlsv33_generales([...], '', 'C:\\xampp\\htdocs\\pos\\app\\Libraries/cfdi_sat/', '')
 3 APPPATH\Libraries\cfdi_sat\satxmlsv33.php(27): GeneraXML->satxmlsv33_genera_xml([...], '', 'C:\\xampp\\htdocs\\pos\\app\\Libraries/cfdi_sat/', '')
 4 APPPATH\Controllers\Factura.php(64): GeneraXML->satxmlsv33([...], '', 'C:\\xampp\\htdocs\\pos\\app\\Libraries/cfdi_sat/', '')
 5 SYSTEMPATH\CodeIgniter.php(933): App\Controllers\Factura->facturar('3')
 6 SYSTEMPATH\CodeIgniter.php(507): CodeIgniter\CodeIgniter->runController(Object(App\Controllers\Factura))
 7 SYSTEMPATH\CodeIgniter.php(354): CodeIgniter\CodeIgniter->handleRequest(null, Object(Config\Cache), false)
 8 SYSTEMPATH\Boot.php(363): CodeIgniter\CodeIgniter->run()
 9 SYSTEMPATH\Boot.php(68): CodeIgniter\Boot::runCodeIgniter(Object(CodeIgniter\CodeIgniter))
10 FCPATH\index.php(59): CodeIgniter\Boot::bootWeb(Object(Config\Paths))
WARNING - 2025-11-28 23:03:09 --> [DEPRECATED] Function utf8_encode() is deprecated in APPPATH\Libraries\cfdi_sat\satxmlsv33.php on line 242.
 1 APPPATH\Libraries\cfdi_sat\satxmlsv33.php(64): GeneraXML->satxmlsv33_cargaAtt(Object(DOMElement), [...])
 2 APPPATH\Libraries\cfdi_sat\satxmlsv33.php(39): GeneraXML->satxmlsv33_generales([...], '', 'C:\\xampp\\htdocs\\pos\\app\\Libraries/cfdi_sat/', '')
 3 APPPATH\Libraries\cfdi_sat\satxmlsv33.php(27): GeneraXML->satxmlsv33_genera_xml([...], '', 'C:\\xampp\\htdocs\\pos\\app\\Libraries/cfdi_sat/', '')
 4 APPPATH\Controllers\Factura.php(64): GeneraXML->satxmlsv33([...], '', 'C:\\xampp\\htdocs\\pos\\app\\Libraries/cfdi_sat/', '')
 5 SYSTEMPATH\CodeIgniter.php(933): App\Controllers\Factura->facturar('3')
 6 SYSTEMPATH\CodeIgniter.php(507): CodeIgniter\CodeIgniter->runController(Object(App\Controllers\Factura))
 7 SYSTEMPATH\CodeIgniter.php(354): CodeIgniter\CodeIgniter->handleRequest(null, Object(Config\Cache), false)
 8 SYSTEMPATH\Boot.php(363): CodeIgniter\CodeIgniter->run()
 9 SYSTEMPATH\Boot.php(68): CodeIgniter\Boot::runCodeIgniter(Object(CodeIgniter\CodeIgniter))
10 FCPATH\index.php(59): CodeIgniter\Boot::bootWeb(Object(Config\Paths))
WARNING - 2025-11-28 23:03:09 --> [DEPRECATED] Function utf8_encode() is deprecated in APPPATH\Libraries\cfdi_sat\satxmlsv33.php on line 242.
 1 APPPATH\Libraries\cfdi_sat\satxmlsv33.php(64): GeneraXML->satxmlsv33_cargaAtt(Object(DOMElement), [...])
 2 APPPATH\Libraries\cfdi_sat\satxmlsv33.php(39): GeneraXML->satxmlsv33_generales([...], '', 'C:\\xampp\\htdocs\\pos\\app\\Libraries/cfdi_sat/', '')
 3 APPPATH\Libraries\cfdi_sat\satxmlsv33.php(27): GeneraXML->satxmlsv33_genera_xml([...], '', 'C:\\xampp\\htdocs\\pos\\app\\Libraries/cfdi_sat/', '')
 4 APPPATH\Controllers\Factura.php(64): GeneraXML->satxmlsv33([...], '', 'C:\\xampp\\htdocs\\pos\\app\\Libraries/cfdi_sat/', '')
 5 SYSTEMPATH\CodeIgniter.php(933): App\Controllers\Factura->facturar('3')
 6 SYSTEMPATH\CodeIgniter.php(507): CodeIgniter\CodeIgniter->runController(Object(App\Controllers\Factura))
 7 SYSTEMPATH\CodeIgniter.php(354): CodeIgniter\CodeIgniter->handleRequest(null, Object(Config\Cache), false)
 8 SYSTEMPATH\Boot.php(363): CodeIgniter\CodeIgniter->run()
 9 SYSTEMPATH\Boot.php(68): CodeIgniter\Boot::runCodeIgniter(Object(CodeIgniter\CodeIgniter))
10 FCPATH\index.php(59): CodeIgniter\Boot::bootWeb(Object(Config\Paths))
WARNING - 2025-11-28 23:03:09 --> [DEPRECATED] Function utf8_encode() is deprecated in APPPATH\Libraries\cfdi_sat\satxmlsv33.php on line 242.
 1 APPPATH\Libraries\cfdi_sat\satxmlsv33.php(64): GeneraXML->satxmlsv33_cargaAtt(Object(DOMElement), [...])
 2 APPPATH\Libraries\cfdi_sat\satxmlsv33.php(39): GeneraXML->satxmlsv33_generales([...], '', 'C:\\xampp\\htdocs\\pos\\app\\Libraries/cfdi_sat/', '')
 3 APPPATH\Libraries\cfdi_sat\satxmlsv33.php(27): GeneraXML->satxmlsv33_genera_xml([...], '', 'C:\\xampp\\htdocs\\pos\\app\\Libraries/cfdi_sat/', '')
 4 APPPATH\Controllers\Factura.php(64): GeneraXML->satxmlsv33([...], '', 'C:\\xampp\\htdocs\\pos\\app\\Libraries/cfdi_sat/', '')
 5 SYSTEMPATH\CodeIgniter.php(933): App\Controllers\Factura->facturar('3')
 6 SYSTEMPATH\CodeIgniter.php(507): CodeIgniter\CodeIgniter->runController(Object(App\Controllers\Factura))
 7 SYSTEMPATH\CodeIgniter.php(354): CodeIgniter\CodeIgniter->handleRequest(null, Object(Config\Cache), false)
 8 SYSTEMPATH\Boot.php(363): CodeIgniter\CodeIgniter->run()
 9 SYSTEMPATH\Boot.php(68): CodeIgniter\Boot::runCodeIgniter(Object(CodeIgniter\CodeIgniter))
10 FCPATH\index.php(59): CodeIgniter\Boot::bootWeb(Object(Config\Paths))
WARNING - 2025-11-28 23:03:09 --> [DEPRECATED] Function utf8_encode() is deprecated in APPPATH\Libraries\cfdi_sat\satxmlsv33.php on line 242.
 1 APPPATH\Libraries\cfdi_sat\satxmlsv33.php(64): GeneraXML->satxmlsv33_cargaAtt(Object(DOMElement), [...])
 2 APPPATH\Libraries\cfdi_sat\satxmlsv33.php(39): GeneraXML->satxmlsv33_generales([...], '', 'C:\\xampp\\htdocs\\pos\\app\\Libraries/cfdi_sat/', '')
 3 APPPATH\Libraries\cfdi_sat\satxmlsv33.php(27): GeneraXML->satxmlsv33_genera_xml([...], '', 'C:\\xampp\\htdocs\\pos\\app\\Libraries/cfdi_sat/', '')
 4 APPPATH\Controllers\Factura.php(64): GeneraXML->satxmlsv33([...], '', 'C:\\xampp\\htdocs\\pos\\app\\Libraries/cfdi_sat/', '')
 5 SYSTEMPATH\CodeIgniter.php(933): App\Controllers\Factura->facturar('3')
 6 SYSTEMPATH\CodeIgniter.php(507): CodeIgniter\CodeIgniter->runController(Object(App\Controllers\Factura))
 7 SYSTEMPATH\CodeIgniter.php(354): CodeIgniter\CodeIgniter->handleRequest(null, Object(Config\Cache), false)
 8 SYSTEMPATH\Boot.php(363): CodeIgniter\CodeIgniter->run()
 9 SYSTEMPATH\Boot.php(68): CodeIgniter\Boot::runCodeIgniter(Object(CodeIgniter\CodeIgniter))
10 FCPATH\index.php(59): CodeIgniter\Boot::bootWeb(Object(Config\Paths))
WARNING - 2025-11-28 23:03:09 --> [DEPRECATED] Function utf8_encode() is deprecated in APPPATH\Libraries\cfdi_sat\satxmlsv33.php on line 242.
 1 APPPATH\Libraries\cfdi_sat\satxmlsv33.php(64): GeneraXML->satxmlsv33_cargaAtt(Object(DOMElement), [...])
 2 APPPATH\Libraries\cfdi_sat\satxmlsv33.php(39): GeneraXML->satxmlsv33_generales([...], '', 'C:\\xampp\\htdocs\\pos\\app\\Libraries/cfdi_sat/', '')
 3 APPPATH\Libraries\cfdi_sat\satxmlsv33.php(27): GeneraXML->satxmlsv33_genera_xml([...], '', 'C:\\xampp\\htdocs\\pos\\app\\Libraries/cfdi_sat/', '')
 4 APPPATH\Controllers\Factura.php(64): GeneraXML->satxmlsv33([...], '', 'C:\\xampp\\htdocs\\pos\\app\\Libraries/cfdi_sat/', '')
 5 SYSTEMPATH\CodeIgniter.php(933): App\Controllers\Factura->facturar('3')
 6 SYSTEMPATH\CodeIgniter.php(507): CodeIgniter\CodeIgniter->runController(Object(App\Controllers\Factura))
 7 SYSTEMPATH\CodeIgniter.php(354): CodeIgniter\CodeIgniter->handleRequest(null, Object(Config\Cache), false)
 8 SYSTEMPATH\Boot.php(363): CodeIgniter\CodeIgniter->run()
 9 SYSTEMPATH\Boot.php(68): CodeIgniter\Boot::runCodeIgniter(Object(CodeIgniter\CodeIgniter))
10 FCPATH\index.php(59): CodeIgniter\Boot::bootWeb(Object(Config\Paths))
WARNING - 2025-11-28 23:03:09 --> [DEPRECATED] Function utf8_encode() is deprecated in APPPATH\Libraries\cfdi_sat\satxmlsv33.php on line 242.
 1 APPPATH\Libraries\cfdi_sat\satxmlsv33.php(64): GeneraXML->satxmlsv33_cargaAtt(Object(DOMElement), [...])
 2 APPPATH\Libraries\cfdi_sat\satxmlsv33.php(39): GeneraXML->satxmlsv33_generales([...], '', 'C:\\xampp\\htdocs\\pos\\app\\Libraries/cfdi_sat/', '')
 3 APPPATH\Libraries\cfdi_sat\satxmlsv33.php(27): GeneraXML->satxmlsv33_genera_xml([...], '', 'C:\\xampp\\htdocs\\pos\\app\\Libraries/cfdi_sat/', '')
 4 APPPATH\Controllers\Factura.php(64): GeneraXML->satxmlsv33([...], '', 'C:\\xampp\\htdocs\\pos\\app\\Libraries/cfdi_sat/', '')
 5 SYSTEMPATH\CodeIgniter.php(933): App\Controllers\Factura->facturar('3')
 6 SYSTEMPATH\CodeIgniter.php(507): CodeIgniter\CodeIgniter->runController(Object(App\Controllers\Factura))
 7 SYSTEMPATH\CodeIgniter.php(354): CodeIgniter\CodeIgniter->handleRequest(null, Object(Config\Cache), false)
 8 SYSTEMPATH\Boot.php(363): CodeIgniter\CodeIgniter->run()
 9 SYSTEMPATH\Boot.php(68): CodeIgniter\Boot::runCodeIgniter(Object(CodeIgniter\CodeIgniter))
10 FCPATH\index.php(59): CodeIgniter\Boot::bootWeb(Object(Config\Paths))
WARNING - 2025-11-28 23:03:09 --> [DEPRECATED] Function utf8_encode() is deprecated in APPPATH\Libraries\cfdi_sat\satxmlsv33.php on line 242.
 1 APPPATH\Libraries\cfdi_sat\satxmlsv33.php(64): GeneraXML->satxmlsv33_cargaAtt(Object(DOMElement), [...])
 2 APPPATH\Libraries\cfdi_sat\satxmlsv33.php(39): GeneraXML->satxmlsv33_generales([...], '', 'C:\\xampp\\htdocs\\pos\\app\\Libraries/cfdi_sat/', '')
 3 APPPATH\Libraries\cfdi_sat\satxmlsv33.php(27): GeneraXML->satxmlsv33_genera_xml([...], '', 'C:\\xampp\\htdocs\\pos\\app\\Libraries/cfdi_sat/', '')
 4 APPPATH\Controllers\Factura.php(64): GeneraXML->satxmlsv33([...], '', 'C:\\xampp\\htdocs\\pos\\app\\Libraries/cfdi_sat/', '')
 5 SYSTEMPATH\CodeIgniter.php(933): App\Controllers\Factura->facturar('3')
 6 SYSTEMPATH\CodeIgniter.php(507): CodeIgniter\CodeIgniter->runController(Object(App\Controllers\Factura))
 7 SYSTEMPATH\CodeIgniter.php(354): CodeIgniter\CodeIgniter->handleRequest(null, Object(Config\Cache), false)
 8 SYSTEMPATH\Boot.php(363): CodeIgniter\CodeIgniter->run()
 9 SYSTEMPATH\Boot.php(68): CodeIgniter\Boot::runCodeIgniter(Object(CodeIgniter\CodeIgniter))
10 FCPATH\index.php(59): CodeIgniter\Boot::bootWeb(Object(Config\Paths))
WARNING - 2025-11-28 23:03:09 --> [DEPRECATED] Function utf8_encode() is deprecated in APPPATH\Libraries\cfdi_sat\satxmlsv33.php on line 242.
 1 APPPATH\Libraries\cfdi_sat\satxmlsv33.php(64): GeneraXML->satxmlsv33_cargaAtt(Object(DOMElement), [...])
 2 APPPATH\Libraries\cfdi_sat\satxmlsv33.php(39): GeneraXML->satxmlsv33_generales([...], '', 'C:\\xampp\\htdocs\\pos\\app\\Libraries/cfdi_sat/', '')
 3 APPPATH\Libraries\cfdi_sat\satxmlsv33.php(27): GeneraXML->satxmlsv33_genera_xml([...], '', 'C:\\xampp\\htdocs\\pos\\app\\Libraries/cfdi_sat/', '')
 4 APPPATH\Controllers\Factura.php(64): GeneraXML->satxmlsv33([...], '', 'C:\\xampp\\htdocs\\pos\\app\\Libraries/cfdi_sat/', '')
 5 SYSTEMPATH\CodeIgniter.php(933): App\Controllers\Factura->facturar('3')
 6 SYSTEMPATH\CodeIgniter.php(507): CodeIgniter\CodeIgniter->runController(Object(App\Controllers\Factura))
 7 SYSTEMPATH\CodeIgniter.php(354): CodeIgniter\CodeIgniter->handleRequest(null, Object(Config\Cache), false)
 8 SYSTEMPATH\Boot.php(363): CodeIgniter\CodeIgniter->run()
 9 SYSTEMPATH\Boot.php(68): CodeIgniter\Boot::runCodeIgniter(Object(CodeIgniter\CodeIgniter))
10 FCPATH\index.php(59): CodeIgniter\Boot::bootWeb(Object(Config\Paths))
WARNING - 2025-11-28 23:03:09 --> [DEPRECATED] Function utf8_encode() is deprecated in APPPATH\Libraries\cfdi_sat\satxmlsv33.php on line 242.
 1 APPPATH\Libraries\cfdi_sat\satxmlsv33.php(64): GeneraXML->satxmlsv33_cargaAtt(Object(DOMElement), [...])
 2 APPPATH\Libraries\cfdi_sat\satxmlsv33.php(39): GeneraXML->satxmlsv33_generales([...], '', 'C:\\xampp\\htdocs\\pos\\app\\Libraries/cfdi_sat/', '')
 3 APPPATH\Libraries\cfdi_sat\satxmlsv33.php(27): GeneraXML->satxmlsv33_genera_xml([...], '', 'C:\\xampp\\htdocs\\pos\\app\\Libraries/cfdi_sat/', '')
 4 APPPATH\Controllers\Factura.php(64): GeneraXML->satxmlsv33([...], '', 'C:\\xampp\\htdocs\\pos\\app\\Libraries/cfdi_sat/', '')
 5 SYSTEMPATH\CodeIgniter.php(933): App\Controllers\Factura->facturar('3')
 6 SYSTEMPATH\CodeIgniter.php(507): CodeIgniter\CodeIgniter->runController(Object(App\Controllers\Factura))
 7 SYSTEMPATH\CodeIgniter.php(354): CodeIgniter\CodeIgniter->handleRequest(null, Object(Config\Cache), false)
 8 SYSTEMPATH\Boot.php(363): CodeIgniter\CodeIgniter->run()
 9 SYSTEMPATH\Boot.php(68): CodeIgniter\Boot::runCodeIgniter(Object(CodeIgniter\CodeIgniter))
10 FCPATH\index.php(59): CodeIgniter\Boot::bootWeb(Object(Config\Paths))
WARNING - 2025-11-28 23:03:09 --> [DEPRECATED] Function utf8_encode() is deprecated in APPPATH\Libraries\cfdi_sat\satxmlsv33.php on line 242.
 1 APPPATH\Libraries\cfdi_sat\satxmlsv33.php(64): GeneraXML->satxmlsv33_cargaAtt(Object(DOMElement), [...])
 2 APPPATH\Libraries\cfdi_sat\satxmlsv33.php(39): GeneraXML->satxmlsv33_generales([...], '', 'C:\\xampp\\htdocs\\pos\\app\\Libraries/cfdi_sat/', '')
 3 APPPATH\Libraries\cfdi_sat\satxmlsv33.php(27): GeneraXML->satxmlsv33_genera_xml([...], '', 'C:\\xampp\\htdocs\\pos\\app\\Libraries/cfdi_sat/', '')
 4 APPPATH\Controllers\Factura.php(64): GeneraXML->satxmlsv33([...], '', 'C:\\xampp\\htdocs\\pos\\app\\Libraries/cfdi_sat/', '')
 5 SYSTEMPATH\CodeIgniter.php(933): App\Controllers\Factura->facturar('3')
 6 SYSTEMPATH\CodeIgniter.php(507): CodeIgniter\CodeIgniter->runController(Object(App\Controllers\Factura))
 7 SYSTEMPATH\CodeIgniter.php(354): CodeIgniter\CodeIgniter->handleRequest(null, Object(Config\Cache), false)
 8 SYSTEMPATH\Boot.php(363): CodeIgniter\CodeIgniter->run()
 9 SYSTEMPATH\Boot.php(68): CodeIgniter\Boot::runCodeIgniter(Object(CodeIgniter\CodeIgniter))
10 FCPATH\index.php(59): CodeIgniter\Boot::bootWeb(Object(Config\Paths))
WARNING - 2025-11-28 23:03:09 --> [DEPRECATED] Function utf8_encode() is deprecated in APPPATH\Libraries\cfdi_sat\satxmlsv33.php on line 242.
 1 APPPATH\Libraries\cfdi_sat\satxmlsv33.php(64): GeneraXML->satxmlsv33_cargaAtt(Object(DOMElement), [...])
 2 APPPATH\Libraries\cfdi_sat\satxmlsv33.php(39): GeneraXML->satxmlsv33_generales([...], '', 'C:\\xampp\\htdocs\\pos\\app\\Libraries/cfdi_sat/', '')
 3 APPPATH\Libraries\cfdi_sat\satxmlsv33.php(27): GeneraXML->satxmlsv33_genera_xml([...], '', 'C:\\xampp\\htdocs\\pos\\app\\Libraries/cfdi_sat/', '')
 4 APPPATH\Controllers\Factura.php(64): GeneraXML->satxmlsv33([...], '', 'C:\\xampp\\htdocs\\pos\\app\\Libraries/cfdi_sat/', '')
 5 SYSTEMPATH\CodeIgniter.php(933): App\Controllers\Factura->facturar('3')
 6 SYSTEMPATH\CodeIgniter.php(507): CodeIgniter\CodeIgniter->runController(Object(App\Controllers\Factura))
 7 SYSTEMPATH\CodeIgniter.php(354): CodeIgniter\CodeIgniter->handleRequest(null, Object(Config\Cache), false)
 8 SYSTEMPATH\Boot.php(363): CodeIgniter\CodeIgniter->run()
 9 SYSTEMPATH\Boot.php(68): CodeIgniter\Boot::runCodeIgniter(Object(CodeIgniter\CodeIgniter))
10 FCPATH\index.php(59): CodeIgniter\Boot::bootWeb(Object(Config\Paths))
WARNING - 2025-11-28 23:03:09 --> [DEPRECATED] Function utf8_encode() is deprecated in APPPATH\Libraries\cfdi_sat\satxmlsv33.php on line 242.
 1 APPPATH\Libraries\cfdi_sat\satxmlsv33.php(64): GeneraXML->satxmlsv33_cargaAtt(Object(DOMElement), [...])
 2 APPPATH\Libraries\cfdi_sat\satxmlsv33.php(39): GeneraXML->satxmlsv33_generales([...], '', 'C:\\xampp\\htdocs\\pos\\app\\Libraries/cfdi_sat/', '')
 3 APPPATH\Libraries\cfdi_sat\satxmlsv33.php(27): GeneraXML->satxmlsv33_genera_xml([...], '', 'C:\\xampp\\htdocs\\pos\\app\\Libraries/cfdi_sat/', '')
 4 APPPATH\Controllers\Factura.php(64): GeneraXML->satxmlsv33([...], '', 'C:\\xampp\\htdocs\\pos\\app\\Libraries/cfdi_sat/', '')
 5 SYSTEMPATH\CodeIgniter.php(933): App\Controllers\Factura->facturar('3')
 6 SYSTEMPATH\CodeIgniter.php(507): CodeIgniter\CodeIgniter->runController(Object(App\Controllers\Factura))
 7 SYSTEMPATH\CodeIgniter.php(354): CodeIgniter\CodeIgniter->handleRequest(null, Object(Config\Cache), false)
 8 SYSTEMPATH\Boot.php(363): CodeIgniter\CodeIgniter->run()
 9 SYSTEMPATH\Boot.php(68): CodeIgniter\Boot::runCodeIgniter(Object(CodeIgniter\CodeIgniter))
10 FCPATH\index.php(59): CodeIgniter\Boot::bootWeb(Object(Config\Paths))
WARNING - 2025-11-28 23:03:09 --> [DEPRECATED] Function utf8_encode() is deprecated in APPPATH\Libraries\cfdi_sat\satxmlsv33.php on line 242.
 1 APPPATH\Libraries\cfdi_sat\satxmlsv33.php(64): GeneraXML->satxmlsv33_cargaAtt(Object(DOMElement), [...])
 2 APPPATH\Libraries\cfdi_sat\satxmlsv33.php(39): GeneraXML->satxmlsv33_generales([...], '', 'C:\\xampp\\htdocs\\pos\\app\\Libraries/cfdi_sat/', '')
 3 APPPATH\Libraries\cfdi_sat\satxmlsv33.php(27): GeneraXML->satxmlsv33_genera_xml([...], '', 'C:\\xampp\\htdocs\\pos\\app\\Libraries/cfdi_sat/', '')
 4 APPPATH\Controllers\Factura.php(64): GeneraXML->satxmlsv33([...], '', 'C:\\xampp\\htdocs\\pos\\app\\Libraries/cfdi_sat/', '')
 5 SYSTEMPATH\CodeIgniter.php(933): App\Controllers\Factura->facturar('3')
 6 SYSTEMPATH\CodeIgniter.php(507): CodeIgniter\CodeIgniter->runController(Object(App\Controllers\Factura))
 7 SYSTEMPATH\CodeIgniter.php(354): CodeIgniter\CodeIgniter->handleRequest(null, Object(Config\Cache), false)
 8 SYSTEMPATH\Boot.php(363): CodeIgniter\CodeIgniter->run()
 9 SYSTEMPATH\Boot.php(68): CodeIgniter\Boot::runCodeIgniter(Object(CodeIgniter\CodeIgniter))
10 FCPATH\index.php(59): CodeIgniter\Boot::bootWeb(Object(Config\Paths))
WARNING - 2025-11-28 23:03:09 --> [DEPRECATED] Function utf8_encode() is deprecated in APPPATH\Libraries\cfdi_sat\satxmlsv33.php on line 242.
 1 APPPATH\Libraries\cfdi_sat\satxmlsv33.php(64): GeneraXML->satxmlsv33_cargaAtt(Object(DOMElement), [...])
 2 APPPATH\Libraries\cfdi_sat\satxmlsv33.php(39): GeneraXML->satxmlsv33_generales([...], '', 'C:\\xampp\\htdocs\\pos\\app\\Libraries/cfdi_sat/', '')
 3 APPPATH\Libraries\cfdi_sat\satxmlsv33.php(27): GeneraXML->satxmlsv33_genera_xml([...], '', 'C:\\xampp\\htdocs\\pos\\app\\Libraries/cfdi_sat/', '')
 4 APPPATH\Controllers\Factura.php(64): GeneraXML->satxmlsv33([...], '', 'C:\\xampp\\htdocs\\pos\\app\\Libraries/cfdi_sat/', '')
 5 SYSTEMPATH\CodeIgniter.php(933): App\Controllers\Factura->facturar('3')
 6 SYSTEMPATH\CodeIgniter.php(507): CodeIgniter\CodeIgniter->runController(Object(App\Controllers\Factura))
 7 SYSTEMPATH\CodeIgniter.php(354): CodeIgniter\CodeIgniter->handleRequest(null, Object(Config\Cache), false)
 8 SYSTEMPATH\Boot.php(363): CodeIgniter\CodeIgniter->run()
 9 SYSTEMPATH\Boot.php(68): CodeIgniter\Boot::runCodeIgniter(Object(CodeIgniter\CodeIgniter))
10 FCPATH\index.php(59): CodeIgniter\Boot::bootWeb(Object(Config\Paths))
WARNING - 2025-11-28 23:03:09 --> [DEPRECATED] strlen(): Passing null to parameter #1 ($string) of type string is deprecated in APPPATH\Libraries\cfdi_sat\satxmlsv33.php on line 232.
 1 APPPATH\Libraries\cfdi_sat\satxmlsv33.php(64): GeneraXML->satxmlsv33_cargaAtt(Object(DOMElement), [...])
 2 APPPATH\Libraries\cfdi_sat\satxmlsv33.php(39): GeneraXML->satxmlsv33_generales([...], '', 'C:\\xampp\\htdocs\\pos\\app\\Libraries/cfdi_sat/', '')
 3 APPPATH\Libraries\cfdi_sat\satxmlsv33.php(27): GeneraXML->satxmlsv33_genera_xml([...], '', 'C:\\xampp\\htdocs\\pos\\app\\Libraries/cfdi_sat/', '')
 4 APPPATH\Controllers\Factura.php(64): GeneraXML->satxmlsv33([...], '', 'C:\\xampp\\htdocs\\pos\\app\\Libraries/cfdi_sat/', '')
 5 SYSTEMPATH\CodeIgniter.php(933): App\Controllers\Factura->facturar('3')
 6 SYSTEMPATH\CodeIgniter.php(507): CodeIgniter\CodeIgniter->runController(Object(App\Controllers\Factura))
 7 SYSTEMPATH\CodeIgniter.php(354): CodeIgniter\CodeIgniter->handleRequest(null, Object(Config\Cache), false)
 8 SYSTEMPATH\Boot.php(363): CodeIgniter\CodeIgniter->run()
 9 SYSTEMPATH\Boot.php(68): CodeIgniter\Boot::runCodeIgniter(Object(CodeIgniter\CodeIgniter))
10 FCPATH\index.php(59): CodeIgniter\Boot::bootWeb(Object(Config\Paths))
WARNING - 2025-11-28 23:03:09 --> [DEPRECATED] preg_replace(): Passing null to parameter #3 ($subject) of type array|string is deprecated in APPPATH\Libraries\cfdi_sat\satxmlsv33.php on line 238.
 1 APPPATH\Libraries\cfdi_sat\satxmlsv33.php(238): preg_replace('/\\s\\s+/', ' ', null)
 2 APPPATH\Libraries\cfdi_sat\satxmlsv33.php(64): GeneraXML->satxmlsv33_cargaAtt(Object(DOMElement), [...])
 3 APPPATH\Libraries\cfdi_sat\satxmlsv33.php(39): GeneraXML->satxmlsv33_generales([...], '', 'C:\\xampp\\htdocs\\pos\\app\\Libraries/cfdi_sat/', '')
 4 APPPATH\Libraries\cfdi_sat\satxmlsv33.php(27): GeneraXML->satxmlsv33_genera_xml([...], '', 'C:\\xampp\\htdocs\\pos\\app\\Libraries/cfdi_sat/', '')
 5 APPPATH\Controllers\Factura.php(64): GeneraXML->satxmlsv33([...], '', 'C:\\xampp\\htdocs\\pos\\app\\Libraries/cfdi_sat/', '')
 6 SYSTEMPATH\CodeIgniter.php(933): App\Controllers\Factura->facturar('3')
 7 SYSTEMPATH\CodeIgniter.php(507): CodeIgniter\CodeIgniter->runController(Object(App\Controllers\Factura))
 8 SYSTEMPATH\CodeIgniter.php(354): CodeIgniter\CodeIgniter->handleRequest(null, Object(Config\Cache), false)
 9 SYSTEMPATH\Boot.php(363): CodeIgniter\CodeIgniter->run()
10 SYSTEMPATH\Boot.php(68): CodeIgniter\Boot::runCodeIgniter(Object(CodeIgniter\CodeIgniter))
11 FCPATH\index.php(59): CodeIgniter\Boot::bootWeb(Object(Config\Paths))
WARNING - 2025-11-28 23:03:09 --> [DEPRECATED] strlen(): Passing null to parameter #1 ($string) of type string is deprecated in APPPATH\Libraries\cfdi_sat\satxmlsv33.php on line 232.
 1 APPPATH\Libraries\cfdi_sat\satxmlsv33.php(64): GeneraXML->satxmlsv33_cargaAtt(Object(DOMElement), [...])
 2 APPPATH\Libraries\cfdi_sat\satxmlsv33.php(39): GeneraXML->satxmlsv33_generales([...], '', 'C:\\xampp\\htdocs\\pos\\app\\Libraries/cfdi_sat/', '')
 3 APPPATH\Libraries\cfdi_sat\satxmlsv33.php(27): GeneraXML->satxmlsv33_genera_xml([...], '', 'C:\\xampp\\htdocs\\pos\\app\\Libraries/cfdi_sat/', '')
 4 APPPATH\Controllers\Factura.php(64): GeneraXML->satxmlsv33([...], '', 'C:\\xampp\\htdocs\\pos\\app\\Libraries/cfdi_sat/', '')
 5 SYSTEMPATH\CodeIgniter.php(933): App\Controllers\Factura->facturar('3')
 6 SYSTEMPATH\CodeIgniter.php(507): CodeIgniter\CodeIgniter->runController(Object(App\Controllers\Factura))
 7 SYSTEMPATH\CodeIgniter.php(354): CodeIgniter\CodeIgniter->handleRequest(null, Object(Config\Cache), false)
 8 SYSTEMPATH\Boot.php(363): CodeIgniter\CodeIgniter->run()
 9 SYSTEMPATH\Boot.php(68): CodeIgniter\Boot::runCodeIgniter(Object(CodeIgniter\CodeIgniter))
10 FCPATH\index.php(59): CodeIgniter\Boot::bootWeb(Object(Config\Paths))
WARNING - 2025-11-28 23:03:09 --> [DEPRECATED] preg_replace(): Passing null to parameter #3 ($subject) of type array|string is deprecated in APPPATH\Libraries\cfdi_sat\satxmlsv33.php on line 238.
 1 APPPATH\Libraries\cfdi_sat\satxmlsv33.php(238): preg_replace('/\\s\\s+/', ' ', null)
 2 APPPATH\Libraries\cfdi_sat\satxmlsv33.php(64): GeneraXML->satxmlsv33_cargaAtt(Object(DOMElement), [...])
 3 APPPATH\Libraries\cfdi_sat\satxmlsv33.php(39): GeneraXML->satxmlsv33_generales([...], '', 'C:\\xampp\\htdocs\\pos\\app\\Libraries/cfdi_sat/', '')
 4 APPPATH\Libraries\cfdi_sat\satxmlsv33.php(27): GeneraXML->satxmlsv33_genera_xml([...], '', 'C:\\xampp\\htdocs\\pos\\app\\Libraries/cfdi_sat/', '')
 5 APPPATH\Controllers\Factura.php(64): GeneraXML->satxmlsv33([...], '', 'C:\\xampp\\htdocs\\pos\\app\\Libraries/cfdi_sat/', '')
 6 SYSTEMPATH\CodeIgniter.php(933): App\Controllers\Factura->facturar('3')
 7 SYSTEMPATH\CodeIgniter.php(507): CodeIgniter\CodeIgniter->runController(Object(App\Controllers\Factura))
 8 SYSTEMPATH\CodeIgniter.php(354): CodeIgniter\CodeIgniter->handleRequest(null, Object(Config\Cache), false)
 9 SYSTEMPATH\Boot.php(363): CodeIgniter\CodeIgniter->run()
10 SYSTEMPATH\Boot.php(68): CodeIgniter\Boot::runCodeIgniter(Object(CodeIgniter\CodeIgniter))
11 FCPATH\index.php(59): CodeIgniter\Boot::bootWeb(Object(Config\Paths))
WARNING - 2025-11-28 23:03:10 --> [DEPRECATED] strlen(): Passing null to parameter #1 ($string) of type string is deprecated in APPPATH\Libraries\cfdi_sat\satxmlsv33.php on line 232.
 1 APPPATH\Libraries\cfdi_sat\satxmlsv33.php(64): GeneraXML->satxmlsv33_cargaAtt(Object(DOMElement), [...])
 2 APPPATH\Libraries\cfdi_sat\satxmlsv33.php(39): GeneraXML->satxmlsv33_generales([...], '', 'C:\\xampp\\htdocs\\pos\\app\\Libraries/cfdi_sat/', '')
 3 APPPATH\Libraries\cfdi_sat\satxmlsv33.php(27): GeneraXML->satxmlsv33_genera_xml([...], '', 'C:\\xampp\\htdocs\\pos\\app\\Libraries/cfdi_sat/', '')
 4 APPPATH\Controllers\Factura.php(64): GeneraXML->satxmlsv33([...], '', 'C:\\xampp\\htdocs\\pos\\app\\Libraries/cfdi_sat/', '')
 5 SYSTEMPATH\CodeIgniter.php(933): App\Controllers\Factura->facturar('3')
 6 SYSTEMPATH\CodeIgniter.php(507): CodeIgniter\CodeIgniter->runController(Object(App\Controllers\Factura))
 7 SYSTEMPATH\CodeIgniter.php(354): CodeIgniter\CodeIgniter->handleRequest(null, Object(Config\Cache), false)
 8 SYSTEMPATH\Boot.php(363): CodeIgniter\CodeIgniter->run()
 9 SYSTEMPATH\Boot.php(68): CodeIgniter\Boot::runCodeIgniter(Object(CodeIgniter\CodeIgniter))
10 FCPATH\index.php(59): CodeIgniter\Boot::bootWeb(Object(Config\Paths))
WARNING - 2025-11-28 23:03:10 --> [DEPRECATED] preg_replace(): Passing null to parameter #3 ($subject) of type array|string is deprecated in APPPATH\Libraries\cfdi_sat\satxmlsv33.php on line 238.
 1 APPPATH\Libraries\cfdi_sat\satxmlsv33.php(238): preg_replace('/\\s\\s+/', ' ', null)
 2 APPPATH\Libraries\cfdi_sat\satxmlsv33.php(64): GeneraXML->satxmlsv33_cargaAtt(Object(DOMElement), [...])
 3 APPPATH\Libraries\cfdi_sat\satxmlsv33.php(39): GeneraXML->satxmlsv33_generales([...], '', 'C:\\xampp\\htdocs\\pos\\app\\Libraries/cfdi_sat/', '')
 4 APPPATH\Libraries\cfdi_sat\satxmlsv33.php(27): GeneraXML->satxmlsv33_genera_xml([...], '', 'C:\\xampp\\htdocs\\pos\\app\\Libraries/cfdi_sat/', '')
 5 APPPATH\Controllers\Factura.php(64): GeneraXML->satxmlsv33([...], '', 'C:\\xampp\\htdocs\\pos\\app\\Libraries/cfdi_sat/', '')
 6 SYSTEMPATH\CodeIgniter.php(933): App\Controllers\Factura->facturar('3')
 7 SYSTEMPATH\CodeIgniter.php(507): CodeIgniter\CodeIgniter->runController(Object(App\Controllers\Factura))
 8 SYSTEMPATH\CodeIgniter.php(354): CodeIgniter\CodeIgniter->handleRequest(null, Object(Config\Cache), false)
 9 SYSTEMPATH\Boot.php(363): CodeIgniter\CodeIgniter->run()
10 SYSTEMPATH\Boot.php(68): CodeIgniter\Boot::runCodeIgniter(Object(CodeIgniter\CodeIgniter))
11 FCPATH\index.php(59): CodeIgniter\Boot::bootWeb(Object(Config\Paths))
WARNING - 2025-11-28 23:03:10 --> [DEPRECATED] strlen(): Passing null to parameter #1 ($string) of type string is deprecated in APPPATH\Libraries\cfdi_sat\satxmlsv33.php on line 232.
 1 APPPATH\Libraries\cfdi_sat\satxmlsv33.php(64): GeneraXML->satxmlsv33_cargaAtt(Object(DOMElement), [...])
 2 APPPATH\Libraries\cfdi_sat\satxmlsv33.php(39): GeneraXML->satxmlsv33_generales([...], '', 'C:\\xampp\\htdocs\\pos\\app\\Libraries/cfdi_sat/', '')
 3 APPPATH\Libraries\cfdi_sat\satxmlsv33.php(27): GeneraXML->satxmlsv33_genera_xml([...], '', 'C:\\xampp\\htdocs\\pos\\app\\Libraries/cfdi_sat/', '')
 4 APPPATH\Controllers\Factura.php(64): GeneraXML->satxmlsv33([...], '', 'C:\\xampp\\htdocs\\pos\\app\\Libraries/cfdi_sat/', '')
 5 SYSTEMPATH\CodeIgniter.php(933): App\Controllers\Factura->facturar('3')
 6 SYSTEMPATH\CodeIgniter.php(507): CodeIgniter\CodeIgniter->runController(Object(App\Controllers\Factura))
 7 SYSTEMPATH\CodeIgniter.php(354): CodeIgniter\CodeIgniter->handleRequest(null, Object(Config\Cache), false)
 8 SYSTEMPATH\Boot.php(363): CodeIgniter\CodeIgniter->run()
 9 SYSTEMPATH\Boot.php(68): CodeIgniter\Boot::runCodeIgniter(Object(CodeIgniter\CodeIgniter))
10 FCPATH\index.php(59): CodeIgniter\Boot::bootWeb(Object(Config\Paths))
WARNING - 2025-11-28 23:03:10 --> [DEPRECATED] preg_replace(): Passing null to parameter #3 ($subject) of type array|string is deprecated in APPPATH\Libraries\cfdi_sat\satxmlsv33.php on line 238.
 1 APPPATH\Libraries\cfdi_sat\satxmlsv33.php(238): preg_replace('/\\s\\s+/', ' ', null)
 2 APPPATH\Libraries\cfdi_sat\satxmlsv33.php(64): GeneraXML->satxmlsv33_cargaAtt(Object(DOMElement), [...])
 3 APPPATH\Libraries\cfdi_sat\satxmlsv33.php(39): GeneraXML->satxmlsv33_generales([...], '', 'C:\\xampp\\htdocs\\pos\\app\\Libraries/cfdi_sat/', '')
 4 APPPATH\Libraries\cfdi_sat\satxmlsv33.php(27): GeneraXML->satxmlsv33_genera_xml([...], '', 'C:\\xampp\\htdocs\\pos\\app\\Libraries/cfdi_sat/', '')
 5 APPPATH\Controllers\Factura.php(64): GeneraXML->satxmlsv33([...], '', 'C:\\xampp\\htdocs\\pos\\app\\Libraries/cfdi_sat/', '')
 6 SYSTEMPATH\CodeIgniter.php(933): App\Controllers\Factura->facturar('3')
 7 SYSTEMPATH\CodeIgniter.php(507): CodeIgniter\CodeIgniter->runController(Object(App\Controllers\Factura))
 8 SYSTEMPATH\CodeIgniter.php(354): CodeIgniter\CodeIgniter->handleRequest(null, Object(Config\Cache), false)
 9 SYSTEMPATH\Boot.php(363): CodeIgniter\CodeIgniter->run()
10 SYSTEMPATH\Boot.php(68): CodeIgniter\Boot::runCodeIgniter(Object(CodeIgniter\CodeIgniter))
11 FCPATH\index.php(59): CodeIgniter\Boot::bootWeb(Object(Config\Paths))
WARNING - 2025-11-28 23:03:10 --> [DEPRECATED] Function utf8_encode() is deprecated in APPPATH\Libraries\cfdi_sat\satxmlsv33.php on line 242.
 1 APPPATH\Libraries\cfdi_sat\satxmlsv33.php(93): GeneraXML->satxmlsv33_cargaAtt(Object(DOMElement), [...])
 2 APPPATH\Libraries\cfdi_sat\satxmlsv33.php(40): GeneraXML->satxmlsv33_emisor([...], '', 'C:\\xampp\\htdocs\\pos\\app\\Libraries/cfdi_sat/', '')
 3 APPPATH\Libraries\cfdi_sat\satxmlsv33.php(27): GeneraXML->satxmlsv33_genera_xml([...], '', 'C:\\xampp\\htdocs\\pos\\app\\Libraries/cfdi_sat/', '')
 4 APPPATH\Controllers\Factura.php(64): GeneraXML->satxmlsv33([...], '', 'C:\\xampp\\htdocs\\pos\\app\\Libraries/cfdi_sat/', '')
 5 SYSTEMPATH\CodeIgniter.php(933): App\Controllers\Factura->facturar('3')
 6 SYSTEMPATH\CodeIgniter.php(507): CodeIgniter\CodeIgniter->runController(Object(App\Controllers\Factura))
 7 SYSTEMPATH\CodeIgniter.php(354): CodeIgniter\CodeIgniter->handleRequest(null, Object(Config\Cache), false)
 8 SYSTEMPATH\Boot.php(363): CodeIgniter\CodeIgniter->run()
 9 SYSTEMPATH\Boot.php(68): CodeIgniter\Boot::runCodeIgniter(Object(CodeIgniter\CodeIgniter))
10 FCPATH\index.php(59): CodeIgniter\Boot::bootWeb(Object(Config\Paths))
WARNING - 2025-11-28 23:03:10 --> [DEPRECATED] Function utf8_encode() is deprecated in APPPATH\Libraries\cfdi_sat\satxmlsv33.php on line 242.
 1 APPPATH\Libraries\cfdi_sat\satxmlsv33.php(93): GeneraXML->satxmlsv33_cargaAtt(Object(DOMElement), [...])
 2 APPPATH\Libraries\cfdi_sat\satxmlsv33.php(40): GeneraXML->satxmlsv33_emisor([...], '', 'C:\\xampp\\htdocs\\pos\\app\\Libraries/cfdi_sat/', '')
 3 APPPATH\Libraries\cfdi_sat\satxmlsv33.php(27): GeneraXML->satxmlsv33_genera_xml([...], '', 'C:\\xampp\\htdocs\\pos\\app\\Libraries/cfdi_sat/', '')
 4 APPPATH\Controllers\Factura.php(64): GeneraXML->satxmlsv33([...], '', 'C:\\xampp\\htdocs\\pos\\app\\Libraries/cfdi_sat/', '')
 5 SYSTEMPATH\CodeIgniter.php(933): App\Controllers\Factura->facturar('3')
 6 SYSTEMPATH\CodeIgniter.php(507): CodeIgniter\CodeIgniter->runController(Object(App\Controllers\Factura))
 7 SYSTEMPATH\CodeIgniter.php(354): CodeIgniter\CodeIgniter->handleRequest(null, Object(Config\Cache), false)
 8 SYSTEMPATH\Boot.php(363): CodeIgniter\CodeIgniter->run()
 9 SYSTEMPATH\Boot.php(68): CodeIgniter\Boot::runCodeIgniter(Object(CodeIgniter\CodeIgniter))
10 FCPATH\index.php(59): CodeIgniter\Boot::bootWeb(Object(Config\Paths))
WARNING - 2025-11-28 23:03:10 --> [DEPRECATED] Function utf8_encode() is deprecated in APPPATH\Libraries\cfdi_sat\satxmlsv33.php on line 242.
 1 APPPATH\Libraries\cfdi_sat\satxmlsv33.php(93): GeneraXML->satxmlsv33_cargaAtt(Object(DOMElement), [...])
 2 APPPATH\Libraries\cfdi_sat\satxmlsv33.php(40): GeneraXML->satxmlsv33_emisor([...], '', 'C:\\xampp\\htdocs\\pos\\app\\Libraries/cfdi_sat/', '')
 3 APPPATH\Libraries\cfdi_sat\satxmlsv33.php(27): GeneraXML->satxmlsv33_genera_xml([...], '', 'C:\\xampp\\htdocs\\pos\\app\\Libraries/cfdi_sat/', '')
 4 APPPATH\Controllers\Factura.php(64): GeneraXML->satxmlsv33([...], '', 'C:\\xampp\\htdocs\\pos\\app\\Libraries/cfdi_sat/', '')
 5 SYSTEMPATH\CodeIgniter.php(933): App\Controllers\Factura->facturar('3')
 6 SYSTEMPATH\CodeIgniter.php(507): CodeIgniter\CodeIgniter->runController(Object(App\Controllers\Factura))
 7 SYSTEMPATH\CodeIgniter.php(354): CodeIgniter\CodeIgniter->handleRequest(null, Object(Config\Cache), false)
 8 SYSTEMPATH\Boot.php(363): CodeIgniter\CodeIgniter->run()
 9 SYSTEMPATH\Boot.php(68): CodeIgniter\Boot::runCodeIgniter(Object(CodeIgniter\CodeIgniter))
10 FCPATH\index.php(59): CodeIgniter\Boot::bootWeb(Object(Config\Paths))
WARNING - 2025-11-28 23:03:10 --> [DEPRECATED] Function utf8_encode() is deprecated in APPPATH\Libraries\cfdi_sat\satxmlsv33.php on line 242.
 1 APPPATH\Libraries\cfdi_sat\satxmlsv33.php(105): GeneraXML->satxmlsv33_cargaAtt(Object(DOMElement), [...])
 2 APPPATH\Libraries\cfdi_sat\satxmlsv33.php(41): GeneraXML->satxmlsv33_receptor([...], '', 'C:\\xampp\\htdocs\\pos\\app\\Libraries/cfdi_sat/', '')
 3 APPPATH\Libraries\cfdi_sat\satxmlsv33.php(27): GeneraXML->satxmlsv33_genera_xml([...], '', 'C:\\xampp\\htdocs\\pos\\app\\Libraries/cfdi_sat/', '')
 4 APPPATH\Controllers\Factura.php(64): GeneraXML->satxmlsv33([...], '', 'C:\\xampp\\htdocs\\pos\\app\\Libraries/cfdi_sat/', '')
 5 SYSTEMPATH\CodeIgniter.php(933): App\Controllers\Factura->facturar('3')
 6 SYSTEMPATH\CodeIgniter.php(507): CodeIgniter\CodeIgniter->runController(Object(App\Controllers\Factura))
 7 SYSTEMPATH\CodeIgniter.php(354): CodeIgniter\CodeIgniter->handleRequest(null, Object(Config\Cache), false)
 8 SYSTEMPATH\Boot.php(363): CodeIgniter\CodeIgniter->run()
 9 SYSTEMPATH\Boot.php(68): CodeIgniter\Boot::runCodeIgniter(Object(CodeIgniter\CodeIgniter))
10 FCPATH\index.php(59): CodeIgniter\Boot::bootWeb(Object(Config\Paths))
WARNING - 2025-11-28 23:03:10 --> [DEPRECATED] Function utf8_encode() is deprecated in APPPATH\Libraries\cfdi_sat\satxmlsv33.php on line 242.
 1 APPPATH\Libraries\cfdi_sat\satxmlsv33.php(105): GeneraXML->satxmlsv33_cargaAtt(Object(DOMElement), [...])
 2 APPPATH\Libraries\cfdi_sat\satxmlsv33.php(41): GeneraXML->satxmlsv33_receptor([...], '', 'C:\\xampp\\htdocs\\pos\\app\\Libraries/cfdi_sat/', '')
 3 APPPATH\Libraries\cfdi_sat\satxmlsv33.php(27): GeneraXML->satxmlsv33_genera_xml([...], '', 'C:\\xampp\\htdocs\\pos\\app\\Libraries/cfdi_sat/', '')
 4 APPPATH\Controllers\Factura.php(64): GeneraXML->satxmlsv33([...], '', 'C:\\xampp\\htdocs\\pos\\app\\Libraries/cfdi_sat/', '')
 5 SYSTEMPATH\CodeIgniter.php(933): App\Controllers\Factura->facturar('3')
 6 SYSTEMPATH\CodeIgniter.php(507): CodeIgniter\CodeIgniter->runController(Object(App\Controllers\Factura))
 7 SYSTEMPATH\CodeIgniter.php(354): CodeIgniter\CodeIgniter->handleRequest(null, Object(Config\Cache), false)
 8 SYSTEMPATH\Boot.php(363): CodeIgniter\CodeIgniter->run()
 9 SYSTEMPATH\Boot.php(68): CodeIgniter\Boot::runCodeIgniter(Object(CodeIgniter\CodeIgniter))
10 FCPATH\index.php(59): CodeIgniter\Boot::bootWeb(Object(Config\Paths))
WARNING - 2025-11-28 23:03:10 --> [DEPRECATED] Function utf8_encode() is deprecated in APPPATH\Libraries\cfdi_sat\satxmlsv33.php on line 242.
 1 APPPATH\Libraries\cfdi_sat\satxmlsv33.php(105): GeneraXML->satxmlsv33_cargaAtt(Object(DOMElement), [...])
 2 APPPATH\Libraries\cfdi_sat\satxmlsv33.php(41): GeneraXML->satxmlsv33_receptor([...], '', 'C:\\xampp\\htdocs\\pos\\app\\Libraries/cfdi_sat/', '')
 3 APPPATH\Libraries\cfdi_sat\satxmlsv33.php(27): GeneraXML->satxmlsv33_genera_xml([...], '', 'C:\\xampp\\htdocs\\pos\\app\\Libraries/cfdi_sat/', '')
 4 APPPATH\Controllers\Factura.php(64): GeneraXML->satxmlsv33([...], '', 'C:\\xampp\\htdocs\\pos\\app\\Libraries/cfdi_sat/', '')
 5 SYSTEMPATH\CodeIgniter.php(933): App\Controllers\Factura->facturar('3')
 6 SYSTEMPATH\CodeIgniter.php(507): CodeIgniter\CodeIgniter->runController(Object(App\Controllers\Factura))
 7 SYSTEMPATH\CodeIgniter.php(354): CodeIgniter\CodeIgniter->handleRequest(null, Object(Config\Cache), false)
 8 SYSTEMPATH\Boot.php(363): CodeIgniter\CodeIgniter->run()
 9 SYSTEMPATH\Boot.php(68): CodeIgniter\Boot::runCodeIgniter(Object(CodeIgniter\CodeIgniter))
10 FCPATH\index.php(59): CodeIgniter\Boot::bootWeb(Object(Config\Paths))
WARNING - 2025-11-28 23:03:10 --> [DEPRECATED] Function utf8_encode() is deprecated in APPPATH\Libraries\cfdi_sat\satxmlsv33.php on line 242.
 1 APPPATH\Libraries\cfdi_sat\satxmlsv33.php(123): GeneraXML->satxmlsv33_cargaAtt(Object(DOMElement), [...])
 2 APPPATH\Libraries\cfdi_sat\satxmlsv33.php(42): GeneraXML->satxmlsv33_conceptos([...], '', 'C:\\xampp\\htdocs\\pos\\app\\Libraries/cfdi_sat/', '')
 3 APPPATH\Libraries\cfdi_sat\satxmlsv33.php(27): GeneraXML->satxmlsv33_genera_xml([...], '', 'C:\\xampp\\htdocs\\pos\\app\\Libraries/cfdi_sat/', '')
 4 APPPATH\Controllers\Factura.php(64): GeneraXML->satxmlsv33([...], '', 'C:\\xampp\\htdocs\\pos\\app\\Libraries/cfdi_sat/', '')
 5 SYSTEMPATH\CodeIgniter.php(933): App\Controllers\Factura->facturar('3')
 6 SYSTEMPATH\CodeIgniter.php(507): CodeIgniter\CodeIgniter->runController(Object(App\Controllers\Factura))
 7 SYSTEMPATH\CodeIgniter.php(354): CodeIgniter\CodeIgniter->handleRequest(null, Object(Config\Cache), false)
 8 SYSTEMPATH\Boot.php(363): CodeIgniter\CodeIgniter->run()
 9 SYSTEMPATH\Boot.php(68): CodeIgniter\Boot::runCodeIgniter(Object(CodeIgniter\CodeIgniter))
10 FCPATH\index.php(59): CodeIgniter\Boot::bootWeb(Object(Config\Paths))
WARNING - 2025-11-28 23:03:10 --> [DEPRECATED] Function utf8_encode() is deprecated in APPPATH\Libraries\cfdi_sat\satxmlsv33.php on line 242.
 1 APPPATH\Libraries\cfdi_sat\satxmlsv33.php(123): GeneraXML->satxmlsv33_cargaAtt(Object(DOMElement), [...])
 2 APPPATH\Libraries\cfdi_sat\satxmlsv33.php(42): GeneraXML->satxmlsv33_conceptos([...], '', 'C:\\xampp\\htdocs\\pos\\app\\Libraries/cfdi_sat/', '')
 3 APPPATH\Libraries\cfdi_sat\satxmlsv33.php(27): GeneraXML->satxmlsv33_genera_xml([...], '', 'C:\\xampp\\htdocs\\pos\\app\\Libraries/cfdi_sat/', '')
 4 APPPATH\Controllers\Factura.php(64): GeneraXML->satxmlsv33([...], '', 'C:\\xampp\\htdocs\\pos\\app\\Libraries/cfdi_sat/', '')
 5 SYSTEMPATH\CodeIgniter.php(933): App\Controllers\Factura->facturar('3')
 6 SYSTEMPATH\CodeIgniter.php(507): CodeIgniter\CodeIgniter->runController(Object(App\Controllers\Factura))
 7 SYSTEMPATH\CodeIgniter.php(354): CodeIgniter\CodeIgniter->handleRequest(null, Object(Config\Cache), false)
 8 SYSTEMPATH\Boot.php(363): CodeIgniter\CodeIgniter->run()
 9 SYSTEMPATH\Boot.php(68): CodeIgniter\Boot::runCodeIgniter(Object(CodeIgniter\CodeIgniter))
10 FCPATH\index.php(59): CodeIgniter\Boot::bootWeb(Object(Config\Paths))
WARNING - 2025-11-28 23:03:10 --> [DEPRECATED] Function utf8_encode() is deprecated in APPPATH\Libraries\cfdi_sat\satxmlsv33.php on line 242.
 1 APPPATH\Libraries\cfdi_sat\satxmlsv33.php(123): GeneraXML->satxmlsv33_cargaAtt(Object(DOMElement), [...])
 2 APPPATH\Libraries\cfdi_sat\satxmlsv33.php(42): GeneraXML->satxmlsv33_conceptos([...], '', 'C:\\xampp\\htdocs\\pos\\app\\Libraries/cfdi_sat/', '')
 3 APPPATH\Libraries\cfdi_sat\satxmlsv33.php(27): GeneraXML->satxmlsv33_genera_xml([...], '', 'C:\\xampp\\htdocs\\pos\\app\\Libraries/cfdi_sat/', '')
 4 APPPATH\Controllers\Factura.php(64): GeneraXML->satxmlsv33([...], '', 'C:\\xampp\\htdocs\\pos\\app\\Libraries/cfdi_sat/', '')
 5 SYSTEMPATH\CodeIgniter.php(933): App\Controllers\Factura->facturar('3')
 6 SYSTEMPATH\CodeIgniter.php(507): CodeIgniter\CodeIgniter->runController(Object(App\Controllers\Factura))
 7 SYSTEMPATH\CodeIgniter.php(354): CodeIgniter\CodeIgniter->handleRequest(null, Object(Config\Cache), false)
 8 SYSTEMPATH\Boot.php(363): CodeIgniter\CodeIgniter->run()
 9 SYSTEMPATH\Boot.php(68): CodeIgniter\Boot::runCodeIgniter(Object(CodeIgniter\CodeIgniter))
10 FCPATH\index.php(59): CodeIgniter\Boot::bootWeb(Object(Config\Paths))
WARNING - 2025-11-28 23:03:10 --> [DEPRECATED] Function utf8_encode() is deprecated in APPPATH\Libraries\cfdi_sat\satxmlsv33.php on line 242.
 1 APPPATH\Libraries\cfdi_sat\satxmlsv33.php(123): GeneraXML->satxmlsv33_cargaAtt(Object(DOMElement), [...])
 2 APPPATH\Libraries\cfdi_sat\satxmlsv33.php(42): GeneraXML->satxmlsv33_conceptos([...], '', 'C:\\xampp\\htdocs\\pos\\app\\Libraries/cfdi_sat/', '')
 3 APPPATH\Libraries\cfdi_sat\satxmlsv33.php(27): GeneraXML->satxmlsv33_genera_xml([...], '', 'C:\\xampp\\htdocs\\pos\\app\\Libraries/cfdi_sat/', '')
 4 APPPATH\Controllers\Factura.php(64): GeneraXML->satxmlsv33([...], '', 'C:\\xampp\\htdocs\\pos\\app\\Libraries/cfdi_sat/', '')
 5 SYSTEMPATH\CodeIgniter.php(933): App\Controllers\Factura->facturar('3')
 6 SYSTEMPATH\CodeIgniter.php(507): CodeIgniter\CodeIgniter->runController(Object(App\Controllers\Factura))
 7 SYSTEMPATH\CodeIgniter.php(354): CodeIgniter\CodeIgniter->handleRequest(null, Object(Config\Cache), false)
 8 SYSTEMPATH\Boot.php(363): CodeIgniter\CodeIgniter->run()
 9 SYSTEMPATH\Boot.php(68): CodeIgniter\Boot::runCodeIgniter(Object(CodeIgniter\CodeIgniter))
10 FCPATH\index.php(59): CodeIgniter\Boot::bootWeb(Object(Config\Paths))
WARNING - 2025-11-28 23:03:10 --> [DEPRECATED] Function utf8_encode() is deprecated in APPPATH\Libraries\cfdi_sat\satxmlsv33.php on line 242.
 1 APPPATH\Libraries\cfdi_sat\satxmlsv33.php(123): GeneraXML->satxmlsv33_cargaAtt(Object(DOMElement), [...])
 2 APPPATH\Libraries\cfdi_sat\satxmlsv33.php(42): GeneraXML->satxmlsv33_conceptos([...], '', 'C:\\xampp\\htdocs\\pos\\app\\Libraries/cfdi_sat/', '')
 3 APPPATH\Libraries\cfdi_sat\satxmlsv33.php(27): GeneraXML->satxmlsv33_genera_xml([...], '', 'C:\\xampp\\htdocs\\pos\\app\\Libraries/cfdi_sat/', '')
 4 APPPATH\Controllers\Factura.php(64): GeneraXML->satxmlsv33([...], '', 'C:\\xampp\\htdocs\\pos\\app\\Libraries/cfdi_sat/', '')
 5 SYSTEMPATH\CodeIgniter.php(933): App\Controllers\Factura->facturar('3')
 6 SYSTEMPATH\CodeIgniter.php(507): CodeIgniter\CodeIgniter->runController(Object(App\Controllers\Factura))
 7 SYSTEMPATH\CodeIgniter.php(354): CodeIgniter\CodeIgniter->handleRequest(null, Object(Config\Cache), false)
 8 SYSTEMPATH\Boot.php(363): CodeIgniter\CodeIgniter->run()
 9 SYSTEMPATH\Boot.php(68): CodeIgniter\Boot::runCodeIgniter(Object(CodeIgniter\CodeIgniter))
10 FCPATH\index.php(59): CodeIgniter\Boot::bootWeb(Object(Config\Paths))
WARNING - 2025-11-28 23:03:10 --> [DEPRECATED] Function utf8_encode() is deprecated in APPPATH\Libraries\cfdi_sat\satxmlsv33.php on line 242.
 1 APPPATH\Libraries\cfdi_sat\satxmlsv33.php(123): GeneraXML->satxmlsv33_cargaAtt(Object(DOMElement), [...])
 2 APPPATH\Libraries\cfdi_sat\satxmlsv33.php(42): GeneraXML->satxmlsv33_conceptos([...], '', 'C:\\xampp\\htdocs\\pos\\app\\Libraries/cfdi_sat/', '')
 3 APPPATH\Libraries\cfdi_sat\satxmlsv33.php(27): GeneraXML->satxmlsv33_genera_xml([...], '', 'C:\\xampp\\htdocs\\pos\\app\\Libraries/cfdi_sat/', '')
 4 APPPATH\Controllers\Factura.php(64): GeneraXML->satxmlsv33([...], '', 'C:\\xampp\\htdocs\\pos\\app\\Libraries/cfdi_sat/', '')
 5 SYSTEMPATH\CodeIgniter.php(933): App\Controllers\Factura->facturar('3')
 6 SYSTEMPATH\CodeIgniter.php(507): CodeIgniter\CodeIgniter->runController(Object(App\Controllers\Factura))
 7 SYSTEMPATH\CodeIgniter.php(354): CodeIgniter\CodeIgniter->handleRequest(null, Object(Config\Cache), false)
 8 SYSTEMPATH\Boot.php(363): CodeIgniter\CodeIgniter->run()
 9 SYSTEMPATH\Boot.php(68): CodeIgniter\Boot::runCodeIgniter(Object(CodeIgniter\CodeIgniter))
10 FCPATH\index.php(59): CodeIgniter\Boot::bootWeb(Object(Config\Paths))
WARNING - 2025-11-28 23:03:10 --> [DEPRECATED] Function utf8_encode() is deprecated in APPPATH\Libraries\cfdi_sat\satxmlsv33.php on line 242.
 1 APPPATH\Libraries\cfdi_sat\satxmlsv33.php(123): GeneraXML->satxmlsv33_cargaAtt(Object(DOMElement), [...])
 2 APPPATH\Libraries\cfdi_sat\satxmlsv33.php(42): GeneraXML->satxmlsv33_conceptos([...], '', 'C:\\xampp\\htdocs\\pos\\app\\Libraries/cfdi_sat/', '')
 3 APPPATH\Libraries\cfdi_sat\satxmlsv33.php(27): GeneraXML->satxmlsv33_genera_xml([...], '', 'C:\\xampp\\htdocs\\pos\\app\\Libraries/cfdi_sat/', '')
 4 APPPATH\Controllers\Factura.php(64): GeneraXML->satxmlsv33([...], '', 'C:\\xampp\\htdocs\\pos\\app\\Libraries/cfdi_sat/', '')
 5 SYSTEMPATH\CodeIgniter.php(933): App\Controllers\Factura->facturar('3')
 6 SYSTEMPATH\CodeIgniter.php(507): CodeIgniter\CodeIgniter->runController(Object(App\Controllers\Factura))
 7 SYSTEMPATH\CodeIgniter.php(354): CodeIgniter\CodeIgniter->handleRequest(null, Object(Config\Cache), false)
 8 SYSTEMPATH\Boot.php(363): CodeIgniter\CodeIgniter->run()
 9 SYSTEMPATH\Boot.php(68): CodeIgniter\Boot::runCodeIgniter(Object(CodeIgniter\CodeIgniter))
10 FCPATH\index.php(59): CodeIgniter\Boot::bootWeb(Object(Config\Paths))
WARNING - 2025-11-28 23:03:10 --> [DEPRECATED] Function utf8_encode() is deprecated in APPPATH\Libraries\cfdi_sat\satxmlsv33.php on line 242.
 1 APPPATH\Libraries\cfdi_sat\satxmlsv33.php(123): GeneraXML->satxmlsv33_cargaAtt(Object(DOMElement), [...])
 2 APPPATH\Libraries\cfdi_sat\satxmlsv33.php(42): GeneraXML->satxmlsv33_conceptos([...], '', 'C:\\xampp\\htdocs\\pos\\app\\Libraries/cfdi_sat/', '')
 3 APPPATH\Libraries\cfdi_sat\satxmlsv33.php(27): GeneraXML->satxmlsv33_genera_xml([...], '', 'C:\\xampp\\htdocs\\pos\\app\\Libraries/cfdi_sat/', '')
 4 APPPATH\Controllers\Factura.php(64): GeneraXML->satxmlsv33([...], '', 'C:\\xampp\\htdocs\\pos\\app\\Libraries/cfdi_sat/', '')
 5 SYSTEMPATH\CodeIgniter.php(933): App\Controllers\Factura->facturar('3')
 6 SYSTEMPATH\CodeIgniter.php(507): CodeIgniter\CodeIgniter->runController(Object(App\Controllers\Factura))
 7 SYSTEMPATH\CodeIgniter.php(354): CodeIgniter\CodeIgniter->handleRequest(null, Object(Config\Cache), false)
 8 SYSTEMPATH\Boot.php(363): CodeIgniter\CodeIgniter->run()
 9 SYSTEMPATH\Boot.php(68): CodeIgniter\Boot::runCodeIgniter(Object(CodeIgniter\CodeIgniter))
10 FCPATH\index.php(59): CodeIgniter\Boot::bootWeb(Object(Config\Paths))
WARNING - 2025-11-28 23:03:10 --> [DEPRECATED] Function utf8_encode() is deprecated in APPPATH\Libraries\cfdi_sat\satxmlsv33.php on line 242.
 1 APPPATH\Libraries\cfdi_sat\satxmlsv33.php(123): GeneraXML->satxmlsv33_cargaAtt(Object(DOMElement), [...])
 2 APPPATH\Libraries\cfdi_sat\satxmlsv33.php(42): GeneraXML->satxmlsv33_conceptos([...], '', 'C:\\xampp\\htdocs\\pos\\app\\Libraries/cfdi_sat/', '')
 3 APPPATH\Libraries\cfdi_sat\satxmlsv33.php(27): GeneraXML->satxmlsv33_genera_xml([...], '', 'C:\\xampp\\htdocs\\pos\\app\\Libraries/cfdi_sat/', '')
 4 APPPATH\Controllers\Factura.php(64): GeneraXML->satxmlsv33([...], '', 'C:\\xampp\\htdocs\\pos\\app\\Libraries/cfdi_sat/', '')
 5 SYSTEMPATH\CodeIgniter.php(933): App\Controllers\Factura->facturar('3')
 6 SYSTEMPATH\CodeIgniter.php(507): CodeIgniter\CodeIgniter->runController(Object(App\Controllers\Factura))
 7 SYSTEMPATH\CodeIgniter.php(354): CodeIgniter\CodeIgniter->handleRequest(null, Object(Config\Cache), false)
 8 SYSTEMPATH\Boot.php(363): CodeIgniter\CodeIgniter->run()
 9 SYSTEMPATH\Boot.php(68): CodeIgniter\Boot::runCodeIgniter(Object(CodeIgniter\CodeIgniter))
10 FCPATH\index.php(59): CodeIgniter\Boot::bootWeb(Object(Config\Paths))
WARNING - 2025-11-28 23:03:10 --> [DEPRECATED] Function utf8_encode() is deprecated in APPPATH\Libraries\cfdi_sat\satxmlsv33.php on line 242.
 1 APPPATH\Libraries\cfdi_sat\satxmlsv33.php(144): GeneraXML->satxmlsv33_cargaAtt(Object(DOMElement), [...])
 2 APPPATH\Libraries\cfdi_sat\satxmlsv33.php(42): GeneraXML->satxmlsv33_conceptos([...], '', 'C:\\xampp\\htdocs\\pos\\app\\Libraries/cfdi_sat/', '')
 3 APPPATH\Libraries\cfdi_sat\satxmlsv33.php(27): GeneraXML->satxmlsv33_genera_xml([...], '', 'C:\\xampp\\htdocs\\pos\\app\\Libraries/cfdi_sat/', '')
 4 APPPATH\Controllers\Factura.php(64): GeneraXML->satxmlsv33([...], '', 'C:\\xampp\\htdocs\\pos\\app\\Libraries/cfdi_sat/', '')
 5 SYSTEMPATH\CodeIgniter.php(933): App\Controllers\Factura->facturar('3')
 6 SYSTEMPATH\CodeIgniter.php(507): CodeIgniter\CodeIgniter->runController(Object(App\Controllers\Factura))
 7 SYSTEMPATH\CodeIgniter.php(354): CodeIgniter\CodeIgniter->handleRequest(null, Object(Config\Cache), false)
 8 SYSTEMPATH\Boot.php(363): CodeIgniter\CodeIgniter->run()
 9 SYSTEMPATH\Boot.php(68): CodeIgniter\Boot::runCodeIgniter(Object(CodeIgniter\CodeIgniter))
10 FCPATH\index.php(59): CodeIgniter\Boot::bootWeb(Object(Config\Paths))
WARNING - 2025-11-28 23:03:10 --> [DEPRECATED] Function utf8_encode() is deprecated in APPPATH\Libraries\cfdi_sat\satxmlsv33.php on line 242.
 1 APPPATH\Libraries\cfdi_sat\satxmlsv33.php(144): GeneraXML->satxmlsv33_cargaAtt(Object(DOMElement), [...])
 2 APPPATH\Libraries\cfdi_sat\satxmlsv33.php(42): GeneraXML->satxmlsv33_conceptos([...], '', 'C:\\xampp\\htdocs\\pos\\app\\Libraries/cfdi_sat/', '')
 3 APPPATH\Libraries\cfdi_sat\satxmlsv33.php(27): GeneraXML->satxmlsv33_genera_xml([...], '', 'C:\\xampp\\htdocs\\pos\\app\\Libraries/cfdi_sat/', '')
 4 APPPATH\Controllers\Factura.php(64): GeneraXML->satxmlsv33([...], '', 'C:\\xampp\\htdocs\\pos\\app\\Libraries/cfdi_sat/', '')
 5 SYSTEMPATH\CodeIgniter.php(933): App\Controllers\Factura->facturar('3')
 6 SYSTEMPATH\CodeIgniter.php(507): CodeIgniter\CodeIgniter->runController(Object(App\Controllers\Factura))
 7 SYSTEMPATH\CodeIgniter.php(354): CodeIgniter\CodeIgniter->handleRequest(null, Object(Config\Cache), false)
 8 SYSTEMPATH\Boot.php(363): CodeIgniter\CodeIgniter->run()
 9 SYSTEMPATH\Boot.php(68): CodeIgniter\Boot::runCodeIgniter(Object(CodeIgniter\CodeIgniter))
10 FCPATH\index.php(59): CodeIgniter\Boot::bootWeb(Object(Config\Paths))
WARNING - 2025-11-28 23:03:10 --> [DEPRECATED] Function utf8_encode() is deprecated in APPPATH\Libraries\cfdi_sat\satxmlsv33.php on line 242.
 1 APPPATH\Libraries\cfdi_sat\satxmlsv33.php(144): GeneraXML->satxmlsv33_cargaAtt(Object(DOMElement), [...])
 2 APPPATH\Libraries\cfdi_sat\satxmlsv33.php(42): GeneraXML->satxmlsv33_conceptos([...], '', 'C:\\xampp\\htdocs\\pos\\app\\Libraries/cfdi_sat/', '')
 3 APPPATH\Libraries\cfdi_sat\satxmlsv33.php(27): GeneraXML->satxmlsv33_genera_xml([...], '', 'C:\\xampp\\htdocs\\pos\\app\\Libraries/cfdi_sat/', '')
 4 APPPATH\Controllers\Factura.php(64): GeneraXML->satxmlsv33([...], '', 'C:\\xampp\\htdocs\\pos\\app\\Libraries/cfdi_sat/', '')
 5 SYSTEMPATH\CodeIgniter.php(933): App\Controllers\Factura->facturar('3')
 6 SYSTEMPATH\CodeIgniter.php(507): CodeIgniter\CodeIgniter->runController(Object(App\Controllers\Factura))
 7 SYSTEMPATH\CodeIgniter.php(354): CodeIgniter\CodeIgniter->handleRequest(null, Object(Config\Cache), false)
 8 SYSTEMPATH\Boot.php(363): CodeIgniter\CodeIgniter->run()
 9 SYSTEMPATH\Boot.php(68): CodeIgniter\Boot::runCodeIgniter(Object(CodeIgniter\CodeIgniter))
10 FCPATH\index.php(59): CodeIgniter\Boot::bootWeb(Object(Config\Paths))
WARNING - 2025-11-28 23:03:10 --> [DEPRECATED] Function utf8_encode() is deprecated in APPPATH\Libraries\cfdi_sat\satxmlsv33.php on line 242.
 1 APPPATH\Libraries\cfdi_sat\satxmlsv33.php(144): GeneraXML->satxmlsv33_cargaAtt(Object(DOMElement), [...])
 2 APPPATH\Libraries\cfdi_sat\satxmlsv33.php(42): GeneraXML->satxmlsv33_conceptos([...], '', 'C:\\xampp\\htdocs\\pos\\app\\Libraries/cfdi_sat/', '')
 3 APPPATH\Libraries\cfdi_sat\satxmlsv33.php(27): GeneraXML->satxmlsv33_genera_xml([...], '', 'C:\\xampp\\htdocs\\pos\\app\\Libraries/cfdi_sat/', '')
 4 APPPATH\Controllers\Factura.php(64): GeneraXML->satxmlsv33([...], '', 'C:\\xampp\\htdocs\\pos\\app\\Libraries/cfdi_sat/', '')
 5 SYSTEMPATH\CodeIgniter.php(933): App\Controllers\Factura->facturar('3')
 6 SYSTEMPATH\CodeIgniter.php(507): CodeIgniter\CodeIgniter->runController(Object(App\Controllers\Factura))
 7 SYSTEMPATH\CodeIgniter.php(354): CodeIgniter\CodeIgniter->handleRequest(null, Object(Config\Cache), false)
 8 SYSTEMPATH\Boot.php(363): CodeIgniter\CodeIgniter->run()
 9 SYSTEMPATH\Boot.php(68): CodeIgniter\Boot::runCodeIgniter(Object(CodeIgniter\CodeIgniter))
10 FCPATH\index.php(59): CodeIgniter\Boot::bootWeb(Object(Config\Paths))
WARNING - 2025-11-28 23:03:10 --> [DEPRECATED] Function utf8_encode() is deprecated in APPPATH\Libraries\cfdi_sat\satxmlsv33.php on line 242.
 1 APPPATH\Libraries\cfdi_sat\satxmlsv33.php(144): GeneraXML->satxmlsv33_cargaAtt(Object(DOMElement), [...])
 2 APPPATH\Libraries\cfdi_sat\satxmlsv33.php(42): GeneraXML->satxmlsv33_conceptos([...], '', 'C:\\xampp\\htdocs\\pos\\app\\Libraries/cfdi_sat/', '')
 3 APPPATH\Libraries\cfdi_sat\satxmlsv33.php(27): GeneraXML->satxmlsv33_genera_xml([...], '', 'C:\\xampp\\htdocs\\pos\\app\\Libraries/cfdi_sat/', '')
 4 APPPATH\Controllers\Factura.php(64): GeneraXML->satxmlsv33([...], '', 'C:\\xampp\\htdocs\\pos\\app\\Libraries/cfdi_sat/', '')
 5 SYSTEMPATH\CodeIgniter.php(933): App\Controllers\Factura->facturar('3')
 6 SYSTEMPATH\CodeIgniter.php(507): CodeIgniter\CodeIgniter->runController(Object(App\Controllers\Factura))
 7 SYSTEMPATH\CodeIgniter.php(354): CodeIgniter\CodeIgniter->handleRequest(null, Object(Config\Cache), false)
 8 SYSTEMPATH\Boot.php(363): CodeIgniter\CodeIgniter->run()
 9 SYSTEMPATH\Boot.php(68): CodeIgniter\Boot::runCodeIgniter(Object(CodeIgniter\CodeIgniter))
10 FCPATH\index.php(59): CodeIgniter\Boot::bootWeb(Object(Config\Paths))
WARNING - 2025-11-28 23:03:10 --> [DEPRECATED] Function utf8_encode() is deprecated in APPPATH\Libraries\cfdi_sat\satxmlsv33.php on line 242.
 1 APPPATH\Libraries\cfdi_sat\satxmlsv33.php(165): GeneraXML->satxmlsv33_cargaAtt(Object(DOMElement), [...])
 2 APPPATH\Libraries\cfdi_sat\satxmlsv33.php(43): GeneraXML->satxmlsv33_impuestos([...], '', 'C:\\xampp\\htdocs\\pos\\app\\Libraries/cfdi_sat/', '')
 3 APPPATH\Libraries\cfdi_sat\satxmlsv33.php(27): GeneraXML->satxmlsv33_genera_xml([...], '', 'C:\\xampp\\htdocs\\pos\\app\\Libraries/cfdi_sat/', '')
 4 APPPATH\Controllers\Factura.php(64): GeneraXML->satxmlsv33([...], '', 'C:\\xampp\\htdocs\\pos\\app\\Libraries/cfdi_sat/', '')
 5 SYSTEMPATH\CodeIgniter.php(933): App\Controllers\Factura->facturar('3')
 6 SYSTEMPATH\CodeIgniter.php(507): CodeIgniter\CodeIgniter->runController(Object(App\Controllers\Factura))
 7 SYSTEMPATH\CodeIgniter.php(354): CodeIgniter\CodeIgniter->handleRequest(null, Object(Config\Cache), false)
 8 SYSTEMPATH\Boot.php(363): CodeIgniter\CodeIgniter->run()
 9 SYSTEMPATH\Boot.php(68): CodeIgniter\Boot::runCodeIgniter(Object(CodeIgniter\CodeIgniter))
10 FCPATH\index.php(59): CodeIgniter\Boot::bootWeb(Object(Config\Paths))
WARNING - 2025-11-28 23:03:10 --> [DEPRECATED] Function utf8_encode() is deprecated in APPPATH\Libraries\cfdi_sat\satxmlsv33.php on line 242.
 1 APPPATH\Libraries\cfdi_sat\satxmlsv33.php(165): GeneraXML->satxmlsv33_cargaAtt(Object(DOMElement), [...])
 2 APPPATH\Libraries\cfdi_sat\satxmlsv33.php(43): GeneraXML->satxmlsv33_impuestos([...], '', 'C:\\xampp\\htdocs\\pos\\app\\Libraries/cfdi_sat/', '')
 3 APPPATH\Libraries\cfdi_sat\satxmlsv33.php(27): GeneraXML->satxmlsv33_genera_xml([...], '', 'C:\\xampp\\htdocs\\pos\\app\\Libraries/cfdi_sat/', '')
 4 APPPATH\Controllers\Factura.php(64): GeneraXML->satxmlsv33([...], '', 'C:\\xampp\\htdocs\\pos\\app\\Libraries/cfdi_sat/', '')
 5 SYSTEMPATH\CodeIgniter.php(933): App\Controllers\Factura->facturar('3')
 6 SYSTEMPATH\CodeIgniter.php(507): CodeIgniter\CodeIgniter->runController(Object(App\Controllers\Factura))
 7 SYSTEMPATH\CodeIgniter.php(354): CodeIgniter\CodeIgniter->handleRequest(null, Object(Config\Cache), false)
 8 SYSTEMPATH\Boot.php(363): CodeIgniter\CodeIgniter->run()
 9 SYSTEMPATH\Boot.php(68): CodeIgniter\Boot::runCodeIgniter(Object(CodeIgniter\CodeIgniter))
10 FCPATH\index.php(59): CodeIgniter\Boot::bootWeb(Object(Config\Paths))
WARNING - 2025-11-28 23:03:10 --> [DEPRECATED] Function utf8_encode() is deprecated in APPPATH\Libraries\cfdi_sat\satxmlsv33.php on line 242.
 1 APPPATH\Libraries\cfdi_sat\satxmlsv33.php(165): GeneraXML->satxmlsv33_cargaAtt(Object(DOMElement), [...])
 2 APPPATH\Libraries\cfdi_sat\satxmlsv33.php(43): GeneraXML->satxmlsv33_impuestos([...], '', 'C:\\xampp\\htdocs\\pos\\app\\Libraries/cfdi_sat/', '')
 3 APPPATH\Libraries\cfdi_sat\satxmlsv33.php(27): GeneraXML->satxmlsv33_genera_xml([...], '', 'C:\\xampp\\htdocs\\pos\\app\\Libraries/cfdi_sat/', '')
 4 APPPATH\Controllers\Factura.php(64): GeneraXML->satxmlsv33([...], '', 'C:\\xampp\\htdocs\\pos\\app\\Libraries/cfdi_sat/', '')
 5 SYSTEMPATH\CodeIgniter.php(933): App\Controllers\Factura->facturar('3')
 6 SYSTEMPATH\CodeIgniter.php(507): CodeIgniter\CodeIgniter->runController(Object(App\Controllers\Factura))
 7 SYSTEMPATH\CodeIgniter.php(354): CodeIgniter\CodeIgniter->handleRequest(null, Object(Config\Cache), false)
 8 SYSTEMPATH\Boot.php(363): CodeIgniter\CodeIgniter->run()
 9 SYSTEMPATH\Boot.php(68): CodeIgniter\Boot::runCodeIgniter(Object(CodeIgniter\CodeIgniter))
10 FCPATH\index.php(59): CodeIgniter\Boot::bootWeb(Object(Config\Paths))
WARNING - 2025-11-28 23:03:10 --> [DEPRECATED] Function utf8_encode() is deprecated in APPPATH\Libraries\cfdi_sat\satxmlsv33.php on line 242.
 1 APPPATH\Libraries\cfdi_sat\satxmlsv33.php(165): GeneraXML->satxmlsv33_cargaAtt(Object(DOMElement), [...])
 2 APPPATH\Libraries\cfdi_sat\satxmlsv33.php(43): GeneraXML->satxmlsv33_impuestos([...], '', 'C:\\xampp\\htdocs\\pos\\app\\Libraries/cfdi_sat/', '')
 3 APPPATH\Libraries\cfdi_sat\satxmlsv33.php(27): GeneraXML->satxmlsv33_genera_xml([...], '', 'C:\\xampp\\htdocs\\pos\\app\\Libraries/cfdi_sat/', '')
 4 APPPATH\Controllers\Factura.php(64): GeneraXML->satxmlsv33([...], '', 'C:\\xampp\\htdocs\\pos\\app\\Libraries/cfdi_sat/', '')
 5 SYSTEMPATH\CodeIgniter.php(933): App\Controllers\Factura->facturar('3')
 6 SYSTEMPATH\CodeIgniter.php(507): CodeIgniter\CodeIgniter->runController(Object(App\Controllers\Factura))
 7 SYSTEMPATH\CodeIgniter.php(354): CodeIgniter\CodeIgniter->handleRequest(null, Object(Config\Cache), false)
 8 SYSTEMPATH\Boot.php(363): CodeIgniter\CodeIgniter->run()
 9 SYSTEMPATH\Boot.php(68): CodeIgniter\Boot::runCodeIgniter(Object(CodeIgniter\CodeIgniter))
10 FCPATH\index.php(59): CodeIgniter\Boot::bootWeb(Object(Config\Paths))
WARNING - 2025-11-28 23:03:28 --> [DEPRECATED] Function openssl_free_key() is deprecated in APPPATH\Libraries\cfdi_sat\satxmlsv33.php on line 199.
 1 APPPATH\Libraries\cfdi_sat\satxmlsv33.php(29): GeneraXML->satxmlsv33_sella([...], 'C:\\xampp\\htdocs\\pos\\app\\Libraries/cfdi_sat/')
 2 APPPATH\Controllers\Factura.php(64): GeneraXML->satxmlsv33([...], '', 'C:\\xampp\\htdocs\\pos\\app\\Libraries/cfdi_sat/', '')
 3 SYSTEMPATH\CodeIgniter.php(933): App\Controllers\Factura->facturar('3')
 4 SYSTEMPATH\CodeIgniter.php(507): CodeIgniter\CodeIgniter->runController(Object(App\Controllers\Factura))
 5 SYSTEMPATH\CodeIgniter.php(354): CodeIgniter\CodeIgniter->handleRequest(null, Object(Config\Cache), false)
 6 SYSTEMPATH\Boot.php(363): CodeIgniter\CodeIgniter->run()
 7 SYSTEMPATH\Boot.php(68): CodeIgniter\Boot::runCodeIgniter(Object(CodeIgniter\CodeIgniter))
 8 FCPATH\index.php(59): CodeIgniter\Boot::bootWeb(Object(Config\Paths))
WARNING - 2025-11-28 23:03:29 --> [DEPRECATED] base64_decode(): Passing null to parameter #1 ($string) of type string is deprecated in APPPATH\Controllers\Factura.php on line 71.
 1 APPPATH\Controllers\Factura.php(71): base64_decode(null)
 2 SYSTEMPATH\CodeIgniter.php(933): App\Controllers\Factura->facturar('3')
 3 SYSTEMPATH\CodeIgniter.php(507): CodeIgniter\CodeIgniter->runController(Object(App\Controllers\Factura))
 4 SYSTEMPATH\CodeIgniter.php(354): CodeIgniter\CodeIgniter->handleRequest(null, Object(Config\Cache), false)
 5 SYSTEMPATH\Boot.php(363): CodeIgniter\CodeIgniter->run()
 6 SYSTEMPATH\Boot.php(68): CodeIgniter\Boot::runCodeIgniter(Object(CodeIgniter\CodeIgniter))
 7 FCPATH\index.php(59): CodeIgniter\Boot::bootWeb(Object(Config\Paths))
WARNING - 2025-11-28 23:05:17 --> [DEPRECATED] Function utf8_encode() is deprecated in APPPATH\Libraries\cfdi_sat\satxmlsv33.php on line 242.
 1 APPPATH\Libraries\cfdi_sat\satxmlsv33.php(57): GeneraXML->satxmlsv33_cargaAtt(Object(DOMElement), [...])
 2 APPPATH\Libraries\cfdi_sat\satxmlsv33.php(39): GeneraXML->satxmlsv33_generales([...], '', 'C:\\xampp\\htdocs\\pos\\app\\Libraries/cfdi_sat/', '')
 3 APPPATH\Libraries\cfdi_sat\satxmlsv33.php(27): GeneraXML->satxmlsv33_genera_xml([...], '', 'C:\\xampp\\htdocs\\pos\\app\\Libraries/cfdi_sat/', '')
 4 APPPATH\Controllers\Factura.php(64): GeneraXML->satxmlsv33([...], '', 'C:\\xampp\\htdocs\\pos\\app\\Libraries/cfdi_sat/', '')
 5 SYSTEMPATH\CodeIgniter.php(933): App\Controllers\Factura->facturar('3')
 6 SYSTEMPATH\CodeIgniter.php(507): CodeIgniter\CodeIgniter->runController(Object(App\Controllers\Factura))
 7 SYSTEMPATH\CodeIgniter.php(354): CodeIgniter\CodeIgniter->handleRequest(null, Object(Config\Cache), false)
 8 SYSTEMPATH\Boot.php(363): CodeIgniter\CodeIgniter->run()
 9 SYSTEMPATH\Boot.php(68): CodeIgniter\Boot::runCodeIgniter(Object(CodeIgniter\CodeIgniter))
10 FCPATH\index.php(59): CodeIgniter\Boot::bootWeb(Object(Config\Paths))
WARNING - 2025-11-28 23:05:17 --> [DEPRECATED] Function utf8_encode() is deprecated in APPPATH\Libraries\cfdi_sat\satxmlsv33.php on line 242.
 1 APPPATH\Libraries\cfdi_sat\satxmlsv33.php(57): GeneraXML->satxmlsv33_cargaAtt(Object(DOMElement), [...])
 2 APPPATH\Libraries\cfdi_sat\satxmlsv33.php(39): GeneraXML->satxmlsv33_generales([...], '', 'C:\\xampp\\htdocs\\pos\\app\\Libraries/cfdi_sat/', '')
 3 APPPATH\Libraries\cfdi_sat\satxmlsv33.php(27): GeneraXML->satxmlsv33_genera_xml([...], '', 'C:\\xampp\\htdocs\\pos\\app\\Libraries/cfdi_sat/', '')
 4 APPPATH\Controllers\Factura.php(64): GeneraXML->satxmlsv33([...], '', 'C:\\xampp\\htdocs\\pos\\app\\Libraries/cfdi_sat/', '')
 5 SYSTEMPATH\CodeIgniter.php(933): App\Controllers\Factura->facturar('3')
 6 SYSTEMPATH\CodeIgniter.php(507): CodeIgniter\CodeIgniter->runController(Object(App\Controllers\Factura))
 7 SYSTEMPATH\CodeIgniter.php(354): CodeIgniter\CodeIgniter->handleRequest(null, Object(Config\Cache), false)
 8 SYSTEMPATH\Boot.php(363): CodeIgniter\CodeIgniter->run()
 9 SYSTEMPATH\Boot.php(68): CodeIgniter\Boot::runCodeIgniter(Object(CodeIgniter\CodeIgniter))
10 FCPATH\index.php(59): CodeIgniter\Boot::bootWeb(Object(Config\Paths))
WARNING - 2025-11-28 23:05:17 --> [DEPRECATED] Function utf8_encode() is deprecated in APPPATH\Libraries\cfdi_sat\satxmlsv33.php on line 242.
 1 APPPATH\Libraries\cfdi_sat\satxmlsv33.php(57): GeneraXML->satxmlsv33_cargaAtt(Object(DOMElement), [...])
 2 APPPATH\Libraries\cfdi_sat\satxmlsv33.php(39): GeneraXML->satxmlsv33_generales([...], '', 'C:\\xampp\\htdocs\\pos\\app\\Libraries/cfdi_sat/', '')
 3 APPPATH\Libraries\cfdi_sat\satxmlsv33.php(27): GeneraXML->satxmlsv33_genera_xml([...], '', 'C:\\xampp\\htdocs\\pos\\app\\Libraries/cfdi_sat/', '')
 4 APPPATH\Controllers\Factura.php(64): GeneraXML->satxmlsv33([...], '', 'C:\\xampp\\htdocs\\pos\\app\\Libraries/cfdi_sat/', '')
 5 SYSTEMPATH\CodeIgniter.php(933): App\Controllers\Factura->facturar('3')
 6 SYSTEMPATH\CodeIgniter.php(507): CodeIgniter\CodeIgniter->runController(Object(App\Controllers\Factura))
 7 SYSTEMPATH\CodeIgniter.php(354): CodeIgniter\CodeIgniter->handleRequest(null, Object(Config\Cache), false)
 8 SYSTEMPATH\Boot.php(363): CodeIgniter\CodeIgniter->run()
 9 SYSTEMPATH\Boot.php(68): CodeIgniter\Boot::runCodeIgniter(Object(CodeIgniter\CodeIgniter))
10 FCPATH\index.php(59): CodeIgniter\Boot::bootWeb(Object(Config\Paths))
WARNING - 2025-11-28 23:05:17 --> [DEPRECATED] substr(): Passing null to parameter #1 ($string) of type string is deprecated in APPPATH\Libraries\cfdi_sat\satxmlsv33.php on line 250.
 1 APPPATH\Libraries\cfdi_sat\satxmlsv33.php(250): substr(null, 0, 4)
 2 APPPATH\Libraries\cfdi_sat\satxmlsv33.php(82): GeneraXML->satxmlsv33_xml_fech(null)
 3 APPPATH\Libraries\cfdi_sat\satxmlsv33.php(39): GeneraXML->satxmlsv33_generales([...], '', 'C:\\xampp\\htdocs\\pos\\app\\Libraries/cfdi_sat/', '')
 4 APPPATH\Libraries\cfdi_sat\satxmlsv33.php(27): GeneraXML->satxmlsv33_genera_xml([...], '', 'C:\\xampp\\htdocs\\pos\\app\\Libraries/cfdi_sat/', '')
 5 APPPATH\Controllers\Factura.php(64): GeneraXML->satxmlsv33([...], '', 'C:\\xampp\\htdocs\\pos\\app\\Libraries/cfdi_sat/', '')
 6 SYSTEMPATH\CodeIgniter.php(933): App\Controllers\Factura->facturar('3')
 7 SYSTEMPATH\CodeIgniter.php(507): CodeIgniter\CodeIgniter->runController(Object(App\Controllers\Factura))
 8 SYSTEMPATH\CodeIgniter.php(354): CodeIgniter\CodeIgniter->handleRequest(null, Object(Config\Cache), false)
 9 SYSTEMPATH\Boot.php(363): CodeIgniter\CodeIgniter->run()
10 SYSTEMPATH\Boot.php(68): CodeIgniter\Boot::runCodeIgniter(Object(CodeIgniter\CodeIgniter))
11 FCPATH\index.php(59): CodeIgniter\Boot::bootWeb(Object(Config\Paths))
WARNING - 2025-11-28 23:05:17 --> [DEPRECATED] substr(): Passing null to parameter #1 ($string) of type string is deprecated in APPPATH\Libraries\cfdi_sat\satxmlsv33.php on line 251.
 1 APPPATH\Libraries\cfdi_sat\satxmlsv33.php(251): substr(null, 4, 2)
 2 APPPATH\Libraries\cfdi_sat\satxmlsv33.php(82): GeneraXML->satxmlsv33_xml_fech(null)
 3 APPPATH\Libraries\cfdi_sat\satxmlsv33.php(39): GeneraXML->satxmlsv33_generales([...], '', 'C:\\xampp\\htdocs\\pos\\app\\Libraries/cfdi_sat/', '')
 4 APPPATH\Libraries\cfdi_sat\satxmlsv33.php(27): GeneraXML->satxmlsv33_genera_xml([...], '', 'C:\\xampp\\htdocs\\pos\\app\\Libraries/cfdi_sat/', '')
 5 APPPATH\Controllers\Factura.php(64): GeneraXML->satxmlsv33([...], '', 'C:\\xampp\\htdocs\\pos\\app\\Libraries/cfdi_sat/', '')
 6 SYSTEMPATH\CodeIgniter.php(933): App\Controllers\Factura->facturar('3')
 7 SYSTEMPATH\CodeIgniter.php(507): CodeIgniter\CodeIgniter->runController(Object(App\Controllers\Factura))
 8 SYSTEMPATH\CodeIgniter.php(354): CodeIgniter\CodeIgniter->handleRequest(null, Object(Config\Cache), false)
 9 SYSTEMPATH\Boot.php(363): CodeIgniter\CodeIgniter->run()
10 SYSTEMPATH\Boot.php(68): CodeIgniter\Boot::runCodeIgniter(Object(CodeIgniter\CodeIgniter))
11 FCPATH\index.php(59): CodeIgniter\Boot::bootWeb(Object(Config\Paths))
WARNING - 2025-11-28 23:05:17 --> [DEPRECATED] substr(): Passing null to parameter #1 ($string) of type string is deprecated in APPPATH\Libraries\cfdi_sat\satxmlsv33.php on line 252.
 1 APPPATH\Libraries\cfdi_sat\satxmlsv33.php(252): substr(null, 6, 2)
 2 APPPATH\Libraries\cfdi_sat\satxmlsv33.php(82): GeneraXML->satxmlsv33_xml_fech(null)
 3 APPPATH\Libraries\cfdi_sat\satxmlsv33.php(39): GeneraXML->satxmlsv33_generales([...], '', 'C:\\xampp\\htdocs\\pos\\app\\Libraries/cfdi_sat/', '')
 4 APPPATH\Libraries\cfdi_sat\satxmlsv33.php(27): GeneraXML->satxmlsv33_genera_xml([...], '', 'C:\\xampp\\htdocs\\pos\\app\\Libraries/cfdi_sat/', '')
 5 APPPATH\Controllers\Factura.php(64): GeneraXML->satxmlsv33([...], '', 'C:\\xampp\\htdocs\\pos\\app\\Libraries/cfdi_sat/', '')
 6 SYSTEMPATH\CodeIgniter.php(933): App\Controllers\Factura->facturar('3')
 7 SYSTEMPATH\CodeIgniter.php(507): CodeIgniter\CodeIgniter->runController(Object(App\Controllers\Factura))
 8 SYSTEMPATH\CodeIgniter.php(354): CodeIgniter\CodeIgniter->handleRequest(null, Object(Config\Cache), false)
 9 SYSTEMPATH\Boot.php(363): CodeIgniter\CodeIgniter->run()
10 SYSTEMPATH\Boot.php(68): CodeIgniter\Boot::runCodeIgniter(Object(CodeIgniter\CodeIgniter))
11 FCPATH\index.php(59): CodeIgniter\Boot::bootWeb(Object(Config\Paths))
WARNING - 2025-11-28 23:05:17 --> [DEPRECATED] substr(): Passing null to parameter #1 ($string) of type string is deprecated in APPPATH\Libraries\cfdi_sat\satxmlsv33.php on line 253.
 1 APPPATH\Libraries\cfdi_sat\satxmlsv33.php(253): substr(null, 8, 2)
 2 APPPATH\Libraries\cfdi_sat\satxmlsv33.php(82): GeneraXML->satxmlsv33_xml_fech(null)
 3 APPPATH\Libraries\cfdi_sat\satxmlsv33.php(39): GeneraXML->satxmlsv33_generales([...], '', 'C:\\xampp\\htdocs\\pos\\app\\Libraries/cfdi_sat/', '')
 4 APPPATH\Libraries\cfdi_sat\satxmlsv33.php(27): GeneraXML->satxmlsv33_genera_xml([...], '', 'C:\\xampp\\htdocs\\pos\\app\\Libraries/cfdi_sat/', '')
 5 APPPATH\Controllers\Factura.php(64): GeneraXML->satxmlsv33([...], '', 'C:\\xampp\\htdocs\\pos\\app\\Libraries/cfdi_sat/', '')
 6 SYSTEMPATH\CodeIgniter.php(933): App\Controllers\Factura->facturar('3')
 7 SYSTEMPATH\CodeIgniter.php(507): CodeIgniter\CodeIgniter->runController(Object(App\Controllers\Factura))
 8 SYSTEMPATH\CodeIgniter.php(354): CodeIgniter\CodeIgniter->handleRequest(null, Object(Config\Cache), false)
 9 SYSTEMPATH\Boot.php(363): CodeIgniter\CodeIgniter->run()
10 SYSTEMPATH\Boot.php(68): CodeIgniter\Boot::runCodeIgniter(Object(CodeIgniter\CodeIgniter))
11 FCPATH\index.php(59): CodeIgniter\Boot::bootWeb(Object(Config\Paths))
WARNING - 2025-11-28 23:05:17 --> [DEPRECATED] substr(): Passing null to parameter #1 ($string) of type string is deprecated in APPPATH\Libraries\cfdi_sat\satxmlsv33.php on line 254.
 1 APPPATH\Libraries\cfdi_sat\satxmlsv33.php(254): substr(null, 10, 2)
 2 APPPATH\Libraries\cfdi_sat\satxmlsv33.php(82): GeneraXML->satxmlsv33_xml_fech(null)
 3 APPPATH\Libraries\cfdi_sat\satxmlsv33.php(39): GeneraXML->satxmlsv33_generales([...], '', 'C:\\xampp\\htdocs\\pos\\app\\Libraries/cfdi_sat/', '')
 4 APPPATH\Libraries\cfdi_sat\satxmlsv33.php(27): GeneraXML->satxmlsv33_genera_xml([...], '', 'C:\\xampp\\htdocs\\pos\\app\\Libraries/cfdi_sat/', '')
 5 APPPATH\Controllers\Factura.php(64): GeneraXML->satxmlsv33([...], '', 'C:\\xampp\\htdocs\\pos\\app\\Libraries/cfdi_sat/', '')
 6 SYSTEMPATH\CodeIgniter.php(933): App\Controllers\Factura->facturar('3')
 7 SYSTEMPATH\CodeIgniter.php(507): CodeIgniter\CodeIgniter->runController(Object(App\Controllers\Factura))
 8 SYSTEMPATH\CodeIgniter.php(354): CodeIgniter\CodeIgniter->handleRequest(null, Object(Config\Cache), false)
 9 SYSTEMPATH\Boot.php(363): CodeIgniter\CodeIgniter->run()
10 SYSTEMPATH\Boot.php(68): CodeIgniter\Boot::runCodeIgniter(Object(CodeIgniter\CodeIgniter))
11 FCPATH\index.php(59): CodeIgniter\Boot::bootWeb(Object(Config\Paths))
WARNING - 2025-11-28 23:05:17 --> [DEPRECATED] substr(): Passing null to parameter #1 ($string) of type string is deprecated in APPPATH\Libraries\cfdi_sat\satxmlsv33.php on line 255.
 1 APPPATH\Libraries\cfdi_sat\satxmlsv33.php(255): substr(null, 12, 2)
 2 APPPATH\Libraries\cfdi_sat\satxmlsv33.php(82): GeneraXML->satxmlsv33_xml_fech(null)
 3 APPPATH\Libraries\cfdi_sat\satxmlsv33.php(39): GeneraXML->satxmlsv33_generales([...], '', 'C:\\xampp\\htdocs\\pos\\app\\Libraries/cfdi_sat/', '')
 4 APPPATH\Libraries\cfdi_sat\satxmlsv33.php(27): GeneraXML->satxmlsv33_genera_xml([...], '', 'C:\\xampp\\htdocs\\pos\\app\\Libraries/cfdi_sat/', '')
 5 APPPATH\Controllers\Factura.php(64): GeneraXML->satxmlsv33([...], '', 'C:\\xampp\\htdocs\\pos\\app\\Libraries/cfdi_sat/', '')
 6 SYSTEMPATH\CodeIgniter.php(933): App\Controllers\Factura->facturar('3')
 7 SYSTEMPATH\CodeIgniter.php(507): CodeIgniter\CodeIgniter->runController(Object(App\Controllers\Factura))
 8 SYSTEMPATH\CodeIgniter.php(354): CodeIgniter\CodeIgniter->handleRequest(null, Object(Config\Cache), false)
 9 SYSTEMPATH\Boot.php(363): CodeIgniter\CodeIgniter->run()
10 SYSTEMPATH\Boot.php(68): CodeIgniter\Boot::runCodeIgniter(Object(CodeIgniter\CodeIgniter))
11 FCPATH\index.php(59): CodeIgniter\Boot::bootWeb(Object(Config\Paths))
WARNING - 2025-11-28 23:05:17 --> [DEPRECATED] Function utf8_encode() is deprecated in APPPATH\Libraries\cfdi_sat\satxmlsv33.php on line 242.
 1 APPPATH\Libraries\cfdi_sat\satxmlsv33.php(64): GeneraXML->satxmlsv33_cargaAtt(Object(DOMElement), [...])
 2 APPPATH\Libraries\cfdi_sat\satxmlsv33.php(39): GeneraXML->satxmlsv33_generales([...], '', 'C:\\xampp\\htdocs\\pos\\app\\Libraries/cfdi_sat/', '')
 3 APPPATH\Libraries\cfdi_sat\satxmlsv33.php(27): GeneraXML->satxmlsv33_genera_xml([...], '', 'C:\\xampp\\htdocs\\pos\\app\\Libraries/cfdi_sat/', '')
 4 APPPATH\Controllers\Factura.php(64): GeneraXML->satxmlsv33([...], '', 'C:\\xampp\\htdocs\\pos\\app\\Libraries/cfdi_sat/', '')
 5 SYSTEMPATH\CodeIgniter.php(933): App\Controllers\Factura->facturar('3')
 6 SYSTEMPATH\CodeIgniter.php(507): CodeIgniter\CodeIgniter->runController(Object(App\Controllers\Factura))
 7 SYSTEMPATH\CodeIgniter.php(354): CodeIgniter\CodeIgniter->handleRequest(null, Object(Config\Cache), false)
 8 SYSTEMPATH\Boot.php(363): CodeIgniter\CodeIgniter->run()
 9 SYSTEMPATH\Boot.php(68): CodeIgniter\Boot::runCodeIgniter(Object(CodeIgniter\CodeIgniter))
10 FCPATH\index.php(59): CodeIgniter\Boot::bootWeb(Object(Config\Paths))
WARNING - 2025-11-28 23:05:17 --> [DEPRECATED] Function utf8_encode() is deprecated in APPPATH\Libraries\cfdi_sat\satxmlsv33.php on line 242.
 1 APPPATH\Libraries\cfdi_sat\satxmlsv33.php(64): GeneraXML->satxmlsv33_cargaAtt(Object(DOMElement), [...])
 2 APPPATH\Libraries\cfdi_sat\satxmlsv33.php(39): GeneraXML->satxmlsv33_generales([...], '', 'C:\\xampp\\htdocs\\pos\\app\\Libraries/cfdi_sat/', '')
 3 APPPATH\Libraries\cfdi_sat\satxmlsv33.php(27): GeneraXML->satxmlsv33_genera_xml([...], '', 'C:\\xampp\\htdocs\\pos\\app\\Libraries/cfdi_sat/', '')
 4 APPPATH\Controllers\Factura.php(64): GeneraXML->satxmlsv33([...], '', 'C:\\xampp\\htdocs\\pos\\app\\Libraries/cfdi_sat/', '')
 5 SYSTEMPATH\CodeIgniter.php(933): App\Controllers\Factura->facturar('3')
 6 SYSTEMPATH\CodeIgniter.php(507): CodeIgniter\CodeIgniter->runController(Object(App\Controllers\Factura))
 7 SYSTEMPATH\CodeIgniter.php(354): CodeIgniter\CodeIgniter->handleRequest(null, Object(Config\Cache), false)
 8 SYSTEMPATH\Boot.php(363): CodeIgniter\CodeIgniter->run()
 9 SYSTEMPATH\Boot.php(68): CodeIgniter\Boot::runCodeIgniter(Object(CodeIgniter\CodeIgniter))
10 FCPATH\index.php(59): CodeIgniter\Boot::bootWeb(Object(Config\Paths))
WARNING - 2025-11-28 23:05:17 --> [DEPRECATED] Function utf8_encode() is deprecated in APPPATH\Libraries\cfdi_sat\satxmlsv33.php on line 242.
 1 APPPATH\Libraries\cfdi_sat\satxmlsv33.php(64): GeneraXML->satxmlsv33_cargaAtt(Object(DOMElement), [...])
 2 APPPATH\Libraries\cfdi_sat\satxmlsv33.php(39): GeneraXML->satxmlsv33_generales([...], '', 'C:\\xampp\\htdocs\\pos\\app\\Libraries/cfdi_sat/', '')
 3 APPPATH\Libraries\cfdi_sat\satxmlsv33.php(27): GeneraXML->satxmlsv33_genera_xml([...], '', 'C:\\xampp\\htdocs\\pos\\app\\Libraries/cfdi_sat/', '')
 4 APPPATH\Controllers\Factura.php(64): GeneraXML->satxmlsv33([...], '', 'C:\\xampp\\htdocs\\pos\\app\\Libraries/cfdi_sat/', '')
 5 SYSTEMPATH\CodeIgniter.php(933): App\Controllers\Factura->facturar('3')
 6 SYSTEMPATH\CodeIgniter.php(507): CodeIgniter\CodeIgniter->runController(Object(App\Controllers\Factura))
 7 SYSTEMPATH\CodeIgniter.php(354): CodeIgniter\CodeIgniter->handleRequest(null, Object(Config\Cache), false)
 8 SYSTEMPATH\Boot.php(363): CodeIgniter\CodeIgniter->run()
 9 SYSTEMPATH\Boot.php(68): CodeIgniter\Boot::runCodeIgniter(Object(CodeIgniter\CodeIgniter))
10 FCPATH\index.php(59): CodeIgniter\Boot::bootWeb(Object(Config\Paths))
WARNING - 2025-11-28 23:05:17 --> [DEPRECATED] Function utf8_encode() is deprecated in APPPATH\Libraries\cfdi_sat\satxmlsv33.php on line 242.
 1 APPPATH\Libraries\cfdi_sat\satxmlsv33.php(64): GeneraXML->satxmlsv33_cargaAtt(Object(DOMElement), [...])
 2 APPPATH\Libraries\cfdi_sat\satxmlsv33.php(39): GeneraXML->satxmlsv33_generales([...], '', 'C:\\xampp\\htdocs\\pos\\app\\Libraries/cfdi_sat/', '')
 3 APPPATH\Libraries\cfdi_sat\satxmlsv33.php(27): GeneraXML->satxmlsv33_genera_xml([...], '', 'C:\\xampp\\htdocs\\pos\\app\\Libraries/cfdi_sat/', '')
 4 APPPATH\Controllers\Factura.php(64): GeneraXML->satxmlsv33([...], '', 'C:\\xampp\\htdocs\\pos\\app\\Libraries/cfdi_sat/', '')
 5 SYSTEMPATH\CodeIgniter.php(933): App\Controllers\Factura->facturar('3')
 6 SYSTEMPATH\CodeIgniter.php(507): CodeIgniter\CodeIgniter->runController(Object(App\Controllers\Factura))
 7 SYSTEMPATH\CodeIgniter.php(354): CodeIgniter\CodeIgniter->handleRequest(null, Object(Config\Cache), false)
 8 SYSTEMPATH\Boot.php(363): CodeIgniter\CodeIgniter->run()
 9 SYSTEMPATH\Boot.php(68): CodeIgniter\Boot::runCodeIgniter(Object(CodeIgniter\CodeIgniter))
10 FCPATH\index.php(59): CodeIgniter\Boot::bootWeb(Object(Config\Paths))
WARNING - 2025-11-28 23:05:17 --> [DEPRECATED] Function utf8_encode() is deprecated in APPPATH\Libraries\cfdi_sat\satxmlsv33.php on line 242.
 1 APPPATH\Libraries\cfdi_sat\satxmlsv33.php(64): GeneraXML->satxmlsv33_cargaAtt(Object(DOMElement), [...])
 2 APPPATH\Libraries\cfdi_sat\satxmlsv33.php(39): GeneraXML->satxmlsv33_generales([...], '', 'C:\\xampp\\htdocs\\pos\\app\\Libraries/cfdi_sat/', '')
 3 APPPATH\Libraries\cfdi_sat\satxmlsv33.php(27): GeneraXML->satxmlsv33_genera_xml([...], '', 'C:\\xampp\\htdocs\\pos\\app\\Libraries/cfdi_sat/', '')
 4 APPPATH\Controllers\Factura.php(64): GeneraXML->satxmlsv33([...], '', 'C:\\xampp\\htdocs\\pos\\app\\Libraries/cfdi_sat/', '')
 5 SYSTEMPATH\CodeIgniter.php(933): App\Controllers\Factura->facturar('3')
 6 SYSTEMPATH\CodeIgniter.php(507): CodeIgniter\CodeIgniter->runController(Object(App\Controllers\Factura))
 7 SYSTEMPATH\CodeIgniter.php(354): CodeIgniter\CodeIgniter->handleRequest(null, Object(Config\Cache), false)
 8 SYSTEMPATH\Boot.php(363): CodeIgniter\CodeIgniter->run()
 9 SYSTEMPATH\Boot.php(68): CodeIgniter\Boot::runCodeIgniter(Object(CodeIgniter\CodeIgniter))
10 FCPATH\index.php(59): CodeIgniter\Boot::bootWeb(Object(Config\Paths))
WARNING - 2025-11-28 23:05:17 --> [DEPRECATED] Function utf8_encode() is deprecated in APPPATH\Libraries\cfdi_sat\satxmlsv33.php on line 242.
 1 APPPATH\Libraries\cfdi_sat\satxmlsv33.php(64): GeneraXML->satxmlsv33_cargaAtt(Object(DOMElement), [...])
 2 APPPATH\Libraries\cfdi_sat\satxmlsv33.php(39): GeneraXML->satxmlsv33_generales([...], '', 'C:\\xampp\\htdocs\\pos\\app\\Libraries/cfdi_sat/', '')
 3 APPPATH\Libraries\cfdi_sat\satxmlsv33.php(27): GeneraXML->satxmlsv33_genera_xml([...], '', 'C:\\xampp\\htdocs\\pos\\app\\Libraries/cfdi_sat/', '')
 4 APPPATH\Controllers\Factura.php(64): GeneraXML->satxmlsv33([...], '', 'C:\\xampp\\htdocs\\pos\\app\\Libraries/cfdi_sat/', '')
 5 SYSTEMPATH\CodeIgniter.php(933): App\Controllers\Factura->facturar('3')
 6 SYSTEMPATH\CodeIgniter.php(507): CodeIgniter\CodeIgniter->runController(Object(App\Controllers\Factura))
 7 SYSTEMPATH\CodeIgniter.php(354): CodeIgniter\CodeIgniter->handleRequest(null, Object(Config\Cache), false)
 8 SYSTEMPATH\Boot.php(363): CodeIgniter\CodeIgniter->run()
 9 SYSTEMPATH\Boot.php(68): CodeIgniter\Boot::runCodeIgniter(Object(CodeIgniter\CodeIgniter))
10 FCPATH\index.php(59): CodeIgniter\Boot::bootWeb(Object(Config\Paths))
WARNING - 2025-11-28 23:05:17 --> [DEPRECATED] Function utf8_encode() is deprecated in APPPATH\Libraries\cfdi_sat\satxmlsv33.php on line 242.
 1 APPPATH\Libraries\cfdi_sat\satxmlsv33.php(64): GeneraXML->satxmlsv33_cargaAtt(Object(DOMElement), [...])
 2 APPPATH\Libraries\cfdi_sat\satxmlsv33.php(39): GeneraXML->satxmlsv33_generales([...], '', 'C:\\xampp\\htdocs\\pos\\app\\Libraries/cfdi_sat/', '')
 3 APPPATH\Libraries\cfdi_sat\satxmlsv33.php(27): GeneraXML->satxmlsv33_genera_xml([...], '', 'C:\\xampp\\htdocs\\pos\\app\\Libraries/cfdi_sat/', '')
 4 APPPATH\Controllers\Factura.php(64): GeneraXML->satxmlsv33([...], '', 'C:\\xampp\\htdocs\\pos\\app\\Libraries/cfdi_sat/', '')
 5 SYSTEMPATH\CodeIgniter.php(933): App\Controllers\Factura->facturar('3')
 6 SYSTEMPATH\CodeIgniter.php(507): CodeIgniter\CodeIgniter->runController(Object(App\Controllers\Factura))
 7 SYSTEMPATH\CodeIgniter.php(354): CodeIgniter\CodeIgniter->handleRequest(null, Object(Config\Cache), false)
 8 SYSTEMPATH\Boot.php(363): CodeIgniter\CodeIgniter->run()
 9 SYSTEMPATH\Boot.php(68): CodeIgniter\Boot::runCodeIgniter(Object(CodeIgniter\CodeIgniter))
10 FCPATH\index.php(59): CodeIgniter\Boot::bootWeb(Object(Config\Paths))
WARNING - 2025-11-28 23:05:17 --> [DEPRECATED] Function utf8_encode() is deprecated in APPPATH\Libraries\cfdi_sat\satxmlsv33.php on line 242.
 1 APPPATH\Libraries\cfdi_sat\satxmlsv33.php(64): GeneraXML->satxmlsv33_cargaAtt(Object(DOMElement), [...])
 2 APPPATH\Libraries\cfdi_sat\satxmlsv33.php(39): GeneraXML->satxmlsv33_generales([...], '', 'C:\\xampp\\htdocs\\pos\\app\\Libraries/cfdi_sat/', '')
 3 APPPATH\Libraries\cfdi_sat\satxmlsv33.php(27): GeneraXML->satxmlsv33_genera_xml([...], '', 'C:\\xampp\\htdocs\\pos\\app\\Libraries/cfdi_sat/', '')
 4 APPPATH\Controllers\Factura.php(64): GeneraXML->satxmlsv33([...], '', 'C:\\xampp\\htdocs\\pos\\app\\Libraries/cfdi_sat/', '')
 5 SYSTEMPATH\CodeIgniter.php(933): App\Controllers\Factura->facturar('3')
 6 SYSTEMPATH\CodeIgniter.php(507): CodeIgniter\CodeIgniter->runController(Object(App\Controllers\Factura))
 7 SYSTEMPATH\CodeIgniter.php(354): CodeIgniter\CodeIgniter->handleRequest(null, Object(Config\Cache), false)
 8 SYSTEMPATH\Boot.php(363): CodeIgniter\CodeIgniter->run()
 9 SYSTEMPATH\Boot.php(68): CodeIgniter\Boot::runCodeIgniter(Object(CodeIgniter\CodeIgniter))
10 FCPATH\index.php(59): CodeIgniter\Boot::bootWeb(Object(Config\Paths))
WARNING - 2025-11-28 23:05:17 --> [DEPRECATED] Function utf8_encode() is deprecated in APPPATH\Libraries\cfdi_sat\satxmlsv33.php on line 242.
 1 APPPATH\Libraries\cfdi_sat\satxmlsv33.php(64): GeneraXML->satxmlsv33_cargaAtt(Object(DOMElement), [...])
 2 APPPATH\Libraries\cfdi_sat\satxmlsv33.php(39): GeneraXML->satxmlsv33_generales([...], '', 'C:\\xampp\\htdocs\\pos\\app\\Libraries/cfdi_sat/', '')
 3 APPPATH\Libraries\cfdi_sat\satxmlsv33.php(27): GeneraXML->satxmlsv33_genera_xml([...], '', 'C:\\xampp\\htdocs\\pos\\app\\Libraries/cfdi_sat/', '')
 4 APPPATH\Controllers\Factura.php(64): GeneraXML->satxmlsv33([...], '', 'C:\\xampp\\htdocs\\pos\\app\\Libraries/cfdi_sat/', '')
 5 SYSTEMPATH\CodeIgniter.php(933): App\Controllers\Factura->facturar('3')
 6 SYSTEMPATH\CodeIgniter.php(507): CodeIgniter\CodeIgniter->runController(Object(App\Controllers\Factura))
 7 SYSTEMPATH\CodeIgniter.php(354): CodeIgniter\CodeIgniter->handleRequest(null, Object(Config\Cache), false)
 8 SYSTEMPATH\Boot.php(363): CodeIgniter\CodeIgniter->run()
 9 SYSTEMPATH\Boot.php(68): CodeIgniter\Boot::runCodeIgniter(Object(CodeIgniter\CodeIgniter))
10 FCPATH\index.php(59): CodeIgniter\Boot::bootWeb(Object(Config\Paths))
WARNING - 2025-11-28 23:05:17 --> [DEPRECATED] Function utf8_encode() is deprecated in APPPATH\Libraries\cfdi_sat\satxmlsv33.php on line 242.
 1 APPPATH\Libraries\cfdi_sat\satxmlsv33.php(64): GeneraXML->satxmlsv33_cargaAtt(Object(DOMElement), [...])
 2 APPPATH\Libraries\cfdi_sat\satxmlsv33.php(39): GeneraXML->satxmlsv33_generales([...], '', 'C:\\xampp\\htdocs\\pos\\app\\Libraries/cfdi_sat/', '')
 3 APPPATH\Libraries\cfdi_sat\satxmlsv33.php(27): GeneraXML->satxmlsv33_genera_xml([...], '', 'C:\\xampp\\htdocs\\pos\\app\\Libraries/cfdi_sat/', '')
 4 APPPATH\Controllers\Factura.php(64): GeneraXML->satxmlsv33([...], '', 'C:\\xampp\\htdocs\\pos\\app\\Libraries/cfdi_sat/', '')
 5 SYSTEMPATH\CodeIgniter.php(933): App\Controllers\Factura->facturar('3')
 6 SYSTEMPATH\CodeIgniter.php(507): CodeIgniter\CodeIgniter->runController(Object(App\Controllers\Factura))
 7 SYSTEMPATH\CodeIgniter.php(354): CodeIgniter\CodeIgniter->handleRequest(null, Object(Config\Cache), false)
 8 SYSTEMPATH\Boot.php(363): CodeIgniter\CodeIgniter->run()
 9 SYSTEMPATH\Boot.php(68): CodeIgniter\Boot::runCodeIgniter(Object(CodeIgniter\CodeIgniter))
10 FCPATH\index.php(59): CodeIgniter\Boot::bootWeb(Object(Config\Paths))
WARNING - 2025-11-28 23:05:17 --> [DEPRECATED] Function utf8_encode() is deprecated in APPPATH\Libraries\cfdi_sat\satxmlsv33.php on line 242.
 1 APPPATH\Libraries\cfdi_sat\satxmlsv33.php(64): GeneraXML->satxmlsv33_cargaAtt(Object(DOMElement), [...])
 2 APPPATH\Libraries\cfdi_sat\satxmlsv33.php(39): GeneraXML->satxmlsv33_generales([...], '', 'C:\\xampp\\htdocs\\pos\\app\\Libraries/cfdi_sat/', '')
 3 APPPATH\Libraries\cfdi_sat\satxmlsv33.php(27): GeneraXML->satxmlsv33_genera_xml([...], '', 'C:\\xampp\\htdocs\\pos\\app\\Libraries/cfdi_sat/', '')
 4 APPPATH\Controllers\Factura.php(64): GeneraXML->satxmlsv33([...], '', 'C:\\xampp\\htdocs\\pos\\app\\Libraries/cfdi_sat/', '')
 5 SYSTEMPATH\CodeIgniter.php(933): App\Controllers\Factura->facturar('3')
 6 SYSTEMPATH\CodeIgniter.php(507): CodeIgniter\CodeIgniter->runController(Object(App\Controllers\Factura))
 7 SYSTEMPATH\CodeIgniter.php(354): CodeIgniter\CodeIgniter->handleRequest(null, Object(Config\Cache), false)
 8 SYSTEMPATH\Boot.php(363): CodeIgniter\CodeIgniter->run()
 9 SYSTEMPATH\Boot.php(68): CodeIgniter\Boot::runCodeIgniter(Object(CodeIgniter\CodeIgniter))
10 FCPATH\index.php(59): CodeIgniter\Boot::bootWeb(Object(Config\Paths))
WARNING - 2025-11-28 23:05:17 --> [DEPRECATED] Function utf8_encode() is deprecated in APPPATH\Libraries\cfdi_sat\satxmlsv33.php on line 242.
 1 APPPATH\Libraries\cfdi_sat\satxmlsv33.php(64): GeneraXML->satxmlsv33_cargaAtt(Object(DOMElement), [...])
 2 APPPATH\Libraries\cfdi_sat\satxmlsv33.php(39): GeneraXML->satxmlsv33_generales([...], '', 'C:\\xampp\\htdocs\\pos\\app\\Libraries/cfdi_sat/', '')
 3 APPPATH\Libraries\cfdi_sat\satxmlsv33.php(27): GeneraXML->satxmlsv33_genera_xml([...], '', 'C:\\xampp\\htdocs\\pos\\app\\Libraries/cfdi_sat/', '')
 4 APPPATH\Controllers\Factura.php(64): GeneraXML->satxmlsv33([...], '', 'C:\\xampp\\htdocs\\pos\\app\\Libraries/cfdi_sat/', '')
 5 SYSTEMPATH\CodeIgniter.php(933): App\Controllers\Factura->facturar('3')
 6 SYSTEMPATH\CodeIgniter.php(507): CodeIgniter\CodeIgniter->runController(Object(App\Controllers\Factura))
 7 SYSTEMPATH\CodeIgniter.php(354): CodeIgniter\CodeIgniter->handleRequest(null, Object(Config\Cache), false)
 8 SYSTEMPATH\Boot.php(363): CodeIgniter\CodeIgniter->run()
 9 SYSTEMPATH\Boot.php(68): CodeIgniter\Boot::runCodeIgniter(Object(CodeIgniter\CodeIgniter))
10 FCPATH\index.php(59): CodeIgniter\Boot::bootWeb(Object(Config\Paths))
WARNING - 2025-11-28 23:05:17 --> [DEPRECATED] Function utf8_encode() is deprecated in APPPATH\Libraries\cfdi_sat\satxmlsv33.php on line 242.
 1 APPPATH\Libraries\cfdi_sat\satxmlsv33.php(64): GeneraXML->satxmlsv33_cargaAtt(Object(DOMElement), [...])
 2 APPPATH\Libraries\cfdi_sat\satxmlsv33.php(39): GeneraXML->satxmlsv33_generales([...], '', 'C:\\xampp\\htdocs\\pos\\app\\Libraries/cfdi_sat/', '')
 3 APPPATH\Libraries\cfdi_sat\satxmlsv33.php(27): GeneraXML->satxmlsv33_genera_xml([...], '', 'C:\\xampp\\htdocs\\pos\\app\\Libraries/cfdi_sat/', '')
 4 APPPATH\Controllers\Factura.php(64): GeneraXML->satxmlsv33([...], '', 'C:\\xampp\\htdocs\\pos\\app\\Libraries/cfdi_sat/', '')
 5 SYSTEMPATH\CodeIgniter.php(933): App\Controllers\Factura->facturar('3')
 6 SYSTEMPATH\CodeIgniter.php(507): CodeIgniter\CodeIgniter->runController(Object(App\Controllers\Factura))
 7 SYSTEMPATH\CodeIgniter.php(354): CodeIgniter\CodeIgniter->handleRequest(null, Object(Config\Cache), false)
 8 SYSTEMPATH\Boot.php(363): CodeIgniter\CodeIgniter->run()
 9 SYSTEMPATH\Boot.php(68): CodeIgniter\Boot::runCodeIgniter(Object(CodeIgniter\CodeIgniter))
10 FCPATH\index.php(59): CodeIgniter\Boot::bootWeb(Object(Config\Paths))
WARNING - 2025-11-28 23:05:17 --> [DEPRECATED] Function utf8_encode() is deprecated in APPPATH\Libraries\cfdi_sat\satxmlsv33.php on line 242.
 1 APPPATH\Libraries\cfdi_sat\satxmlsv33.php(64): GeneraXML->satxmlsv33_cargaAtt(Object(DOMElement), [...])
 2 APPPATH\Libraries\cfdi_sat\satxmlsv33.php(39): GeneraXML->satxmlsv33_generales([...], '', 'C:\\xampp\\htdocs\\pos\\app\\Libraries/cfdi_sat/', '')
 3 APPPATH\Libraries\cfdi_sat\satxmlsv33.php(27): GeneraXML->satxmlsv33_genera_xml([...], '', 'C:\\xampp\\htdocs\\pos\\app\\Libraries/cfdi_sat/', '')
 4 APPPATH\Controllers\Factura.php(64): GeneraXML->satxmlsv33([...], '', 'C:\\xampp\\htdocs\\pos\\app\\Libraries/cfdi_sat/', '')
 5 SYSTEMPATH\CodeIgniter.php(933): App\Controllers\Factura->facturar('3')
 6 SYSTEMPATH\CodeIgniter.php(507): CodeIgniter\CodeIgniter->runController(Object(App\Controllers\Factura))
 7 SYSTEMPATH\CodeIgniter.php(354): CodeIgniter\CodeIgniter->handleRequest(null, Object(Config\Cache), false)
 8 SYSTEMPATH\Boot.php(363): CodeIgniter\CodeIgniter->run()
 9 SYSTEMPATH\Boot.php(68): CodeIgniter\Boot::runCodeIgniter(Object(CodeIgniter\CodeIgniter))
10 FCPATH\index.php(59): CodeIgniter\Boot::bootWeb(Object(Config\Paths))
WARNING - 2025-11-28 23:05:17 --> [DEPRECATED] Function utf8_encode() is deprecated in APPPATH\Libraries\cfdi_sat\satxmlsv33.php on line 242.
 1 APPPATH\Libraries\cfdi_sat\satxmlsv33.php(64): GeneraXML->satxmlsv33_cargaAtt(Object(DOMElement), [...])
 2 APPPATH\Libraries\cfdi_sat\satxmlsv33.php(39): GeneraXML->satxmlsv33_generales([...], '', 'C:\\xampp\\htdocs\\pos\\app\\Libraries/cfdi_sat/', '')
 3 APPPATH\Libraries\cfdi_sat\satxmlsv33.php(27): GeneraXML->satxmlsv33_genera_xml([...], '', 'C:\\xampp\\htdocs\\pos\\app\\Libraries/cfdi_sat/', '')
 4 APPPATH\Controllers\Factura.php(64): GeneraXML->satxmlsv33([...], '', 'C:\\xampp\\htdocs\\pos\\app\\Libraries/cfdi_sat/', '')
 5 SYSTEMPATH\CodeIgniter.php(933): App\Controllers\Factura->facturar('3')
 6 SYSTEMPATH\CodeIgniter.php(507): CodeIgniter\CodeIgniter->runController(Object(App\Controllers\Factura))
 7 SYSTEMPATH\CodeIgniter.php(354): CodeIgniter\CodeIgniter->handleRequest(null, Object(Config\Cache), false)
 8 SYSTEMPATH\Boot.php(363): CodeIgniter\CodeIgniter->run()
 9 SYSTEMPATH\Boot.php(68): CodeIgniter\Boot::runCodeIgniter(Object(CodeIgniter\CodeIgniter))
10 FCPATH\index.php(59): CodeIgniter\Boot::bootWeb(Object(Config\Paths))
WARNING - 2025-11-28 23:05:17 --> [DEPRECATED] strlen(): Passing null to parameter #1 ($string) of type string is deprecated in APPPATH\Libraries\cfdi_sat\satxmlsv33.php on line 232.
 1 APPPATH\Libraries\cfdi_sat\satxmlsv33.php(64): GeneraXML->satxmlsv33_cargaAtt(Object(DOMElement), [...])
 2 APPPATH\Libraries\cfdi_sat\satxmlsv33.php(39): GeneraXML->satxmlsv33_generales([...], '', 'C:\\xampp\\htdocs\\pos\\app\\Libraries/cfdi_sat/', '')
 3 APPPATH\Libraries\cfdi_sat\satxmlsv33.php(27): GeneraXML->satxmlsv33_genera_xml([...], '', 'C:\\xampp\\htdocs\\pos\\app\\Libraries/cfdi_sat/', '')
 4 APPPATH\Controllers\Factura.php(64): GeneraXML->satxmlsv33([...], '', 'C:\\xampp\\htdocs\\pos\\app\\Libraries/cfdi_sat/', '')
 5 SYSTEMPATH\CodeIgniter.php(933): App\Controllers\Factura->facturar('3')
 6 SYSTEMPATH\CodeIgniter.php(507): CodeIgniter\CodeIgniter->runController(Object(App\Controllers\Factura))
 7 SYSTEMPATH\CodeIgniter.php(354): CodeIgniter\CodeIgniter->handleRequest(null, Object(Config\Cache), false)
 8 SYSTEMPATH\Boot.php(363): CodeIgniter\CodeIgniter->run()
 9 SYSTEMPATH\Boot.php(68): CodeIgniter\Boot::runCodeIgniter(Object(CodeIgniter\CodeIgniter))
10 FCPATH\index.php(59): CodeIgniter\Boot::bootWeb(Object(Config\Paths))
WARNING - 2025-11-28 23:05:17 --> [DEPRECATED] preg_replace(): Passing null to parameter #3 ($subject) of type array|string is deprecated in APPPATH\Libraries\cfdi_sat\satxmlsv33.php on line 238.
 1 APPPATH\Libraries\cfdi_sat\satxmlsv33.php(238): preg_replace('/\\s\\s+/', ' ', null)
 2 APPPATH\Libraries\cfdi_sat\satxmlsv33.php(64): GeneraXML->satxmlsv33_cargaAtt(Object(DOMElement), [...])
 3 APPPATH\Libraries\cfdi_sat\satxmlsv33.php(39): GeneraXML->satxmlsv33_generales([...], '', 'C:\\xampp\\htdocs\\pos\\app\\Libraries/cfdi_sat/', '')
 4 APPPATH\Libraries\cfdi_sat\satxmlsv33.php(27): GeneraXML->satxmlsv33_genera_xml([...], '', 'C:\\xampp\\htdocs\\pos\\app\\Libraries/cfdi_sat/', '')
 5 APPPATH\Controllers\Factura.php(64): GeneraXML->satxmlsv33([...], '', 'C:\\xampp\\htdocs\\pos\\app\\Libraries/cfdi_sat/', '')
 6 SYSTEMPATH\CodeIgniter.php(933): App\Controllers\Factura->facturar('3')
 7 SYSTEMPATH\CodeIgniter.php(507): CodeIgniter\CodeIgniter->runController(Object(App\Controllers\Factura))
 8 SYSTEMPATH\CodeIgniter.php(354): CodeIgniter\CodeIgniter->handleRequest(null, Object(Config\Cache), false)
 9 SYSTEMPATH\Boot.php(363): CodeIgniter\CodeIgniter->run()
10 SYSTEMPATH\Boot.php(68): CodeIgniter\Boot::runCodeIgniter(Object(CodeIgniter\CodeIgniter))
11 FCPATH\index.php(59): CodeIgniter\Boot::bootWeb(Object(Config\Paths))
WARNING - 2025-11-28 23:05:17 --> [DEPRECATED] strlen(): Passing null to parameter #1 ($string) of type string is deprecated in APPPATH\Libraries\cfdi_sat\satxmlsv33.php on line 232.
 1 APPPATH\Libraries\cfdi_sat\satxmlsv33.php(64): GeneraXML->satxmlsv33_cargaAtt(Object(DOMElement), [...])
 2 APPPATH\Libraries\cfdi_sat\satxmlsv33.php(39): GeneraXML->satxmlsv33_generales([...], '', 'C:\\xampp\\htdocs\\pos\\app\\Libraries/cfdi_sat/', '')
 3 APPPATH\Libraries\cfdi_sat\satxmlsv33.php(27): GeneraXML->satxmlsv33_genera_xml([...], '', 'C:\\xampp\\htdocs\\pos\\app\\Libraries/cfdi_sat/', '')
 4 APPPATH\Controllers\Factura.php(64): GeneraXML->satxmlsv33([...], '', 'C:\\xampp\\htdocs\\pos\\app\\Libraries/cfdi_sat/', '')
 5 SYSTEMPATH\CodeIgniter.php(933): App\Controllers\Factura->facturar('3')
 6 SYSTEMPATH\CodeIgniter.php(507): CodeIgniter\CodeIgniter->runController(Object(App\Controllers\Factura))
 7 SYSTEMPATH\CodeIgniter.php(354): CodeIgniter\CodeIgniter->handleRequest(null, Object(Config\Cache), false)
 8 SYSTEMPATH\Boot.php(363): CodeIgniter\CodeIgniter->run()
 9 SYSTEMPATH\Boot.php(68): CodeIgniter\Boot::runCodeIgniter(Object(CodeIgniter\CodeIgniter))
10 FCPATH\index.php(59): CodeIgniter\Boot::bootWeb(Object(Config\Paths))
WARNING - 2025-11-28 23:05:17 --> [DEPRECATED] preg_replace(): Passing null to parameter #3 ($subject) of type array|string is deprecated in APPPATH\Libraries\cfdi_sat\satxmlsv33.php on line 238.
 1 APPPATH\Libraries\cfdi_sat\satxmlsv33.php(238): preg_replace('/\\s\\s+/', ' ', null)
 2 APPPATH\Libraries\cfdi_sat\satxmlsv33.php(64): GeneraXML->satxmlsv33_cargaAtt(Object(DOMElement), [...])
 3 APPPATH\Libraries\cfdi_sat\satxmlsv33.php(39): GeneraXML->satxmlsv33_generales([...], '', 'C:\\xampp\\htdocs\\pos\\app\\Libraries/cfdi_sat/', '')
 4 APPPATH\Libraries\cfdi_sat\satxmlsv33.php(27): GeneraXML->satxmlsv33_genera_xml([...], '', 'C:\\xampp\\htdocs\\pos\\app\\Libraries/cfdi_sat/', '')
 5 APPPATH\Controllers\Factura.php(64): GeneraXML->satxmlsv33([...], '', 'C:\\xampp\\htdocs\\pos\\app\\Libraries/cfdi_sat/', '')
 6 SYSTEMPATH\CodeIgniter.php(933): App\Controllers\Factura->facturar('3')
 7 SYSTEMPATH\CodeIgniter.php(507): CodeIgniter\CodeIgniter->runController(Object(App\Controllers\Factura))
 8 SYSTEMPATH\CodeIgniter.php(354): CodeIgniter\CodeIgniter->handleRequest(null, Object(Config\Cache), false)
 9 SYSTEMPATH\Boot.php(363): CodeIgniter\CodeIgniter->run()
10 SYSTEMPATH\Boot.php(68): CodeIgniter\Boot::runCodeIgniter(Object(CodeIgniter\CodeIgniter))
11 FCPATH\index.php(59): CodeIgniter\Boot::bootWeb(Object(Config\Paths))
WARNING - 2025-11-28 23:05:17 --> [DEPRECATED] strlen(): Passing null to parameter #1 ($string) of type string is deprecated in APPPATH\Libraries\cfdi_sat\satxmlsv33.php on line 232.
 1 APPPATH\Libraries\cfdi_sat\satxmlsv33.php(64): GeneraXML->satxmlsv33_cargaAtt(Object(DOMElement), [...])
 2 APPPATH\Libraries\cfdi_sat\satxmlsv33.php(39): GeneraXML->satxmlsv33_generales([...], '', 'C:\\xampp\\htdocs\\pos\\app\\Libraries/cfdi_sat/', '')
 3 APPPATH\Libraries\cfdi_sat\satxmlsv33.php(27): GeneraXML->satxmlsv33_genera_xml([...], '', 'C:\\xampp\\htdocs\\pos\\app\\Libraries/cfdi_sat/', '')
 4 APPPATH\Controllers\Factura.php(64): GeneraXML->satxmlsv33([...], '', 'C:\\xampp\\htdocs\\pos\\app\\Libraries/cfdi_sat/', '')
 5 SYSTEMPATH\CodeIgniter.php(933): App\Controllers\Factura->facturar('3')
 6 SYSTEMPATH\CodeIgniter.php(507): CodeIgniter\CodeIgniter->runController(Object(App\Controllers\Factura))
 7 SYSTEMPATH\CodeIgniter.php(354): CodeIgniter\CodeIgniter->handleRequest(null, Object(Config\Cache), false)
 8 SYSTEMPATH\Boot.php(363): CodeIgniter\CodeIgniter->run()
 9 SYSTEMPATH\Boot.php(68): CodeIgniter\Boot::runCodeIgniter(Object(CodeIgniter\CodeIgniter))
10 FCPATH\index.php(59): CodeIgniter\Boot::bootWeb(Object(Config\Paths))
WARNING - 2025-11-28 23:05:17 --> [DEPRECATED] preg_replace(): Passing null to parameter #3 ($subject) of type array|string is deprecated in APPPATH\Libraries\cfdi_sat\satxmlsv33.php on line 238.
 1 APPPATH\Libraries\cfdi_sat\satxmlsv33.php(238): preg_replace('/\\s\\s+/', ' ', null)
 2 APPPATH\Libraries\cfdi_sat\satxmlsv33.php(64): GeneraXML->satxmlsv33_cargaAtt(Object(DOMElement), [...])
 3 APPPATH\Libraries\cfdi_sat\satxmlsv33.php(39): GeneraXML->satxmlsv33_generales([...], '', 'C:\\xampp\\htdocs\\pos\\app\\Libraries/cfdi_sat/', '')
 4 APPPATH\Libraries\cfdi_sat\satxmlsv33.php(27): GeneraXML->satxmlsv33_genera_xml([...], '', 'C:\\xampp\\htdocs\\pos\\app\\Libraries/cfdi_sat/', '')
 5 APPPATH\Controllers\Factura.php(64): GeneraXML->satxmlsv33([...], '', 'C:\\xampp\\htdocs\\pos\\app\\Libraries/cfdi_sat/', '')
 6 SYSTEMPATH\CodeIgniter.php(933): App\Controllers\Factura->facturar('3')
 7 SYSTEMPATH\CodeIgniter.php(507): CodeIgniter\CodeIgniter->runController(Object(App\Controllers\Factura))
 8 SYSTEMPATH\CodeIgniter.php(354): CodeIgniter\CodeIgniter->handleRequest(null, Object(Config\Cache), false)
 9 SYSTEMPATH\Boot.php(363): CodeIgniter\CodeIgniter->run()
10 SYSTEMPATH\Boot.php(68): CodeIgniter\Boot::runCodeIgniter(Object(CodeIgniter\CodeIgniter))
11 FCPATH\index.php(59): CodeIgniter\Boot::bootWeb(Object(Config\Paths))
WARNING - 2025-11-28 23:05:17 --> [DEPRECATED] strlen(): Passing null to parameter #1 ($string) of type string is deprecated in APPPATH\Libraries\cfdi_sat\satxmlsv33.php on line 232.
 1 APPPATH\Libraries\cfdi_sat\satxmlsv33.php(64): GeneraXML->satxmlsv33_cargaAtt(Object(DOMElement), [...])
 2 APPPATH\Libraries\cfdi_sat\satxmlsv33.php(39): GeneraXML->satxmlsv33_generales([...], '', 'C:\\xampp\\htdocs\\pos\\app\\Libraries/cfdi_sat/', '')
 3 APPPATH\Libraries\cfdi_sat\satxmlsv33.php(27): GeneraXML->satxmlsv33_genera_xml([...], '', 'C:\\xampp\\htdocs\\pos\\app\\Libraries/cfdi_sat/', '')
 4 APPPATH\Controllers\Factura.php(64): GeneraXML->satxmlsv33([...], '', 'C:\\xampp\\htdocs\\pos\\app\\Libraries/cfdi_sat/', '')
 5 SYSTEMPATH\CodeIgniter.php(933): App\Controllers\Factura->facturar('3')
 6 SYSTEMPATH\CodeIgniter.php(507): CodeIgniter\CodeIgniter->runController(Object(App\Controllers\Factura))
 7 SYSTEMPATH\CodeIgniter.php(354): CodeIgniter\CodeIgniter->handleRequest(null, Object(Config\Cache), false)
 8 SYSTEMPATH\Boot.php(363): CodeIgniter\CodeIgniter->run()
 9 SYSTEMPATH\Boot.php(68): CodeIgniter\Boot::runCodeIgniter(Object(CodeIgniter\CodeIgniter))
10 FCPATH\index.php(59): CodeIgniter\Boot::bootWeb(Object(Config\Paths))
WARNING - 2025-11-28 23:05:17 --> [DEPRECATED] preg_replace(): Passing null to parameter #3 ($subject) of type array|string is deprecated in APPPATH\Libraries\cfdi_sat\satxmlsv33.php on line 238.
 1 APPPATH\Libraries\cfdi_sat\satxmlsv33.php(238): preg_replace('/\\s\\s+/', ' ', null)
 2 APPPATH\Libraries\cfdi_sat\satxmlsv33.php(64): GeneraXML->satxmlsv33_cargaAtt(Object(DOMElement), [...])
 3 APPPATH\Libraries\cfdi_sat\satxmlsv33.php(39): GeneraXML->satxmlsv33_generales([...], '', 'C:\\xampp\\htdocs\\pos\\app\\Libraries/cfdi_sat/', '')
 4 APPPATH\Libraries\cfdi_sat\satxmlsv33.php(27): GeneraXML->satxmlsv33_genera_xml([...], '', 'C:\\xampp\\htdocs\\pos\\app\\Libraries/cfdi_sat/', '')
 5 APPPATH\Controllers\Factura.php(64): GeneraXML->satxmlsv33([...], '', 'C:\\xampp\\htdocs\\pos\\app\\Libraries/cfdi_sat/', '')
 6 SYSTEMPATH\CodeIgniter.php(933): App\Controllers\Factura->facturar('3')
 7 SYSTEMPATH\CodeIgniter.php(507): CodeIgniter\CodeIgniter->runController(Object(App\Controllers\Factura))
 8 SYSTEMPATH\CodeIgniter.php(354): CodeIgniter\CodeIgniter->handleRequest(null, Object(Config\Cache), false)
 9 SYSTEMPATH\Boot.php(363): CodeIgniter\CodeIgniter->run()
10 SYSTEMPATH\Boot.php(68): CodeIgniter\Boot::runCodeIgniter(Object(CodeIgniter\CodeIgniter))
11 FCPATH\index.php(59): CodeIgniter\Boot::bootWeb(Object(Config\Paths))
WARNING - 2025-11-28 23:05:17 --> [DEPRECATED] Function utf8_encode() is deprecated in APPPATH\Libraries\cfdi_sat\satxmlsv33.php on line 242.
 1 APPPATH\Libraries\cfdi_sat\satxmlsv33.php(93): GeneraXML->satxmlsv33_cargaAtt(Object(DOMElement), [...])
 2 APPPATH\Libraries\cfdi_sat\satxmlsv33.php(40): GeneraXML->satxmlsv33_emisor([...], '', 'C:\\xampp\\htdocs\\pos\\app\\Libraries/cfdi_sat/', '')
 3 APPPATH\Libraries\cfdi_sat\satxmlsv33.php(27): GeneraXML->satxmlsv33_genera_xml([...], '', 'C:\\xampp\\htdocs\\pos\\app\\Libraries/cfdi_sat/', '')
 4 APPPATH\Controllers\Factura.php(64): GeneraXML->satxmlsv33([...], '', 'C:\\xampp\\htdocs\\pos\\app\\Libraries/cfdi_sat/', '')
 5 SYSTEMPATH\CodeIgniter.php(933): App\Controllers\Factura->facturar('3')
 6 SYSTEMPATH\CodeIgniter.php(507): CodeIgniter\CodeIgniter->runController(Object(App\Controllers\Factura))
 7 SYSTEMPATH\CodeIgniter.php(354): CodeIgniter\CodeIgniter->handleRequest(null, Object(Config\Cache), false)
 8 SYSTEMPATH\Boot.php(363): CodeIgniter\CodeIgniter->run()
 9 SYSTEMPATH\Boot.php(68): CodeIgniter\Boot::runCodeIgniter(Object(CodeIgniter\CodeIgniter))
10 FCPATH\index.php(59): CodeIgniter\Boot::bootWeb(Object(Config\Paths))
WARNING - 2025-11-28 23:05:17 --> [DEPRECATED] Function utf8_encode() is deprecated in APPPATH\Libraries\cfdi_sat\satxmlsv33.php on line 242.
 1 APPPATH\Libraries\cfdi_sat\satxmlsv33.php(93): GeneraXML->satxmlsv33_cargaAtt(Object(DOMElement), [...])
 2 APPPATH\Libraries\cfdi_sat\satxmlsv33.php(40): GeneraXML->satxmlsv33_emisor([...], '', 'C:\\xampp\\htdocs\\pos\\app\\Libraries/cfdi_sat/', '')
 3 APPPATH\Libraries\cfdi_sat\satxmlsv33.php(27): GeneraXML->satxmlsv33_genera_xml([...], '', 'C:\\xampp\\htdocs\\pos\\app\\Libraries/cfdi_sat/', '')
 4 APPPATH\Controllers\Factura.php(64): GeneraXML->satxmlsv33([...], '', 'C:\\xampp\\htdocs\\pos\\app\\Libraries/cfdi_sat/', '')
 5 SYSTEMPATH\CodeIgniter.php(933): App\Controllers\Factura->facturar('3')
 6 SYSTEMPATH\CodeIgniter.php(507): CodeIgniter\CodeIgniter->runController(Object(App\Controllers\Factura))
 7 SYSTEMPATH\CodeIgniter.php(354): CodeIgniter\CodeIgniter->handleRequest(null, Object(Config\Cache), false)
 8 SYSTEMPATH\Boot.php(363): CodeIgniter\CodeIgniter->run()
 9 SYSTEMPATH\Boot.php(68): CodeIgniter\Boot::runCodeIgniter(Object(CodeIgniter\CodeIgniter))
10 FCPATH\index.php(59): CodeIgniter\Boot::bootWeb(Object(Config\Paths))
WARNING - 2025-11-28 23:05:17 --> [DEPRECATED] Function utf8_encode() is deprecated in APPPATH\Libraries\cfdi_sat\satxmlsv33.php on line 242.
 1 APPPATH\Libraries\cfdi_sat\satxmlsv33.php(93): GeneraXML->satxmlsv33_cargaAtt(Object(DOMElement), [...])
 2 APPPATH\Libraries\cfdi_sat\satxmlsv33.php(40): GeneraXML->satxmlsv33_emisor([...], '', 'C:\\xampp\\htdocs\\pos\\app\\Libraries/cfdi_sat/', '')
 3 APPPATH\Libraries\cfdi_sat\satxmlsv33.php(27): GeneraXML->satxmlsv33_genera_xml([...], '', 'C:\\xampp\\htdocs\\pos\\app\\Libraries/cfdi_sat/', '')
 4 APPPATH\Controllers\Factura.php(64): GeneraXML->satxmlsv33([...], '', 'C:\\xampp\\htdocs\\pos\\app\\Libraries/cfdi_sat/', '')
 5 SYSTEMPATH\CodeIgniter.php(933): App\Controllers\Factura->facturar('3')
 6 SYSTEMPATH\CodeIgniter.php(507): CodeIgniter\CodeIgniter->runController(Object(App\Controllers\Factura))
 7 SYSTEMPATH\CodeIgniter.php(354): CodeIgniter\CodeIgniter->handleRequest(null, Object(Config\Cache), false)
 8 SYSTEMPATH\Boot.php(363): CodeIgniter\CodeIgniter->run()
 9 SYSTEMPATH\Boot.php(68): CodeIgniter\Boot::runCodeIgniter(Object(CodeIgniter\CodeIgniter))
10 FCPATH\index.php(59): CodeIgniter\Boot::bootWeb(Object(Config\Paths))
WARNING - 2025-11-28 23:05:17 --> [DEPRECATED] Function utf8_encode() is deprecated in APPPATH\Libraries\cfdi_sat\satxmlsv33.php on line 242.
 1 APPPATH\Libraries\cfdi_sat\satxmlsv33.php(105): GeneraXML->satxmlsv33_cargaAtt(Object(DOMElement), [...])
 2 APPPATH\Libraries\cfdi_sat\satxmlsv33.php(41): GeneraXML->satxmlsv33_receptor([...], '', 'C:\\xampp\\htdocs\\pos\\app\\Libraries/cfdi_sat/', '')
 3 APPPATH\Libraries\cfdi_sat\satxmlsv33.php(27): GeneraXML->satxmlsv33_genera_xml([...], '', 'C:\\xampp\\htdocs\\pos\\app\\Libraries/cfdi_sat/', '')
 4 APPPATH\Controllers\Factura.php(64): GeneraXML->satxmlsv33([...], '', 'C:\\xampp\\htdocs\\pos\\app\\Libraries/cfdi_sat/', '')
 5 SYSTEMPATH\CodeIgniter.php(933): App\Controllers\Factura->facturar('3')
 6 SYSTEMPATH\CodeIgniter.php(507): CodeIgniter\CodeIgniter->runController(Object(App\Controllers\Factura))
 7 SYSTEMPATH\CodeIgniter.php(354): CodeIgniter\CodeIgniter->handleRequest(null, Object(Config\Cache), false)
 8 SYSTEMPATH\Boot.php(363): CodeIgniter\CodeIgniter->run()
 9 SYSTEMPATH\Boot.php(68): CodeIgniter\Boot::runCodeIgniter(Object(CodeIgniter\CodeIgniter))
10 FCPATH\index.php(59): CodeIgniter\Boot::bootWeb(Object(Config\Paths))
WARNING - 2025-11-28 23:05:17 --> [DEPRECATED] Function utf8_encode() is deprecated in APPPATH\Libraries\cfdi_sat\satxmlsv33.php on line 242.
 1 APPPATH\Libraries\cfdi_sat\satxmlsv33.php(105): GeneraXML->satxmlsv33_cargaAtt(Object(DOMElement), [...])
 2 APPPATH\Libraries\cfdi_sat\satxmlsv33.php(41): GeneraXML->satxmlsv33_receptor([...], '', 'C:\\xampp\\htdocs\\pos\\app\\Libraries/cfdi_sat/', '')
 3 APPPATH\Libraries\cfdi_sat\satxmlsv33.php(27): GeneraXML->satxmlsv33_genera_xml([...], '', 'C:\\xampp\\htdocs\\pos\\app\\Libraries/cfdi_sat/', '')
 4 APPPATH\Controllers\Factura.php(64): GeneraXML->satxmlsv33([...], '', 'C:\\xampp\\htdocs\\pos\\app\\Libraries/cfdi_sat/', '')
 5 SYSTEMPATH\CodeIgniter.php(933): App\Controllers\Factura->facturar('3')
 6 SYSTEMPATH\CodeIgniter.php(507): CodeIgniter\CodeIgniter->runController(Object(App\Controllers\Factura))
 7 SYSTEMPATH\CodeIgniter.php(354): CodeIgniter\CodeIgniter->handleRequest(null, Object(Config\Cache), false)
 8 SYSTEMPATH\Boot.php(363): CodeIgniter\CodeIgniter->run()
 9 SYSTEMPATH\Boot.php(68): CodeIgniter\Boot::runCodeIgniter(Object(CodeIgniter\CodeIgniter))
10 FCPATH\index.php(59): CodeIgniter\Boot::bootWeb(Object(Config\Paths))
WARNING - 2025-11-28 23:05:17 --> [DEPRECATED] Function utf8_encode() is deprecated in APPPATH\Libraries\cfdi_sat\satxmlsv33.php on line 242.
 1 APPPATH\Libraries\cfdi_sat\satxmlsv33.php(105): GeneraXML->satxmlsv33_cargaAtt(Object(DOMElement), [...])
 2 APPPATH\Libraries\cfdi_sat\satxmlsv33.php(41): GeneraXML->satxmlsv33_receptor([...], '', 'C:\\xampp\\htdocs\\pos\\app\\Libraries/cfdi_sat/', '')
 3 APPPATH\Libraries\cfdi_sat\satxmlsv33.php(27): GeneraXML->satxmlsv33_genera_xml([...], '', 'C:\\xampp\\htdocs\\pos\\app\\Libraries/cfdi_sat/', '')
 4 APPPATH\Controllers\Factura.php(64): GeneraXML->satxmlsv33([...], '', 'C:\\xampp\\htdocs\\pos\\app\\Libraries/cfdi_sat/', '')
 5 SYSTEMPATH\CodeIgniter.php(933): App\Controllers\Factura->facturar('3')
 6 SYSTEMPATH\CodeIgniter.php(507): CodeIgniter\CodeIgniter->runController(Object(App\Controllers\Factura))
 7 SYSTEMPATH\CodeIgniter.php(354): CodeIgniter\CodeIgniter->handleRequest(null, Object(Config\Cache), false)
 8 SYSTEMPATH\Boot.php(363): CodeIgniter\CodeIgniter->run()
 9 SYSTEMPATH\Boot.php(68): CodeIgniter\Boot::runCodeIgniter(Object(CodeIgniter\CodeIgniter))
10 FCPATH\index.php(59): CodeIgniter\Boot::bootWeb(Object(Config\Paths))
WARNING - 2025-11-28 23:05:17 --> [DEPRECATED] Function utf8_encode() is deprecated in APPPATH\Libraries\cfdi_sat\satxmlsv33.php on line 242.
 1 APPPATH\Libraries\cfdi_sat\satxmlsv33.php(123): GeneraXML->satxmlsv33_cargaAtt(Object(DOMElement), [...])
 2 APPPATH\Libraries\cfdi_sat\satxmlsv33.php(42): GeneraXML->satxmlsv33_conceptos([...], '', 'C:\\xampp\\htdocs\\pos\\app\\Libraries/cfdi_sat/', '')
 3 APPPATH\Libraries\cfdi_sat\satxmlsv33.php(27): GeneraXML->satxmlsv33_genera_xml([...], '', 'C:\\xampp\\htdocs\\pos\\app\\Libraries/cfdi_sat/', '')
 4 APPPATH\Controllers\Factura.php(64): GeneraXML->satxmlsv33([...], '', 'C:\\xampp\\htdocs\\pos\\app\\Libraries/cfdi_sat/', '')
 5 SYSTEMPATH\CodeIgniter.php(933): App\Controllers\Factura->facturar('3')
 6 SYSTEMPATH\CodeIgniter.php(507): CodeIgniter\CodeIgniter->runController(Object(App\Controllers\Factura))
 7 SYSTEMPATH\CodeIgniter.php(354): CodeIgniter\CodeIgniter->handleRequest(null, Object(Config\Cache), false)
 8 SYSTEMPATH\Boot.php(363): CodeIgniter\CodeIgniter->run()
 9 SYSTEMPATH\Boot.php(68): CodeIgniter\Boot::runCodeIgniter(Object(CodeIgniter\CodeIgniter))
10 FCPATH\index.php(59): CodeIgniter\Boot::bootWeb(Object(Config\Paths))
WARNING - 2025-11-28 23:05:17 --> [DEPRECATED] Function utf8_encode() is deprecated in APPPATH\Libraries\cfdi_sat\satxmlsv33.php on line 242.
 1 APPPATH\Libraries\cfdi_sat\satxmlsv33.php(123): GeneraXML->satxmlsv33_cargaAtt(Object(DOMElement), [...])
 2 APPPATH\Libraries\cfdi_sat\satxmlsv33.php(42): GeneraXML->satxmlsv33_conceptos([...], '', 'C:\\xampp\\htdocs\\pos\\app\\Libraries/cfdi_sat/', '')
 3 APPPATH\Libraries\cfdi_sat\satxmlsv33.php(27): GeneraXML->satxmlsv33_genera_xml([...], '', 'C:\\xampp\\htdocs\\pos\\app\\Libraries/cfdi_sat/', '')
 4 APPPATH\Controllers\Factura.php(64): GeneraXML->satxmlsv33([...], '', 'C:\\xampp\\htdocs\\pos\\app\\Libraries/cfdi_sat/', '')
 5 SYSTEMPATH\CodeIgniter.php(933): App\Controllers\Factura->facturar('3')
 6 SYSTEMPATH\CodeIgniter.php(507): CodeIgniter\CodeIgniter->runController(Object(App\Controllers\Factura))
 7 SYSTEMPATH\CodeIgniter.php(354): CodeIgniter\CodeIgniter->handleRequest(null, Object(Config\Cache), false)
 8 SYSTEMPATH\Boot.php(363): CodeIgniter\CodeIgniter->run()
 9 SYSTEMPATH\Boot.php(68): CodeIgniter\Boot::runCodeIgniter(Object(CodeIgniter\CodeIgniter))
10 FCPATH\index.php(59): CodeIgniter\Boot::bootWeb(Object(Config\Paths))
WARNING - 2025-11-28 23:05:17 --> [DEPRECATED] Function utf8_encode() is deprecated in APPPATH\Libraries\cfdi_sat\satxmlsv33.php on line 242.
 1 APPPATH\Libraries\cfdi_sat\satxmlsv33.php(123): GeneraXML->satxmlsv33_cargaAtt(Object(DOMElement), [...])
 2 APPPATH\Libraries\cfdi_sat\satxmlsv33.php(42): GeneraXML->satxmlsv33_conceptos([...], '', 'C:\\xampp\\htdocs\\pos\\app\\Libraries/cfdi_sat/', '')
 3 APPPATH\Libraries\cfdi_sat\satxmlsv33.php(27): GeneraXML->satxmlsv33_genera_xml([...], '', 'C:\\xampp\\htdocs\\pos\\app\\Libraries/cfdi_sat/', '')
 4 APPPATH\Controllers\Factura.php(64): GeneraXML->satxmlsv33([...], '', 'C:\\xampp\\htdocs\\pos\\app\\Libraries/cfdi_sat/', '')
 5 SYSTEMPATH\CodeIgniter.php(933): App\Controllers\Factura->facturar('3')
 6 SYSTEMPATH\CodeIgniter.php(507): CodeIgniter\CodeIgniter->runController(Object(App\Controllers\Factura))
 7 SYSTEMPATH\CodeIgniter.php(354): CodeIgniter\CodeIgniter->handleRequest(null, Object(Config\Cache), false)
 8 SYSTEMPATH\Boot.php(363): CodeIgniter\CodeIgniter->run()
 9 SYSTEMPATH\Boot.php(68): CodeIgniter\Boot::runCodeIgniter(Object(CodeIgniter\CodeIgniter))
10 FCPATH\index.php(59): CodeIgniter\Boot::bootWeb(Object(Config\Paths))
WARNING - 2025-11-28 23:05:17 --> [DEPRECATED] Function utf8_encode() is deprecated in APPPATH\Libraries\cfdi_sat\satxmlsv33.php on line 242.
 1 APPPATH\Libraries\cfdi_sat\satxmlsv33.php(123): GeneraXML->satxmlsv33_cargaAtt(Object(DOMElement), [...])
 2 APPPATH\Libraries\cfdi_sat\satxmlsv33.php(42): GeneraXML->satxmlsv33_conceptos([...], '', 'C:\\xampp\\htdocs\\pos\\app\\Libraries/cfdi_sat/', '')
 3 APPPATH\Libraries\cfdi_sat\satxmlsv33.php(27): GeneraXML->satxmlsv33_genera_xml([...], '', 'C:\\xampp\\htdocs\\pos\\app\\Libraries/cfdi_sat/', '')
 4 APPPATH\Controllers\Factura.php(64): GeneraXML->satxmlsv33([...], '', 'C:\\xampp\\htdocs\\pos\\app\\Libraries/cfdi_sat/', '')
 5 SYSTEMPATH\CodeIgniter.php(933): App\Controllers\Factura->facturar('3')
 6 SYSTEMPATH\CodeIgniter.php(507): CodeIgniter\CodeIgniter->runController(Object(App\Controllers\Factura))
 7 SYSTEMPATH\CodeIgniter.php(354): CodeIgniter\CodeIgniter->handleRequest(null, Object(Config\Cache), false)
 8 SYSTEMPATH\Boot.php(363): CodeIgniter\CodeIgniter->run()
 9 SYSTEMPATH\Boot.php(68): CodeIgniter\Boot::runCodeIgniter(Object(CodeIgniter\CodeIgniter))
10 FCPATH\index.php(59): CodeIgniter\Boot::bootWeb(Object(Config\Paths))
WARNING - 2025-11-28 23:05:17 --> [DEPRECATED] Function utf8_encode() is deprecated in APPPATH\Libraries\cfdi_sat\satxmlsv33.php on line 242.
 1 APPPATH\Libraries\cfdi_sat\satxmlsv33.php(123): GeneraXML->satxmlsv33_cargaAtt(Object(DOMElement), [...])
 2 APPPATH\Libraries\cfdi_sat\satxmlsv33.php(42): GeneraXML->satxmlsv33_conceptos([...], '', 'C:\\xampp\\htdocs\\pos\\app\\Libraries/cfdi_sat/', '')
 3 APPPATH\Libraries\cfdi_sat\satxmlsv33.php(27): GeneraXML->satxmlsv33_genera_xml([...], '', 'C:\\xampp\\htdocs\\pos\\app\\Libraries/cfdi_sat/', '')
 4 APPPATH\Controllers\Factura.php(64): GeneraXML->satxmlsv33([...], '', 'C:\\xampp\\htdocs\\pos\\app\\Libraries/cfdi_sat/', '')
 5 SYSTEMPATH\CodeIgniter.php(933): App\Controllers\Factura->facturar('3')
 6 SYSTEMPATH\CodeIgniter.php(507): CodeIgniter\CodeIgniter->runController(Object(App\Controllers\Factura))
 7 SYSTEMPATH\CodeIgniter.php(354): CodeIgniter\CodeIgniter->handleRequest(null, Object(Config\Cache), false)
 8 SYSTEMPATH\Boot.php(363): CodeIgniter\CodeIgniter->run()
 9 SYSTEMPATH\Boot.php(68): CodeIgniter\Boot::runCodeIgniter(Object(CodeIgniter\CodeIgniter))
10 FCPATH\index.php(59): CodeIgniter\Boot::bootWeb(Object(Config\Paths))
WARNING - 2025-11-28 23:05:17 --> [DEPRECATED] Function utf8_encode() is deprecated in APPPATH\Libraries\cfdi_sat\satxmlsv33.php on line 242.
 1 APPPATH\Libraries\cfdi_sat\satxmlsv33.php(123): GeneraXML->satxmlsv33_cargaAtt(Object(DOMElement), [...])
 2 APPPATH\Libraries\cfdi_sat\satxmlsv33.php(42): GeneraXML->satxmlsv33_conceptos([...], '', 'C:\\xampp\\htdocs\\pos\\app\\Libraries/cfdi_sat/', '')
 3 APPPATH\Libraries\cfdi_sat\satxmlsv33.php(27): GeneraXML->satxmlsv33_genera_xml([...], '', 'C:\\xampp\\htdocs\\pos\\app\\Libraries/cfdi_sat/', '')
 4 APPPATH\Controllers\Factura.php(64): GeneraXML->satxmlsv33([...], '', 'C:\\xampp\\htdocs\\pos\\app\\Libraries/cfdi_sat/', '')
 5 SYSTEMPATH\CodeIgniter.php(933): App\Controllers\Factura->facturar('3')
 6 SYSTEMPATH\CodeIgniter.php(507): CodeIgniter\CodeIgniter->runController(Object(App\Controllers\Factura))
 7 SYSTEMPATH\CodeIgniter.php(354): CodeIgniter\CodeIgniter->handleRequest(null, Object(Config\Cache), false)
 8 SYSTEMPATH\Boot.php(363): CodeIgniter\CodeIgniter->run()
 9 SYSTEMPATH\Boot.php(68): CodeIgniter\Boot::runCodeIgniter(Object(CodeIgniter\CodeIgniter))
10 FCPATH\index.php(59): CodeIgniter\Boot::bootWeb(Object(Config\Paths))
WARNING - 2025-11-28 23:05:17 --> [DEPRECATED] Function utf8_encode() is deprecated in APPPATH\Libraries\cfdi_sat\satxmlsv33.php on line 242.
 1 APPPATH\Libraries\cfdi_sat\satxmlsv33.php(123): GeneraXML->satxmlsv33_cargaAtt(Object(DOMElement), [...])
 2 APPPATH\Libraries\cfdi_sat\satxmlsv33.php(42): GeneraXML->satxmlsv33_conceptos([...], '', 'C:\\xampp\\htdocs\\pos\\app\\Libraries/cfdi_sat/', '')
 3 APPPATH\Libraries\cfdi_sat\satxmlsv33.php(27): GeneraXML->satxmlsv33_genera_xml([...], '', 'C:\\xampp\\htdocs\\pos\\app\\Libraries/cfdi_sat/', '')
 4 APPPATH\Controllers\Factura.php(64): GeneraXML->satxmlsv33([...], '', 'C:\\xampp\\htdocs\\pos\\app\\Libraries/cfdi_sat/', '')
 5 SYSTEMPATH\CodeIgniter.php(933): App\Controllers\Factura->facturar('3')
 6 SYSTEMPATH\CodeIgniter.php(507): CodeIgniter\CodeIgniter->runController(Object(App\Controllers\Factura))
 7 SYSTEMPATH\CodeIgniter.php(354): CodeIgniter\CodeIgniter->handleRequest(null, Object(Config\Cache), false)
 8 SYSTEMPATH\Boot.php(363): CodeIgniter\CodeIgniter->run()
 9 SYSTEMPATH\Boot.php(68): CodeIgniter\Boot::runCodeIgniter(Object(CodeIgniter\CodeIgniter))
10 FCPATH\index.php(59): CodeIgniter\Boot::bootWeb(Object(Config\Paths))
WARNING - 2025-11-28 23:05:17 --> [DEPRECATED] Function utf8_encode() is deprecated in APPPATH\Libraries\cfdi_sat\satxmlsv33.php on line 242.
 1 APPPATH\Libraries\cfdi_sat\satxmlsv33.php(123): GeneraXML->satxmlsv33_cargaAtt(Object(DOMElement), [...])
 2 APPPATH\Libraries\cfdi_sat\satxmlsv33.php(42): GeneraXML->satxmlsv33_conceptos([...], '', 'C:\\xampp\\htdocs\\pos\\app\\Libraries/cfdi_sat/', '')
 3 APPPATH\Libraries\cfdi_sat\satxmlsv33.php(27): GeneraXML->satxmlsv33_genera_xml([...], '', 'C:\\xampp\\htdocs\\pos\\app\\Libraries/cfdi_sat/', '')
 4 APPPATH\Controllers\Factura.php(64): GeneraXML->satxmlsv33([...], '', 'C:\\xampp\\htdocs\\pos\\app\\Libraries/cfdi_sat/', '')
 5 SYSTEMPATH\CodeIgniter.php(933): App\Controllers\Factura->facturar('3')
 6 SYSTEMPATH\CodeIgniter.php(507): CodeIgniter\CodeIgniter->runController(Object(App\Controllers\Factura))
 7 SYSTEMPATH\CodeIgniter.php(354): CodeIgniter\CodeIgniter->handleRequest(null, Object(Config\Cache), false)
 8 SYSTEMPATH\Boot.php(363): CodeIgniter\CodeIgniter->run()
 9 SYSTEMPATH\Boot.php(68): CodeIgniter\Boot::runCodeIgniter(Object(CodeIgniter\CodeIgniter))
10 FCPATH\index.php(59): CodeIgniter\Boot::bootWeb(Object(Config\Paths))
WARNING - 2025-11-28 23:05:17 --> [DEPRECATED] Function utf8_encode() is deprecated in APPPATH\Libraries\cfdi_sat\satxmlsv33.php on line 242.
 1 APPPATH\Libraries\cfdi_sat\satxmlsv33.php(123): GeneraXML->satxmlsv33_cargaAtt(Object(DOMElement), [...])
 2 APPPATH\Libraries\cfdi_sat\satxmlsv33.php(42): GeneraXML->satxmlsv33_conceptos([...], '', 'C:\\xampp\\htdocs\\pos\\app\\Libraries/cfdi_sat/', '')
 3 APPPATH\Libraries\cfdi_sat\satxmlsv33.php(27): GeneraXML->satxmlsv33_genera_xml([...], '', 'C:\\xampp\\htdocs\\pos\\app\\Libraries/cfdi_sat/', '')
 4 APPPATH\Controllers\Factura.php(64): GeneraXML->satxmlsv33([...], '', 'C:\\xampp\\htdocs\\pos\\app\\Libraries/cfdi_sat/', '')
 5 SYSTEMPATH\CodeIgniter.php(933): App\Controllers\Factura->facturar('3')
 6 SYSTEMPATH\CodeIgniter.php(507): CodeIgniter\CodeIgniter->runController(Object(App\Controllers\Factura))
 7 SYSTEMPATH\CodeIgniter.php(354): CodeIgniter\CodeIgniter->handleRequest(null, Object(Config\Cache), false)
 8 SYSTEMPATH\Boot.php(363): CodeIgniter\CodeIgniter->run()
 9 SYSTEMPATH\Boot.php(68): CodeIgniter\Boot::runCodeIgniter(Object(CodeIgniter\CodeIgniter))
10 FCPATH\index.php(59): CodeIgniter\Boot::bootWeb(Object(Config\Paths))
WARNING - 2025-11-28 23:05:17 --> [DEPRECATED] Function utf8_encode() is deprecated in APPPATH\Libraries\cfdi_sat\satxmlsv33.php on line 242.
 1 APPPATH\Libraries\cfdi_sat\satxmlsv33.php(144): GeneraXML->satxmlsv33_cargaAtt(Object(DOMElement), [...])
 2 APPPATH\Libraries\cfdi_sat\satxmlsv33.php(42): GeneraXML->satxmlsv33_conceptos([...], '', 'C:\\xampp\\htdocs\\pos\\app\\Libraries/cfdi_sat/', '')
 3 APPPATH\Libraries\cfdi_sat\satxmlsv33.php(27): GeneraXML->satxmlsv33_genera_xml([...], '', 'C:\\xampp\\htdocs\\pos\\app\\Libraries/cfdi_sat/', '')
 4 APPPATH\Controllers\Factura.php(64): GeneraXML->satxmlsv33([...], '', 'C:\\xampp\\htdocs\\pos\\app\\Libraries/cfdi_sat/', '')
 5 SYSTEMPATH\CodeIgniter.php(933): App\Controllers\Factura->facturar('3')
 6 SYSTEMPATH\CodeIgniter.php(507): CodeIgniter\CodeIgniter->runController(Object(App\Controllers\Factura))
 7 SYSTEMPATH\CodeIgniter.php(354): CodeIgniter\CodeIgniter->handleRequest(null, Object(Config\Cache), false)
 8 SYSTEMPATH\Boot.php(363): CodeIgniter\CodeIgniter->run()
 9 SYSTEMPATH\Boot.php(68): CodeIgniter\Boot::runCodeIgniter(Object(CodeIgniter\CodeIgniter))
10 FCPATH\index.php(59): CodeIgniter\Boot::bootWeb(Object(Config\Paths))
WARNING - 2025-11-28 23:05:17 --> [DEPRECATED] Function utf8_encode() is deprecated in APPPATH\Libraries\cfdi_sat\satxmlsv33.php on line 242.
 1 APPPATH\Libraries\cfdi_sat\satxmlsv33.php(144): GeneraXML->satxmlsv33_cargaAtt(Object(DOMElement), [...])
 2 APPPATH\Libraries\cfdi_sat\satxmlsv33.php(42): GeneraXML->satxmlsv33_conceptos([...], '', 'C:\\xampp\\htdocs\\pos\\app\\Libraries/cfdi_sat/', '')
 3 APPPATH\Libraries\cfdi_sat\satxmlsv33.php(27): GeneraXML->satxmlsv33_genera_xml([...], '', 'C:\\xampp\\htdocs\\pos\\app\\Libraries/cfdi_sat/', '')
 4 APPPATH\Controllers\Factura.php(64): GeneraXML->satxmlsv33([...], '', 'C:\\xampp\\htdocs\\pos\\app\\Libraries/cfdi_sat/', '')
 5 SYSTEMPATH\CodeIgniter.php(933): App\Controllers\Factura->facturar('3')
 6 SYSTEMPATH\CodeIgniter.php(507): CodeIgniter\CodeIgniter->runController(Object(App\Controllers\Factura))
 7 SYSTEMPATH\CodeIgniter.php(354): CodeIgniter\CodeIgniter->handleRequest(null, Object(Config\Cache), false)
 8 SYSTEMPATH\Boot.php(363): CodeIgniter\CodeIgniter->run()
 9 SYSTEMPATH\Boot.php(68): CodeIgniter\Boot::runCodeIgniter(Object(CodeIgniter\CodeIgniter))
10 FCPATH\index.php(59): CodeIgniter\Boot::bootWeb(Object(Config\Paths))
WARNING - 2025-11-28 23:05:17 --> [DEPRECATED] Function utf8_encode() is deprecated in APPPATH\Libraries\cfdi_sat\satxmlsv33.php on line 242.
 1 APPPATH\Libraries\cfdi_sat\satxmlsv33.php(144): GeneraXML->satxmlsv33_cargaAtt(Object(DOMElement), [...])
 2 APPPATH\Libraries\cfdi_sat\satxmlsv33.php(42): GeneraXML->satxmlsv33_conceptos([...], '', 'C:\\xampp\\htdocs\\pos\\app\\Libraries/cfdi_sat/', '')
 3 APPPATH\Libraries\cfdi_sat\satxmlsv33.php(27): GeneraXML->satxmlsv33_genera_xml([...], '', 'C:\\xampp\\htdocs\\pos\\app\\Libraries/cfdi_sat/', '')
 4 APPPATH\Controllers\Factura.php(64): GeneraXML->satxmlsv33([...], '', 'C:\\xampp\\htdocs\\pos\\app\\Libraries/cfdi_sat/', '')
 5 SYSTEMPATH\CodeIgniter.php(933): App\Controllers\Factura->facturar('3')
 6 SYSTEMPATH\CodeIgniter.php(507): CodeIgniter\CodeIgniter->runController(Object(App\Controllers\Factura))
 7 SYSTEMPATH\CodeIgniter.php(354): CodeIgniter\CodeIgniter->handleRequest(null, Object(Config\Cache), false)
 8 SYSTEMPATH\Boot.php(363): CodeIgniter\CodeIgniter->run()
 9 SYSTEMPATH\Boot.php(68): CodeIgniter\Boot::runCodeIgniter(Object(CodeIgniter\CodeIgniter))
10 FCPATH\index.php(59): CodeIgniter\Boot::bootWeb(Object(Config\Paths))
WARNING - 2025-11-28 23:05:17 --> [DEPRECATED] Function utf8_encode() is deprecated in APPPATH\Libraries\cfdi_sat\satxmlsv33.php on line 242.
 1 APPPATH\Libraries\cfdi_sat\satxmlsv33.php(144): GeneraXML->satxmlsv33_cargaAtt(Object(DOMElement), [...])
 2 APPPATH\Libraries\cfdi_sat\satxmlsv33.php(42): GeneraXML->satxmlsv33_conceptos([...], '', 'C:\\xampp\\htdocs\\pos\\app\\Libraries/cfdi_sat/', '')
 3 APPPATH\Libraries\cfdi_sat\satxmlsv33.php(27): GeneraXML->satxmlsv33_genera_xml([...], '', 'C:\\xampp\\htdocs\\pos\\app\\Libraries/cfdi_sat/', '')
 4 APPPATH\Controllers\Factura.php(64): GeneraXML->satxmlsv33([...], '', 'C:\\xampp\\htdocs\\pos\\app\\Libraries/cfdi_sat/', '')
 5 SYSTEMPATH\CodeIgniter.php(933): App\Controllers\Factura->facturar('3')
 6 SYSTEMPATH\CodeIgniter.php(507): CodeIgniter\CodeIgniter->runController(Object(App\Controllers\Factura))
 7 SYSTEMPATH\CodeIgniter.php(354): CodeIgniter\CodeIgniter->handleRequest(null, Object(Config\Cache), false)
 8 SYSTEMPATH\Boot.php(363): CodeIgniter\CodeIgniter->run()
 9 SYSTEMPATH\Boot.php(68): CodeIgniter\Boot::runCodeIgniter(Object(CodeIgniter\CodeIgniter))
10 FCPATH\index.php(59): CodeIgniter\Boot::bootWeb(Object(Config\Paths))
WARNING - 2025-11-28 23:05:17 --> [DEPRECATED] Function utf8_encode() is deprecated in APPPATH\Libraries\cfdi_sat\satxmlsv33.php on line 242.
 1 APPPATH\Libraries\cfdi_sat\satxmlsv33.php(144): GeneraXML->satxmlsv33_cargaAtt(Object(DOMElement), [...])
 2 APPPATH\Libraries\cfdi_sat\satxmlsv33.php(42): GeneraXML->satxmlsv33_conceptos([...], '', 'C:\\xampp\\htdocs\\pos\\app\\Libraries/cfdi_sat/', '')
 3 APPPATH\Libraries\cfdi_sat\satxmlsv33.php(27): GeneraXML->satxmlsv33_genera_xml([...], '', 'C:\\xampp\\htdocs\\pos\\app\\Libraries/cfdi_sat/', '')
 4 APPPATH\Controllers\Factura.php(64): GeneraXML->satxmlsv33([...], '', 'C:\\xampp\\htdocs\\pos\\app\\Libraries/cfdi_sat/', '')
 5 SYSTEMPATH\CodeIgniter.php(933): App\Controllers\Factura->facturar('3')
 6 SYSTEMPATH\CodeIgniter.php(507): CodeIgniter\CodeIgniter->runController(Object(App\Controllers\Factura))
 7 SYSTEMPATH\CodeIgniter.php(354): CodeIgniter\CodeIgniter->handleRequest(null, Object(Config\Cache), false)
 8 SYSTEMPATH\Boot.php(363): CodeIgniter\CodeIgniter->run()
 9 SYSTEMPATH\Boot.php(68): CodeIgniter\Boot::runCodeIgniter(Object(CodeIgniter\CodeIgniter))
10 FCPATH\index.php(59): CodeIgniter\Boot::bootWeb(Object(Config\Paths))
WARNING - 2025-11-28 23:05:17 --> [DEPRECATED] Function utf8_encode() is deprecated in APPPATH\Libraries\cfdi_sat\satxmlsv33.php on line 242.
 1 APPPATH\Libraries\cfdi_sat\satxmlsv33.php(165): GeneraXML->satxmlsv33_cargaAtt(Object(DOMElement), [...])
 2 APPPATH\Libraries\cfdi_sat\satxmlsv33.php(43): GeneraXML->satxmlsv33_impuestos([...], '', 'C:\\xampp\\htdocs\\pos\\app\\Libraries/cfdi_sat/', '')
 3 APPPATH\Libraries\cfdi_sat\satxmlsv33.php(27): GeneraXML->satxmlsv33_genera_xml([...], '', 'C:\\xampp\\htdocs\\pos\\app\\Libraries/cfdi_sat/', '')
 4 APPPATH\Controllers\Factura.php(64): GeneraXML->satxmlsv33([...], '', 'C:\\xampp\\htdocs\\pos\\app\\Libraries/cfdi_sat/', '')
 5 SYSTEMPATH\CodeIgniter.php(933): App\Controllers\Factura->facturar('3')
 6 SYSTEMPATH\CodeIgniter.php(507): CodeIgniter\CodeIgniter->runController(Object(App\Controllers\Factura))
 7 SYSTEMPATH\CodeIgniter.php(354): CodeIgniter\CodeIgniter->handleRequest(null, Object(Config\Cache), false)
 8 SYSTEMPATH\Boot.php(363): CodeIgniter\CodeIgniter->run()
 9 SYSTEMPATH\Boot.php(68): CodeIgniter\Boot::runCodeIgniter(Object(CodeIgniter\CodeIgniter))
10 FCPATH\index.php(59): CodeIgniter\Boot::bootWeb(Object(Config\Paths))
WARNING - 2025-11-28 23:05:17 --> [DEPRECATED] Function utf8_encode() is deprecated in APPPATH\Libraries\cfdi_sat\satxmlsv33.php on line 242.
 1 APPPATH\Libraries\cfdi_sat\satxmlsv33.php(165): GeneraXML->satxmlsv33_cargaAtt(Object(DOMElement), [...])
 2 APPPATH\Libraries\cfdi_sat\satxmlsv33.php(43): GeneraXML->satxmlsv33_impuestos([...], '', 'C:\\xampp\\htdocs\\pos\\app\\Libraries/cfdi_sat/', '')
 3 APPPATH\Libraries\cfdi_sat\satxmlsv33.php(27): GeneraXML->satxmlsv33_genera_xml([...], '', 'C:\\xampp\\htdocs\\pos\\app\\Libraries/cfdi_sat/', '')
 4 APPPATH\Controllers\Factura.php(64): GeneraXML->satxmlsv33([...], '', 'C:\\xampp\\htdocs\\pos\\app\\Libraries/cfdi_sat/', '')
 5 SYSTEMPATH\CodeIgniter.php(933): App\Controllers\Factura->facturar('3')
 6 SYSTEMPATH\CodeIgniter.php(507): CodeIgniter\CodeIgniter->runController(Object(App\Controllers\Factura))
 7 SYSTEMPATH\CodeIgniter.php(354): CodeIgniter\CodeIgniter->handleRequest(null, Object(Config\Cache), false)
 8 SYSTEMPATH\Boot.php(363): CodeIgniter\CodeIgniter->run()
 9 SYSTEMPATH\Boot.php(68): CodeIgniter\Boot::runCodeIgniter(Object(CodeIgniter\CodeIgniter))
10 FCPATH\index.php(59): CodeIgniter\Boot::bootWeb(Object(Config\Paths))
WARNING - 2025-11-28 23:05:17 --> [DEPRECATED] Function utf8_encode() is deprecated in APPPATH\Libraries\cfdi_sat\satxmlsv33.php on line 242.
 1 APPPATH\Libraries\cfdi_sat\satxmlsv33.php(165): GeneraXML->satxmlsv33_cargaAtt(Object(DOMElement), [...])
 2 APPPATH\Libraries\cfdi_sat\satxmlsv33.php(43): GeneraXML->satxmlsv33_impuestos([...], '', 'C:\\xampp\\htdocs\\pos\\app\\Libraries/cfdi_sat/', '')
 3 APPPATH\Libraries\cfdi_sat\satxmlsv33.php(27): GeneraXML->satxmlsv33_genera_xml([...], '', 'C:\\xampp\\htdocs\\pos\\app\\Libraries/cfdi_sat/', '')
 4 APPPATH\Controllers\Factura.php(64): GeneraXML->satxmlsv33([...], '', 'C:\\xampp\\htdocs\\pos\\app\\Libraries/cfdi_sat/', '')
 5 SYSTEMPATH\CodeIgniter.php(933): App\Controllers\Factura->facturar('3')
 6 SYSTEMPATH\CodeIgniter.php(507): CodeIgniter\CodeIgniter->runController(Object(App\Controllers\Factura))
 7 SYSTEMPATH\CodeIgniter.php(354): CodeIgniter\CodeIgniter->handleRequest(null, Object(Config\Cache), false)
 8 SYSTEMPATH\Boot.php(363): CodeIgniter\CodeIgniter->run()
 9 SYSTEMPATH\Boot.php(68): CodeIgniter\Boot::runCodeIgniter(Object(CodeIgniter\CodeIgniter))
10 FCPATH\index.php(59): CodeIgniter\Boot::bootWeb(Object(Config\Paths))
WARNING - 2025-11-28 23:05:17 --> [DEPRECATED] Function utf8_encode() is deprecated in APPPATH\Libraries\cfdi_sat\satxmlsv33.php on line 242.
 1 APPPATH\Libraries\cfdi_sat\satxmlsv33.php(165): GeneraXML->satxmlsv33_cargaAtt(Object(DOMElement), [...])
 2 APPPATH\Libraries\cfdi_sat\satxmlsv33.php(43): GeneraXML->satxmlsv33_impuestos([...], '', 'C:\\xampp\\htdocs\\pos\\app\\Libraries/cfdi_sat/', '')
 3 APPPATH\Libraries\cfdi_sat\satxmlsv33.php(27): GeneraXML->satxmlsv33_genera_xml([...], '', 'C:\\xampp\\htdocs\\pos\\app\\Libraries/cfdi_sat/', '')
 4 APPPATH\Controllers\Factura.php(64): GeneraXML->satxmlsv33([...], '', 'C:\\xampp\\htdocs\\pos\\app\\Libraries/cfdi_sat/', '')
 5 SYSTEMPATH\CodeIgniter.php(933): App\Controllers\Factura->facturar('3')
 6 SYSTEMPATH\CodeIgniter.php(507): CodeIgniter\CodeIgniter->runController(Object(App\Controllers\Factura))
 7 SYSTEMPATH\CodeIgniter.php(354): CodeIgniter\CodeIgniter->handleRequest(null, Object(Config\Cache), false)
 8 SYSTEMPATH\Boot.php(363): CodeIgniter\CodeIgniter->run()
 9 SYSTEMPATH\Boot.php(68): CodeIgniter\Boot::runCodeIgniter(Object(CodeIgniter\CodeIgniter))
10 FCPATH\index.php(59): CodeIgniter\Boot::bootWeb(Object(Config\Paths))
WARNING - 2025-11-28 23:05:42 --> [DEPRECATED] Function openssl_free_key() is deprecated in APPPATH\Libraries\cfdi_sat\satxmlsv33.php on line 199.
 1 APPPATH\Libraries\cfdi_sat\satxmlsv33.php(29): GeneraXML->satxmlsv33_sella([...], 'C:\\xampp\\htdocs\\pos\\app\\Libraries/cfdi_sat/')
 2 APPPATH\Controllers\Factura.php(64): GeneraXML->satxmlsv33([...], '', 'C:\\xampp\\htdocs\\pos\\app\\Libraries/cfdi_sat/', '')
 3 SYSTEMPATH\CodeIgniter.php(933): App\Controllers\Factura->facturar('3')
 4 SYSTEMPATH\CodeIgniter.php(507): CodeIgniter\CodeIgniter->runController(Object(App\Controllers\Factura))
 5 SYSTEMPATH\CodeIgniter.php(354): CodeIgniter\CodeIgniter->handleRequest(null, Object(Config\Cache), false)
 6 SYSTEMPATH\Boot.php(363): CodeIgniter\CodeIgniter->run()
 7 SYSTEMPATH\Boot.php(68): CodeIgniter\Boot::runCodeIgniter(Object(CodeIgniter\CodeIgniter))
 8 FCPATH\index.php(59): CodeIgniter\Boot::bootWeb(Object(Config\Paths))
WARNING - 2025-11-28 23:05:43 --> [DEPRECATED] base64_decode(): Passing null to parameter #1 ($string) of type string is deprecated in APPPATH\Controllers\Factura.php on line 71.
 1 APPPATH\Controllers\Factura.php(71): base64_decode(null)
 2 SYSTEMPATH\CodeIgniter.php(933): App\Controllers\Factura->facturar('3')
 3 SYSTEMPATH\CodeIgniter.php(507): CodeIgniter\CodeIgniter->runController(Object(App\Controllers\Factura))
 4 SYSTEMPATH\CodeIgniter.php(354): CodeIgniter\CodeIgniter->handleRequest(null, Object(Config\Cache), false)
 5 SYSTEMPATH\Boot.php(363): CodeIgniter\CodeIgniter->run()
 6 SYSTEMPATH\Boot.php(68): CodeIgniter\Boot::runCodeIgniter(Object(CodeIgniter\CodeIgniter))
 7 FCPATH\index.php(59): CodeIgniter\Boot::bootWeb(Object(Config\Paths))
WARNING - 2025-11-28 23:05:49 --> [DEPRECATED] Function utf8_encode() is deprecated in APPPATH\Libraries\cfdi_sat\satxmlsv33.php on line 242.
 1 APPPATH\Libraries\cfdi_sat\satxmlsv33.php(57): GeneraXML->satxmlsv33_cargaAtt(Object(DOMElement), [...])
 2 APPPATH\Libraries\cfdi_sat\satxmlsv33.php(39): GeneraXML->satxmlsv33_generales([...], '', 'C:\\xampp\\htdocs\\pos\\app\\Libraries/cfdi_sat/', '')
 3 APPPATH\Libraries\cfdi_sat\satxmlsv33.php(27): GeneraXML->satxmlsv33_genera_xml([...], '', 'C:\\xampp\\htdocs\\pos\\app\\Libraries/cfdi_sat/', '')
 4 APPPATH\Controllers\Factura.php(64): GeneraXML->satxmlsv33([...], '', 'C:\\xampp\\htdocs\\pos\\app\\Libraries/cfdi_sat/', '')
 5 SYSTEMPATH\CodeIgniter.php(933): App\Controllers\Factura->facturar('10')
 6 SYSTEMPATH\CodeIgniter.php(507): CodeIgniter\CodeIgniter->runController(Object(App\Controllers\Factura))
 7 SYSTEMPATH\CodeIgniter.php(354): CodeIgniter\CodeIgniter->handleRequest(null, Object(Config\Cache), false)
 8 SYSTEMPATH\Boot.php(363): CodeIgniter\CodeIgniter->run()
 9 SYSTEMPATH\Boot.php(68): CodeIgniter\Boot::runCodeIgniter(Object(CodeIgniter\CodeIgniter))
10 FCPATH\index.php(59): CodeIgniter\Boot::bootWeb(Object(Config\Paths))
WARNING - 2025-11-28 23:05:49 --> [DEPRECATED] Function utf8_encode() is deprecated in APPPATH\Libraries\cfdi_sat\satxmlsv33.php on line 242.
 1 APPPATH\Libraries\cfdi_sat\satxmlsv33.php(57): GeneraXML->satxmlsv33_cargaAtt(Object(DOMElement), [...])
 2 APPPATH\Libraries\cfdi_sat\satxmlsv33.php(39): GeneraXML->satxmlsv33_generales([...], '', 'C:\\xampp\\htdocs\\pos\\app\\Libraries/cfdi_sat/', '')
 3 APPPATH\Libraries\cfdi_sat\satxmlsv33.php(27): GeneraXML->satxmlsv33_genera_xml([...], '', 'C:\\xampp\\htdocs\\pos\\app\\Libraries/cfdi_sat/', '')
 4 APPPATH\Controllers\Factura.php(64): GeneraXML->satxmlsv33([...], '', 'C:\\xampp\\htdocs\\pos\\app\\Libraries/cfdi_sat/', '')
 5 SYSTEMPATH\CodeIgniter.php(933): App\Controllers\Factura->facturar('10')
 6 SYSTEMPATH\CodeIgniter.php(507): CodeIgniter\CodeIgniter->runController(Object(App\Controllers\Factura))
 7 SYSTEMPATH\CodeIgniter.php(354): CodeIgniter\CodeIgniter->handleRequest(null, Object(Config\Cache), false)
 8 SYSTEMPATH\Boot.php(363): CodeIgniter\CodeIgniter->run()
 9 SYSTEMPATH\Boot.php(68): CodeIgniter\Boot::runCodeIgniter(Object(CodeIgniter\CodeIgniter))
10 FCPATH\index.php(59): CodeIgniter\Boot::bootWeb(Object(Config\Paths))
WARNING - 2025-11-28 23:05:49 --> [DEPRECATED] Function utf8_encode() is deprecated in APPPATH\Libraries\cfdi_sat\satxmlsv33.php on line 242.
 1 APPPATH\Libraries\cfdi_sat\satxmlsv33.php(57): GeneraXML->satxmlsv33_cargaAtt(Object(DOMElement), [...])
 2 APPPATH\Libraries\cfdi_sat\satxmlsv33.php(39): GeneraXML->satxmlsv33_generales([...], '', 'C:\\xampp\\htdocs\\pos\\app\\Libraries/cfdi_sat/', '')
 3 APPPATH\Libraries\cfdi_sat\satxmlsv33.php(27): GeneraXML->satxmlsv33_genera_xml([...], '', 'C:\\xampp\\htdocs\\pos\\app\\Libraries/cfdi_sat/', '')
 4 APPPATH\Controllers\Factura.php(64): GeneraXML->satxmlsv33([...], '', 'C:\\xampp\\htdocs\\pos\\app\\Libraries/cfdi_sat/', '')
 5 SYSTEMPATH\CodeIgniter.php(933): App\Controllers\Factura->facturar('10')
 6 SYSTEMPATH\CodeIgniter.php(507): CodeIgniter\CodeIgniter->runController(Object(App\Controllers\Factura))
 7 SYSTEMPATH\CodeIgniter.php(354): CodeIgniter\CodeIgniter->handleRequest(null, Object(Config\Cache), false)
 8 SYSTEMPATH\Boot.php(363): CodeIgniter\CodeIgniter->run()
 9 SYSTEMPATH\Boot.php(68): CodeIgniter\Boot::runCodeIgniter(Object(CodeIgniter\CodeIgniter))
10 FCPATH\index.php(59): CodeIgniter\Boot::bootWeb(Object(Config\Paths))
WARNING - 2025-11-28 23:05:49 --> [DEPRECATED] substr(): Passing null to parameter #1 ($string) of type string is deprecated in APPPATH\Libraries\cfdi_sat\satxmlsv33.php on line 250.
 1 APPPATH\Libraries\cfdi_sat\satxmlsv33.php(250): substr(null, 0, 4)
 2 APPPATH\Libraries\cfdi_sat\satxmlsv33.php(82): GeneraXML->satxmlsv33_xml_fech(null)
 3 APPPATH\Libraries\cfdi_sat\satxmlsv33.php(39): GeneraXML->satxmlsv33_generales([...], '', 'C:\\xampp\\htdocs\\pos\\app\\Libraries/cfdi_sat/', '')
 4 APPPATH\Libraries\cfdi_sat\satxmlsv33.php(27): GeneraXML->satxmlsv33_genera_xml([...], '', 'C:\\xampp\\htdocs\\pos\\app\\Libraries/cfdi_sat/', '')
 5 APPPATH\Controllers\Factura.php(64): GeneraXML->satxmlsv33([...], '', 'C:\\xampp\\htdocs\\pos\\app\\Libraries/cfdi_sat/', '')
 6 SYSTEMPATH\CodeIgniter.php(933): App\Controllers\Factura->facturar('10')
 7 SYSTEMPATH\CodeIgniter.php(507): CodeIgniter\CodeIgniter->runController(Object(App\Controllers\Factura))
 8 SYSTEMPATH\CodeIgniter.php(354): CodeIgniter\CodeIgniter->handleRequest(null, Object(Config\Cache), false)
 9 SYSTEMPATH\Boot.php(363): CodeIgniter\CodeIgniter->run()
10 SYSTEMPATH\Boot.php(68): CodeIgniter\Boot::runCodeIgniter(Object(CodeIgniter\CodeIgniter))
11 FCPATH\index.php(59): CodeIgniter\Boot::bootWeb(Object(Config\Paths))
WARNING - 2025-11-28 23:05:49 --> [DEPRECATED] substr(): Passing null to parameter #1 ($string) of type string is deprecated in APPPATH\Libraries\cfdi_sat\satxmlsv33.php on line 251.
 1 APPPATH\Libraries\cfdi_sat\satxmlsv33.php(251): substr(null, 4, 2)
 2 APPPATH\Libraries\cfdi_sat\satxmlsv33.php(82): GeneraXML->satxmlsv33_xml_fech(null)
 3 APPPATH\Libraries\cfdi_sat\satxmlsv33.php(39): GeneraXML->satxmlsv33_generales([...], '', 'C:\\xampp\\htdocs\\pos\\app\\Libraries/cfdi_sat/', '')
 4 APPPATH\Libraries\cfdi_sat\satxmlsv33.php(27): GeneraXML->satxmlsv33_genera_xml([...], '', 'C:\\xampp\\htdocs\\pos\\app\\Libraries/cfdi_sat/', '')
 5 APPPATH\Controllers\Factura.php(64): GeneraXML->satxmlsv33([...], '', 'C:\\xampp\\htdocs\\pos\\app\\Libraries/cfdi_sat/', '')
 6 SYSTEMPATH\CodeIgniter.php(933): App\Controllers\Factura->facturar('10')
 7 SYSTEMPATH\CodeIgniter.php(507): CodeIgniter\CodeIgniter->runController(Object(App\Controllers\Factura))
 8 SYSTEMPATH\CodeIgniter.php(354): CodeIgniter\CodeIgniter->handleRequest(null, Object(Config\Cache), false)
 9 SYSTEMPATH\Boot.php(363): CodeIgniter\CodeIgniter->run()
10 SYSTEMPATH\Boot.php(68): CodeIgniter\Boot::runCodeIgniter(Object(CodeIgniter\CodeIgniter))
11 FCPATH\index.php(59): CodeIgniter\Boot::bootWeb(Object(Config\Paths))
WARNING - 2025-11-28 23:05:49 --> [DEPRECATED] substr(): Passing null to parameter #1 ($string) of type string is deprecated in APPPATH\Libraries\cfdi_sat\satxmlsv33.php on line 252.
 1 APPPATH\Libraries\cfdi_sat\satxmlsv33.php(252): substr(null, 6, 2)
 2 APPPATH\Libraries\cfdi_sat\satxmlsv33.php(82): GeneraXML->satxmlsv33_xml_fech(null)
 3 APPPATH\Libraries\cfdi_sat\satxmlsv33.php(39): GeneraXML->satxmlsv33_generales([...], '', 'C:\\xampp\\htdocs\\pos\\app\\Libraries/cfdi_sat/', '')
 4 APPPATH\Libraries\cfdi_sat\satxmlsv33.php(27): GeneraXML->satxmlsv33_genera_xml([...], '', 'C:\\xampp\\htdocs\\pos\\app\\Libraries/cfdi_sat/', '')
 5 APPPATH\Controllers\Factura.php(64): GeneraXML->satxmlsv33([...], '', 'C:\\xampp\\htdocs\\pos\\app\\Libraries/cfdi_sat/', '')
 6 SYSTEMPATH\CodeIgniter.php(933): App\Controllers\Factura->facturar('10')
 7 SYSTEMPATH\CodeIgniter.php(507): CodeIgniter\CodeIgniter->runController(Object(App\Controllers\Factura))
 8 SYSTEMPATH\CodeIgniter.php(354): CodeIgniter\CodeIgniter->handleRequest(null, Object(Config\Cache), false)
 9 SYSTEMPATH\Boot.php(363): CodeIgniter\CodeIgniter->run()
10 SYSTEMPATH\Boot.php(68): CodeIgniter\Boot::runCodeIgniter(Object(CodeIgniter\CodeIgniter))
11 FCPATH\index.php(59): CodeIgniter\Boot::bootWeb(Object(Config\Paths))
WARNING - 2025-11-28 23:05:49 --> [DEPRECATED] substr(): Passing null to parameter #1 ($string) of type string is deprecated in APPPATH\Libraries\cfdi_sat\satxmlsv33.php on line 253.
 1 APPPATH\Libraries\cfdi_sat\satxmlsv33.php(253): substr(null, 8, 2)
 2 APPPATH\Libraries\cfdi_sat\satxmlsv33.php(82): GeneraXML->satxmlsv33_xml_fech(null)
 3 APPPATH\Libraries\cfdi_sat\satxmlsv33.php(39): GeneraXML->satxmlsv33_generales([...], '', 'C:\\xampp\\htdocs\\pos\\app\\Libraries/cfdi_sat/', '')
 4 APPPATH\Libraries\cfdi_sat\satxmlsv33.php(27): GeneraXML->satxmlsv33_genera_xml([...], '', 'C:\\xampp\\htdocs\\pos\\app\\Libraries/cfdi_sat/', '')
 5 APPPATH\Controllers\Factura.php(64): GeneraXML->satxmlsv33([...], '', 'C:\\xampp\\htdocs\\pos\\app\\Libraries/cfdi_sat/', '')
 6 SYSTEMPATH\CodeIgniter.php(933): App\Controllers\Factura->facturar('10')
 7 SYSTEMPATH\CodeIgniter.php(507): CodeIgniter\CodeIgniter->runController(Object(App\Controllers\Factura))
 8 SYSTEMPATH\CodeIgniter.php(354): CodeIgniter\CodeIgniter->handleRequest(null, Object(Config\Cache), false)
 9 SYSTEMPATH\Boot.php(363): CodeIgniter\CodeIgniter->run()
10 SYSTEMPATH\Boot.php(68): CodeIgniter\Boot::runCodeIgniter(Object(CodeIgniter\CodeIgniter))
11 FCPATH\index.php(59): CodeIgniter\Boot::bootWeb(Object(Config\Paths))
WARNING - 2025-11-28 23:05:49 --> [DEPRECATED] substr(): Passing null to parameter #1 ($string) of type string is deprecated in APPPATH\Libraries\cfdi_sat\satxmlsv33.php on line 254.
 1 APPPATH\Libraries\cfdi_sat\satxmlsv33.php(254): substr(null, 10, 2)
 2 APPPATH\Libraries\cfdi_sat\satxmlsv33.php(82): GeneraXML->satxmlsv33_xml_fech(null)
 3 APPPATH\Libraries\cfdi_sat\satxmlsv33.php(39): GeneraXML->satxmlsv33_generales([...], '', 'C:\\xampp\\htdocs\\pos\\app\\Libraries/cfdi_sat/', '')
 4 APPPATH\Libraries\cfdi_sat\satxmlsv33.php(27): GeneraXML->satxmlsv33_genera_xml([...], '', 'C:\\xampp\\htdocs\\pos\\app\\Libraries/cfdi_sat/', '')
 5 APPPATH\Controllers\Factura.php(64): GeneraXML->satxmlsv33([...], '', 'C:\\xampp\\htdocs\\pos\\app\\Libraries/cfdi_sat/', '')
 6 SYSTEMPATH\CodeIgniter.php(933): App\Controllers\Factura->facturar('10')
 7 SYSTEMPATH\CodeIgniter.php(507): CodeIgniter\CodeIgniter->runController(Object(App\Controllers\Factura))
 8 SYSTEMPATH\CodeIgniter.php(354): CodeIgniter\CodeIgniter->handleRequest(null, Object(Config\Cache), false)
 9 SYSTEMPATH\Boot.php(363): CodeIgniter\CodeIgniter->run()
10 SYSTEMPATH\Boot.php(68): CodeIgniter\Boot::runCodeIgniter(Object(CodeIgniter\CodeIgniter))
11 FCPATH\index.php(59): CodeIgniter\Boot::bootWeb(Object(Config\Paths))
WARNING - 2025-11-28 23:05:49 --> [DEPRECATED] substr(): Passing null to parameter #1 ($string) of type string is deprecated in APPPATH\Libraries\cfdi_sat\satxmlsv33.php on line 255.
 1 APPPATH\Libraries\cfdi_sat\satxmlsv33.php(255): substr(null, 12, 2)
 2 APPPATH\Libraries\cfdi_sat\satxmlsv33.php(82): GeneraXML->satxmlsv33_xml_fech(null)
 3 APPPATH\Libraries\cfdi_sat\satxmlsv33.php(39): GeneraXML->satxmlsv33_generales([...], '', 'C:\\xampp\\htdocs\\pos\\app\\Libraries/cfdi_sat/', '')
 4 APPPATH\Libraries\cfdi_sat\satxmlsv33.php(27): GeneraXML->satxmlsv33_genera_xml([...], '', 'C:\\xampp\\htdocs\\pos\\app\\Libraries/cfdi_sat/', '')
 5 APPPATH\Controllers\Factura.php(64): GeneraXML->satxmlsv33([...], '', 'C:\\xampp\\htdocs\\pos\\app\\Libraries/cfdi_sat/', '')
 6 SYSTEMPATH\CodeIgniter.php(933): App\Controllers\Factura->facturar('10')
 7 SYSTEMPATH\CodeIgniter.php(507): CodeIgniter\CodeIgniter->runController(Object(App\Controllers\Factura))
 8 SYSTEMPATH\CodeIgniter.php(354): CodeIgniter\CodeIgniter->handleRequest(null, Object(Config\Cache), false)
 9 SYSTEMPATH\Boot.php(363): CodeIgniter\CodeIgniter->run()
10 SYSTEMPATH\Boot.php(68): CodeIgniter\Boot::runCodeIgniter(Object(CodeIgniter\CodeIgniter))
11 FCPATH\index.php(59): CodeIgniter\Boot::bootWeb(Object(Config\Paths))
WARNING - 2025-11-28 23:05:49 --> [DEPRECATED] Function utf8_encode() is deprecated in APPPATH\Libraries\cfdi_sat\satxmlsv33.php on line 242.
 1 APPPATH\Libraries\cfdi_sat\satxmlsv33.php(64): GeneraXML->satxmlsv33_cargaAtt(Object(DOMElement), [...])
 2 APPPATH\Libraries\cfdi_sat\satxmlsv33.php(39): GeneraXML->satxmlsv33_generales([...], '', 'C:\\xampp\\htdocs\\pos\\app\\Libraries/cfdi_sat/', '')
 3 APPPATH\Libraries\cfdi_sat\satxmlsv33.php(27): GeneraXML->satxmlsv33_genera_xml([...], '', 'C:\\xampp\\htdocs\\pos\\app\\Libraries/cfdi_sat/', '')
 4 APPPATH\Controllers\Factura.php(64): GeneraXML->satxmlsv33([...], '', 'C:\\xampp\\htdocs\\pos\\app\\Libraries/cfdi_sat/', '')
 5 SYSTEMPATH\CodeIgniter.php(933): App\Controllers\Factura->facturar('10')
 6 SYSTEMPATH\CodeIgniter.php(507): CodeIgniter\CodeIgniter->runController(Object(App\Controllers\Factura))
 7 SYSTEMPATH\CodeIgniter.php(354): CodeIgniter\CodeIgniter->handleRequest(null, Object(Config\Cache), false)
 8 SYSTEMPATH\Boot.php(363): CodeIgniter\CodeIgniter->run()
 9 SYSTEMPATH\Boot.php(68): CodeIgniter\Boot::runCodeIgniter(Object(CodeIgniter\CodeIgniter))
10 FCPATH\index.php(59): CodeIgniter\Boot::bootWeb(Object(Config\Paths))
WARNING - 2025-11-28 23:05:49 --> [DEPRECATED] Function utf8_encode() is deprecated in APPPATH\Libraries\cfdi_sat\satxmlsv33.php on line 242.
 1 APPPATH\Libraries\cfdi_sat\satxmlsv33.php(64): GeneraXML->satxmlsv33_cargaAtt(Object(DOMElement), [...])
 2 APPPATH\Libraries\cfdi_sat\satxmlsv33.php(39): GeneraXML->satxmlsv33_generales([...], '', 'C:\\xampp\\htdocs\\pos\\app\\Libraries/cfdi_sat/', '')
 3 APPPATH\Libraries\cfdi_sat\satxmlsv33.php(27): GeneraXML->satxmlsv33_genera_xml([...], '', 'C:\\xampp\\htdocs\\pos\\app\\Libraries/cfdi_sat/', '')
 4 APPPATH\Controllers\Factura.php(64): GeneraXML->satxmlsv33([...], '', 'C:\\xampp\\htdocs\\pos\\app\\Libraries/cfdi_sat/', '')
 5 SYSTEMPATH\CodeIgniter.php(933): App\Controllers\Factura->facturar('10')
 6 SYSTEMPATH\CodeIgniter.php(507): CodeIgniter\CodeIgniter->runController(Object(App\Controllers\Factura))
 7 SYSTEMPATH\CodeIgniter.php(354): CodeIgniter\CodeIgniter->handleRequest(null, Object(Config\Cache), false)
 8 SYSTEMPATH\Boot.php(363): CodeIgniter\CodeIgniter->run()
 9 SYSTEMPATH\Boot.php(68): CodeIgniter\Boot::runCodeIgniter(Object(CodeIgniter\CodeIgniter))
10 FCPATH\index.php(59): CodeIgniter\Boot::bootWeb(Object(Config\Paths))
WARNING - 2025-11-28 23:05:49 --> [DEPRECATED] Function utf8_encode() is deprecated in APPPATH\Libraries\cfdi_sat\satxmlsv33.php on line 242.
 1 APPPATH\Libraries\cfdi_sat\satxmlsv33.php(64): GeneraXML->satxmlsv33_cargaAtt(Object(DOMElement), [...])
 2 APPPATH\Libraries\cfdi_sat\satxmlsv33.php(39): GeneraXML->satxmlsv33_generales([...], '', 'C:\\xampp\\htdocs\\pos\\app\\Libraries/cfdi_sat/', '')
 3 APPPATH\Libraries\cfdi_sat\satxmlsv33.php(27): GeneraXML->satxmlsv33_genera_xml([...], '', 'C:\\xampp\\htdocs\\pos\\app\\Libraries/cfdi_sat/', '')
 4 APPPATH\Controllers\Factura.php(64): GeneraXML->satxmlsv33([...], '', 'C:\\xampp\\htdocs\\pos\\app\\Libraries/cfdi_sat/', '')
 5 SYSTEMPATH\CodeIgniter.php(933): App\Controllers\Factura->facturar('10')
 6 SYSTEMPATH\CodeIgniter.php(507): CodeIgniter\CodeIgniter->runController(Object(App\Controllers\Factura))
 7 SYSTEMPATH\CodeIgniter.php(354): CodeIgniter\CodeIgniter->handleRequest(null, Object(Config\Cache), false)
 8 SYSTEMPATH\Boot.php(363): CodeIgniter\CodeIgniter->run()
 9 SYSTEMPATH\Boot.php(68): CodeIgniter\Boot::runCodeIgniter(Object(CodeIgniter\CodeIgniter))
10 FCPATH\index.php(59): CodeIgniter\Boot::bootWeb(Object(Config\Paths))
WARNING - 2025-11-28 23:05:49 --> [DEPRECATED] Function utf8_encode() is deprecated in APPPATH\Libraries\cfdi_sat\satxmlsv33.php on line 242.
 1 APPPATH\Libraries\cfdi_sat\satxmlsv33.php(64): GeneraXML->satxmlsv33_cargaAtt(Object(DOMElement), [...])
 2 APPPATH\Libraries\cfdi_sat\satxmlsv33.php(39): GeneraXML->satxmlsv33_generales([...], '', 'C:\\xampp\\htdocs\\pos\\app\\Libraries/cfdi_sat/', '')
 3 APPPATH\Libraries\cfdi_sat\satxmlsv33.php(27): GeneraXML->satxmlsv33_genera_xml([...], '', 'C:\\xampp\\htdocs\\pos\\app\\Libraries/cfdi_sat/', '')
 4 APPPATH\Controllers\Factura.php(64): GeneraXML->satxmlsv33([...], '', 'C:\\xampp\\htdocs\\pos\\app\\Libraries/cfdi_sat/', '')
 5 SYSTEMPATH\CodeIgniter.php(933): App\Controllers\Factura->facturar('10')
 6 SYSTEMPATH\CodeIgniter.php(507): CodeIgniter\CodeIgniter->runController(Object(App\Controllers\Factura))
 7 SYSTEMPATH\CodeIgniter.php(354): CodeIgniter\CodeIgniter->handleRequest(null, Object(Config\Cache), false)
 8 SYSTEMPATH\Boot.php(363): CodeIgniter\CodeIgniter->run()
 9 SYSTEMPATH\Boot.php(68): CodeIgniter\Boot::runCodeIgniter(Object(CodeIgniter\CodeIgniter))
10 FCPATH\index.php(59): CodeIgniter\Boot::bootWeb(Object(Config\Paths))
WARNING - 2025-11-28 23:05:49 --> [DEPRECATED] Function utf8_encode() is deprecated in APPPATH\Libraries\cfdi_sat\satxmlsv33.php on line 242.
 1 APPPATH\Libraries\cfdi_sat\satxmlsv33.php(64): GeneraXML->satxmlsv33_cargaAtt(Object(DOMElement), [...])
 2 APPPATH\Libraries\cfdi_sat\satxmlsv33.php(39): GeneraXML->satxmlsv33_generales([...], '', 'C:\\xampp\\htdocs\\pos\\app\\Libraries/cfdi_sat/', '')
 3 APPPATH\Libraries\cfdi_sat\satxmlsv33.php(27): GeneraXML->satxmlsv33_genera_xml([...], '', 'C:\\xampp\\htdocs\\pos\\app\\Libraries/cfdi_sat/', '')
 4 APPPATH\Controllers\Factura.php(64): GeneraXML->satxmlsv33([...], '', 'C:\\xampp\\htdocs\\pos\\app\\Libraries/cfdi_sat/', '')
 5 SYSTEMPATH\CodeIgniter.php(933): App\Controllers\Factura->facturar('10')
 6 SYSTEMPATH\CodeIgniter.php(507): CodeIgniter\CodeIgniter->runController(Object(App\Controllers\Factura))
 7 SYSTEMPATH\CodeIgniter.php(354): CodeIgniter\CodeIgniter->handleRequest(null, Object(Config\Cache), false)
 8 SYSTEMPATH\Boot.php(363): CodeIgniter\CodeIgniter->run()
 9 SYSTEMPATH\Boot.php(68): CodeIgniter\Boot::runCodeIgniter(Object(CodeIgniter\CodeIgniter))
10 FCPATH\index.php(59): CodeIgniter\Boot::bootWeb(Object(Config\Paths))
WARNING - 2025-11-28 23:05:49 --> [DEPRECATED] Function utf8_encode() is deprecated in APPPATH\Libraries\cfdi_sat\satxmlsv33.php on line 242.
 1 APPPATH\Libraries\cfdi_sat\satxmlsv33.php(64): GeneraXML->satxmlsv33_cargaAtt(Object(DOMElement), [...])
 2 APPPATH\Libraries\cfdi_sat\satxmlsv33.php(39): GeneraXML->satxmlsv33_generales([...], '', 'C:\\xampp\\htdocs\\pos\\app\\Libraries/cfdi_sat/', '')
 3 APPPATH\Libraries\cfdi_sat\satxmlsv33.php(27): GeneraXML->satxmlsv33_genera_xml([...], '', 'C:\\xampp\\htdocs\\pos\\app\\Libraries/cfdi_sat/', '')
 4 APPPATH\Controllers\Factura.php(64): GeneraXML->satxmlsv33([...], '', 'C:\\xampp\\htdocs\\pos\\app\\Libraries/cfdi_sat/', '')
 5 SYSTEMPATH\CodeIgniter.php(933): App\Controllers\Factura->facturar('10')
 6 SYSTEMPATH\CodeIgniter.php(507): CodeIgniter\CodeIgniter->runController(Object(App\Controllers\Factura))
 7 SYSTEMPATH\CodeIgniter.php(354): CodeIgniter\CodeIgniter->handleRequest(null, Object(Config\Cache), false)
 8 SYSTEMPATH\Boot.php(363): CodeIgniter\CodeIgniter->run()
 9 SYSTEMPATH\Boot.php(68): CodeIgniter\Boot::runCodeIgniter(Object(CodeIgniter\CodeIgniter))
10 FCPATH\index.php(59): CodeIgniter\Boot::bootWeb(Object(Config\Paths))
WARNING - 2025-11-28 23:05:49 --> [DEPRECATED] Function utf8_encode() is deprecated in APPPATH\Libraries\cfdi_sat\satxmlsv33.php on line 242.
 1 APPPATH\Libraries\cfdi_sat\satxmlsv33.php(64): GeneraXML->satxmlsv33_cargaAtt(Object(DOMElement), [...])
 2 APPPATH\Libraries\cfdi_sat\satxmlsv33.php(39): GeneraXML->satxmlsv33_generales([...], '', 'C:\\xampp\\htdocs\\pos\\app\\Libraries/cfdi_sat/', '')
 3 APPPATH\Libraries\cfdi_sat\satxmlsv33.php(27): GeneraXML->satxmlsv33_genera_xml([...], '', 'C:\\xampp\\htdocs\\pos\\app\\Libraries/cfdi_sat/', '')
 4 APPPATH\Controllers\Factura.php(64): GeneraXML->satxmlsv33([...], '', 'C:\\xampp\\htdocs\\pos\\app\\Libraries/cfdi_sat/', '')
 5 SYSTEMPATH\CodeIgniter.php(933): App\Controllers\Factura->facturar('10')
 6 SYSTEMPATH\CodeIgniter.php(507): CodeIgniter\CodeIgniter->runController(Object(App\Controllers\Factura))
 7 SYSTEMPATH\CodeIgniter.php(354): CodeIgniter\CodeIgniter->handleRequest(null, Object(Config\Cache), false)
 8 SYSTEMPATH\Boot.php(363): CodeIgniter\CodeIgniter->run()
 9 SYSTEMPATH\Boot.php(68): CodeIgniter\Boot::runCodeIgniter(Object(CodeIgniter\CodeIgniter))
10 FCPATH\index.php(59): CodeIgniter\Boot::bootWeb(Object(Config\Paths))
WARNING - 2025-11-28 23:05:49 --> [DEPRECATED] Function utf8_encode() is deprecated in APPPATH\Libraries\cfdi_sat\satxmlsv33.php on line 242.
 1 APPPATH\Libraries\cfdi_sat\satxmlsv33.php(64): GeneraXML->satxmlsv33_cargaAtt(Object(DOMElement), [...])
 2 APPPATH\Libraries\cfdi_sat\satxmlsv33.php(39): GeneraXML->satxmlsv33_generales([...], '', 'C:\\xampp\\htdocs\\pos\\app\\Libraries/cfdi_sat/', '')
 3 APPPATH\Libraries\cfdi_sat\satxmlsv33.php(27): GeneraXML->satxmlsv33_genera_xml([...], '', 'C:\\xampp\\htdocs\\pos\\app\\Libraries/cfdi_sat/', '')
 4 APPPATH\Controllers\Factura.php(64): GeneraXML->satxmlsv33([...], '', 'C:\\xampp\\htdocs\\pos\\app\\Libraries/cfdi_sat/', '')
 5 SYSTEMPATH\CodeIgniter.php(933): App\Controllers\Factura->facturar('10')
 6 SYSTEMPATH\CodeIgniter.php(507): CodeIgniter\CodeIgniter->runController(Object(App\Controllers\Factura))
 7 SYSTEMPATH\CodeIgniter.php(354): CodeIgniter\CodeIgniter->handleRequest(null, Object(Config\Cache), false)
 8 SYSTEMPATH\Boot.php(363): CodeIgniter\CodeIgniter->run()
 9 SYSTEMPATH\Boot.php(68): CodeIgniter\Boot::runCodeIgniter(Object(CodeIgniter\CodeIgniter))
10 FCPATH\index.php(59): CodeIgniter\Boot::bootWeb(Object(Config\Paths))
WARNING - 2025-11-28 23:05:49 --> [DEPRECATED] Function utf8_encode() is deprecated in APPPATH\Libraries\cfdi_sat\satxmlsv33.php on line 242.
 1 APPPATH\Libraries\cfdi_sat\satxmlsv33.php(64): GeneraXML->satxmlsv33_cargaAtt(Object(DOMElement), [...])
 2 APPPATH\Libraries\cfdi_sat\satxmlsv33.php(39): GeneraXML->satxmlsv33_generales([...], '', 'C:\\xampp\\htdocs\\pos\\app\\Libraries/cfdi_sat/', '')
 3 APPPATH\Libraries\cfdi_sat\satxmlsv33.php(27): GeneraXML->satxmlsv33_genera_xml([...], '', 'C:\\xampp\\htdocs\\pos\\app\\Libraries/cfdi_sat/', '')
 4 APPPATH\Controllers\Factura.php(64): GeneraXML->satxmlsv33([...], '', 'C:\\xampp\\htdocs\\pos\\app\\Libraries/cfdi_sat/', '')
 5 SYSTEMPATH\CodeIgniter.php(933): App\Controllers\Factura->facturar('10')
 6 SYSTEMPATH\CodeIgniter.php(507): CodeIgniter\CodeIgniter->runController(Object(App\Controllers\Factura))
 7 SYSTEMPATH\CodeIgniter.php(354): CodeIgniter\CodeIgniter->handleRequest(null, Object(Config\Cache), false)
 8 SYSTEMPATH\Boot.php(363): CodeIgniter\CodeIgniter->run()
 9 SYSTEMPATH\Boot.php(68): CodeIgniter\Boot::runCodeIgniter(Object(CodeIgniter\CodeIgniter))
10 FCPATH\index.php(59): CodeIgniter\Boot::bootWeb(Object(Config\Paths))
WARNING - 2025-11-28 23:05:49 --> [DEPRECATED] Function utf8_encode() is deprecated in APPPATH\Libraries\cfdi_sat\satxmlsv33.php on line 242.
 1 APPPATH\Libraries\cfdi_sat\satxmlsv33.php(64): GeneraXML->satxmlsv33_cargaAtt(Object(DOMElement), [...])
 2 APPPATH\Libraries\cfdi_sat\satxmlsv33.php(39): GeneraXML->satxmlsv33_generales([...], '', 'C:\\xampp\\htdocs\\pos\\app\\Libraries/cfdi_sat/', '')
 3 APPPATH\Libraries\cfdi_sat\satxmlsv33.php(27): GeneraXML->satxmlsv33_genera_xml([...], '', 'C:\\xampp\\htdocs\\pos\\app\\Libraries/cfdi_sat/', '')
 4 APPPATH\Controllers\Factura.php(64): GeneraXML->satxmlsv33([...], '', 'C:\\xampp\\htdocs\\pos\\app\\Libraries/cfdi_sat/', '')
 5 SYSTEMPATH\CodeIgniter.php(933): App\Controllers\Factura->facturar('10')
 6 SYSTEMPATH\CodeIgniter.php(507): CodeIgniter\CodeIgniter->runController(Object(App\Controllers\Factura))
 7 SYSTEMPATH\CodeIgniter.php(354): CodeIgniter\CodeIgniter->handleRequest(null, Object(Config\Cache), false)
 8 SYSTEMPATH\Boot.php(363): CodeIgniter\CodeIgniter->run()
 9 SYSTEMPATH\Boot.php(68): CodeIgniter\Boot::runCodeIgniter(Object(CodeIgniter\CodeIgniter))
10 FCPATH\index.php(59): CodeIgniter\Boot::bootWeb(Object(Config\Paths))
WARNING - 2025-11-28 23:05:49 --> [DEPRECATED] Function utf8_encode() is deprecated in APPPATH\Libraries\cfdi_sat\satxmlsv33.php on line 242.
 1 APPPATH\Libraries\cfdi_sat\satxmlsv33.php(64): GeneraXML->satxmlsv33_cargaAtt(Object(DOMElement), [...])
 2 APPPATH\Libraries\cfdi_sat\satxmlsv33.php(39): GeneraXML->satxmlsv33_generales([...], '', 'C:\\xampp\\htdocs\\pos\\app\\Libraries/cfdi_sat/', '')
 3 APPPATH\Libraries\cfdi_sat\satxmlsv33.php(27): GeneraXML->satxmlsv33_genera_xml([...], '', 'C:\\xampp\\htdocs\\pos\\app\\Libraries/cfdi_sat/', '')
 4 APPPATH\Controllers\Factura.php(64): GeneraXML->satxmlsv33([...], '', 'C:\\xampp\\htdocs\\pos\\app\\Libraries/cfdi_sat/', '')
 5 SYSTEMPATH\CodeIgniter.php(933): App\Controllers\Factura->facturar('10')
 6 SYSTEMPATH\CodeIgniter.php(507): CodeIgniter\CodeIgniter->runController(Object(App\Controllers\Factura))
 7 SYSTEMPATH\CodeIgniter.php(354): CodeIgniter\CodeIgniter->handleRequest(null, Object(Config\Cache), false)
 8 SYSTEMPATH\Boot.php(363): CodeIgniter\CodeIgniter->run()
 9 SYSTEMPATH\Boot.php(68): CodeIgniter\Boot::runCodeIgniter(Object(CodeIgniter\CodeIgniter))
10 FCPATH\index.php(59): CodeIgniter\Boot::bootWeb(Object(Config\Paths))
WARNING - 2025-11-28 23:05:49 --> [DEPRECATED] Function utf8_encode() is deprecated in APPPATH\Libraries\cfdi_sat\satxmlsv33.php on line 242.
 1 APPPATH\Libraries\cfdi_sat\satxmlsv33.php(64): GeneraXML->satxmlsv33_cargaAtt(Object(DOMElement), [...])
 2 APPPATH\Libraries\cfdi_sat\satxmlsv33.php(39): GeneraXML->satxmlsv33_generales([...], '', 'C:\\xampp\\htdocs\\pos\\app\\Libraries/cfdi_sat/', '')
 3 APPPATH\Libraries\cfdi_sat\satxmlsv33.php(27): GeneraXML->satxmlsv33_genera_xml([...], '', 'C:\\xampp\\htdocs\\pos\\app\\Libraries/cfdi_sat/', '')
 4 APPPATH\Controllers\Factura.php(64): GeneraXML->satxmlsv33([...], '', 'C:\\xampp\\htdocs\\pos\\app\\Libraries/cfdi_sat/', '')
 5 SYSTEMPATH\CodeIgniter.php(933): App\Controllers\Factura->facturar('10')
 6 SYSTEMPATH\CodeIgniter.php(507): CodeIgniter\CodeIgniter->runController(Object(App\Controllers\Factura))
 7 SYSTEMPATH\CodeIgniter.php(354): CodeIgniter\CodeIgniter->handleRequest(null, Object(Config\Cache), false)
 8 SYSTEMPATH\Boot.php(363): CodeIgniter\CodeIgniter->run()
 9 SYSTEMPATH\Boot.php(68): CodeIgniter\Boot::runCodeIgniter(Object(CodeIgniter\CodeIgniter))
10 FCPATH\index.php(59): CodeIgniter\Boot::bootWeb(Object(Config\Paths))
WARNING - 2025-11-28 23:05:49 --> [DEPRECATED] Function utf8_encode() is deprecated in APPPATH\Libraries\cfdi_sat\satxmlsv33.php on line 242.
 1 APPPATH\Libraries\cfdi_sat\satxmlsv33.php(64): GeneraXML->satxmlsv33_cargaAtt(Object(DOMElement), [...])
 2 APPPATH\Libraries\cfdi_sat\satxmlsv33.php(39): GeneraXML->satxmlsv33_generales([...], '', 'C:\\xampp\\htdocs\\pos\\app\\Libraries/cfdi_sat/', '')
 3 APPPATH\Libraries\cfdi_sat\satxmlsv33.php(27): GeneraXML->satxmlsv33_genera_xml([...], '', 'C:\\xampp\\htdocs\\pos\\app\\Libraries/cfdi_sat/', '')
 4 APPPATH\Controllers\Factura.php(64): GeneraXML->satxmlsv33([...], '', 'C:\\xampp\\htdocs\\pos\\app\\Libraries/cfdi_sat/', '')
 5 SYSTEMPATH\CodeIgniter.php(933): App\Controllers\Factura->facturar('10')
 6 SYSTEMPATH\CodeIgniter.php(507): CodeIgniter\CodeIgniter->runController(Object(App\Controllers\Factura))
 7 SYSTEMPATH\CodeIgniter.php(354): CodeIgniter\CodeIgniter->handleRequest(null, Object(Config\Cache), false)
 8 SYSTEMPATH\Boot.php(363): CodeIgniter\CodeIgniter->run()
 9 SYSTEMPATH\Boot.php(68): CodeIgniter\Boot::runCodeIgniter(Object(CodeIgniter\CodeIgniter))
10 FCPATH\index.php(59): CodeIgniter\Boot::bootWeb(Object(Config\Paths))
WARNING - 2025-11-28 23:05:49 --> [DEPRECATED] Function utf8_encode() is deprecated in APPPATH\Libraries\cfdi_sat\satxmlsv33.php on line 242.
 1 APPPATH\Libraries\cfdi_sat\satxmlsv33.php(64): GeneraXML->satxmlsv33_cargaAtt(Object(DOMElement), [...])
 2 APPPATH\Libraries\cfdi_sat\satxmlsv33.php(39): GeneraXML->satxmlsv33_generales([...], '', 'C:\\xampp\\htdocs\\pos\\app\\Libraries/cfdi_sat/', '')
 3 APPPATH\Libraries\cfdi_sat\satxmlsv33.php(27): GeneraXML->satxmlsv33_genera_xml([...], '', 'C:\\xampp\\htdocs\\pos\\app\\Libraries/cfdi_sat/', '')
 4 APPPATH\Controllers\Factura.php(64): GeneraXML->satxmlsv33([...], '', 'C:\\xampp\\htdocs\\pos\\app\\Libraries/cfdi_sat/', '')
 5 SYSTEMPATH\CodeIgniter.php(933): App\Controllers\Factura->facturar('10')
 6 SYSTEMPATH\CodeIgniter.php(507): CodeIgniter\CodeIgniter->runController(Object(App\Controllers\Factura))
 7 SYSTEMPATH\CodeIgniter.php(354): CodeIgniter\CodeIgniter->handleRequest(null, Object(Config\Cache), false)
 8 SYSTEMPATH\Boot.php(363): CodeIgniter\CodeIgniter->run()
 9 SYSTEMPATH\Boot.php(68): CodeIgniter\Boot::runCodeIgniter(Object(CodeIgniter\CodeIgniter))
10 FCPATH\index.php(59): CodeIgniter\Boot::bootWeb(Object(Config\Paths))
WARNING - 2025-11-28 23:05:49 --> [DEPRECATED] Function utf8_encode() is deprecated in APPPATH\Libraries\cfdi_sat\satxmlsv33.php on line 242.
 1 APPPATH\Libraries\cfdi_sat\satxmlsv33.php(64): GeneraXML->satxmlsv33_cargaAtt(Object(DOMElement), [...])
 2 APPPATH\Libraries\cfdi_sat\satxmlsv33.php(39): GeneraXML->satxmlsv33_generales([...], '', 'C:\\xampp\\htdocs\\pos\\app\\Libraries/cfdi_sat/', '')
 3 APPPATH\Libraries\cfdi_sat\satxmlsv33.php(27): GeneraXML->satxmlsv33_genera_xml([...], '', 'C:\\xampp\\htdocs\\pos\\app\\Libraries/cfdi_sat/', '')
 4 APPPATH\Controllers\Factura.php(64): GeneraXML->satxmlsv33([...], '', 'C:\\xampp\\htdocs\\pos\\app\\Libraries/cfdi_sat/', '')
 5 SYSTEMPATH\CodeIgniter.php(933): App\Controllers\Factura->facturar('10')
 6 SYSTEMPATH\CodeIgniter.php(507): CodeIgniter\CodeIgniter->runController(Object(App\Controllers\Factura))
 7 SYSTEMPATH\CodeIgniter.php(354): CodeIgniter\CodeIgniter->handleRequest(null, Object(Config\Cache), false)
 8 SYSTEMPATH\Boot.php(363): CodeIgniter\CodeIgniter->run()
 9 SYSTEMPATH\Boot.php(68): CodeIgniter\Boot::runCodeIgniter(Object(CodeIgniter\CodeIgniter))
10 FCPATH\index.php(59): CodeIgniter\Boot::bootWeb(Object(Config\Paths))
WARNING - 2025-11-28 23:05:49 --> [DEPRECATED] strlen(): Passing null to parameter #1 ($string) of type string is deprecated in APPPATH\Libraries\cfdi_sat\satxmlsv33.php on line 232.
 1 APPPATH\Libraries\cfdi_sat\satxmlsv33.php(64): GeneraXML->satxmlsv33_cargaAtt(Object(DOMElement), [...])
 2 APPPATH\Libraries\cfdi_sat\satxmlsv33.php(39): GeneraXML->satxmlsv33_generales([...], '', 'C:\\xampp\\htdocs\\pos\\app\\Libraries/cfdi_sat/', '')
 3 APPPATH\Libraries\cfdi_sat\satxmlsv33.php(27): GeneraXML->satxmlsv33_genera_xml([...], '', 'C:\\xampp\\htdocs\\pos\\app\\Libraries/cfdi_sat/', '')
 4 APPPATH\Controllers\Factura.php(64): GeneraXML->satxmlsv33([...], '', 'C:\\xampp\\htdocs\\pos\\app\\Libraries/cfdi_sat/', '')
 5 SYSTEMPATH\CodeIgniter.php(933): App\Controllers\Factura->facturar('10')
 6 SYSTEMPATH\CodeIgniter.php(507): CodeIgniter\CodeIgniter->runController(Object(App\Controllers\Factura))
 7 SYSTEMPATH\CodeIgniter.php(354): CodeIgniter\CodeIgniter->handleRequest(null, Object(Config\Cache), false)
 8 SYSTEMPATH\Boot.php(363): CodeIgniter\CodeIgniter->run()
 9 SYSTEMPATH\Boot.php(68): CodeIgniter\Boot::runCodeIgniter(Object(CodeIgniter\CodeIgniter))
10 FCPATH\index.php(59): CodeIgniter\Boot::bootWeb(Object(Config\Paths))
WARNING - 2025-11-28 23:05:49 --> [DEPRECATED] preg_replace(): Passing null to parameter #3 ($subject) of type array|string is deprecated in APPPATH\Libraries\cfdi_sat\satxmlsv33.php on line 238.
 1 APPPATH\Libraries\cfdi_sat\satxmlsv33.php(238): preg_replace('/\\s\\s+/', ' ', null)
 2 APPPATH\Libraries\cfdi_sat\satxmlsv33.php(64): GeneraXML->satxmlsv33_cargaAtt(Object(DOMElement), [...])
 3 APPPATH\Libraries\cfdi_sat\satxmlsv33.php(39): GeneraXML->satxmlsv33_generales([...], '', 'C:\\xampp\\htdocs\\pos\\app\\Libraries/cfdi_sat/', '')
 4 APPPATH\Libraries\cfdi_sat\satxmlsv33.php(27): GeneraXML->satxmlsv33_genera_xml([...], '', 'C:\\xampp\\htdocs\\pos\\app\\Libraries/cfdi_sat/', '')
 5 APPPATH\Controllers\Factura.php(64): GeneraXML->satxmlsv33([...], '', 'C:\\xampp\\htdocs\\pos\\app\\Libraries/cfdi_sat/', '')
 6 SYSTEMPATH\CodeIgniter.php(933): App\Controllers\Factura->facturar('10')
 7 SYSTEMPATH\CodeIgniter.php(507): CodeIgniter\CodeIgniter->runController(Object(App\Controllers\Factura))
 8 SYSTEMPATH\CodeIgniter.php(354): CodeIgniter\CodeIgniter->handleRequest(null, Object(Config\Cache), false)
 9 SYSTEMPATH\Boot.php(363): CodeIgniter\CodeIgniter->run()
10 SYSTEMPATH\Boot.php(68): CodeIgniter\Boot::runCodeIgniter(Object(CodeIgniter\CodeIgniter))
11 FCPATH\index.php(59): CodeIgniter\Boot::bootWeb(Object(Config\Paths))
WARNING - 2025-11-28 23:05:49 --> [DEPRECATED] strlen(): Passing null to parameter #1 ($string) of type string is deprecated in APPPATH\Libraries\cfdi_sat\satxmlsv33.php on line 232.
 1 APPPATH\Libraries\cfdi_sat\satxmlsv33.php(64): GeneraXML->satxmlsv33_cargaAtt(Object(DOMElement), [...])
 2 APPPATH\Libraries\cfdi_sat\satxmlsv33.php(39): GeneraXML->satxmlsv33_generales([...], '', 'C:\\xampp\\htdocs\\pos\\app\\Libraries/cfdi_sat/', '')
 3 APPPATH\Libraries\cfdi_sat\satxmlsv33.php(27): GeneraXML->satxmlsv33_genera_xml([...], '', 'C:\\xampp\\htdocs\\pos\\app\\Libraries/cfdi_sat/', '')
 4 APPPATH\Controllers\Factura.php(64): GeneraXML->satxmlsv33([...], '', 'C:\\xampp\\htdocs\\pos\\app\\Libraries/cfdi_sat/', '')
 5 SYSTEMPATH\CodeIgniter.php(933): App\Controllers\Factura->facturar('10')
 6 SYSTEMPATH\CodeIgniter.php(507): CodeIgniter\CodeIgniter->runController(Object(App\Controllers\Factura))
 7 SYSTEMPATH\CodeIgniter.php(354): CodeIgniter\CodeIgniter->handleRequest(null, Object(Config\Cache), false)
 8 SYSTEMPATH\Boot.php(363): CodeIgniter\CodeIgniter->run()
 9 SYSTEMPATH\Boot.php(68): CodeIgniter\Boot::runCodeIgniter(Object(CodeIgniter\CodeIgniter))
10 FCPATH\index.php(59): CodeIgniter\Boot::bootWeb(Object(Config\Paths))
WARNING - 2025-11-28 23:05:49 --> [DEPRECATED] preg_replace(): Passing null to parameter #3 ($subject) of type array|string is deprecated in APPPATH\Libraries\cfdi_sat\satxmlsv33.php on line 238.
 1 APPPATH\Libraries\cfdi_sat\satxmlsv33.php(238): preg_replace('/\\s\\s+/', ' ', null)
 2 APPPATH\Libraries\cfdi_sat\satxmlsv33.php(64): GeneraXML->satxmlsv33_cargaAtt(Object(DOMElement), [...])
 3 APPPATH\Libraries\cfdi_sat\satxmlsv33.php(39): GeneraXML->satxmlsv33_generales([...], '', 'C:\\xampp\\htdocs\\pos\\app\\Libraries/cfdi_sat/', '')
 4 APPPATH\Libraries\cfdi_sat\satxmlsv33.php(27): GeneraXML->satxmlsv33_genera_xml([...], '', 'C:\\xampp\\htdocs\\pos\\app\\Libraries/cfdi_sat/', '')
 5 APPPATH\Controllers\Factura.php(64): GeneraXML->satxmlsv33([...], '', 'C:\\xampp\\htdocs\\pos\\app\\Libraries/cfdi_sat/', '')
 6 SYSTEMPATH\CodeIgniter.php(933): App\Controllers\Factura->facturar('10')
 7 SYSTEMPATH\CodeIgniter.php(507): CodeIgniter\CodeIgniter->runController(Object(App\Controllers\Factura))
 8 SYSTEMPATH\CodeIgniter.php(354): CodeIgniter\CodeIgniter->handleRequest(null, Object(Config\Cache), false)
 9 SYSTEMPATH\Boot.php(363): CodeIgniter\CodeIgniter->run()
10 SYSTEMPATH\Boot.php(68): CodeIgniter\Boot::runCodeIgniter(Object(CodeIgniter\CodeIgniter))
11 FCPATH\index.php(59): CodeIgniter\Boot::bootWeb(Object(Config\Paths))
WARNING - 2025-11-28 23:05:49 --> [DEPRECATED] strlen(): Passing null to parameter #1 ($string) of type string is deprecated in APPPATH\Libraries\cfdi_sat\satxmlsv33.php on line 232.
 1 APPPATH\Libraries\cfdi_sat\satxmlsv33.php(64): GeneraXML->satxmlsv33_cargaAtt(Object(DOMElement), [...])
 2 APPPATH\Libraries\cfdi_sat\satxmlsv33.php(39): GeneraXML->satxmlsv33_generales([...], '', 'C:\\xampp\\htdocs\\pos\\app\\Libraries/cfdi_sat/', '')
 3 APPPATH\Libraries\cfdi_sat\satxmlsv33.php(27): GeneraXML->satxmlsv33_genera_xml([...], '', 'C:\\xampp\\htdocs\\pos\\app\\Libraries/cfdi_sat/', '')
 4 APPPATH\Controllers\Factura.php(64): GeneraXML->satxmlsv33([...], '', 'C:\\xampp\\htdocs\\pos\\app\\Libraries/cfdi_sat/', '')
 5 SYSTEMPATH\CodeIgniter.php(933): App\Controllers\Factura->facturar('10')
 6 SYSTEMPATH\CodeIgniter.php(507): CodeIgniter\CodeIgniter->runController(Object(App\Controllers\Factura))
 7 SYSTEMPATH\CodeIgniter.php(354): CodeIgniter\CodeIgniter->handleRequest(null, Object(Config\Cache), false)
 8 SYSTEMPATH\Boot.php(363): CodeIgniter\CodeIgniter->run()
 9 SYSTEMPATH\Boot.php(68): CodeIgniter\Boot::runCodeIgniter(Object(CodeIgniter\CodeIgniter))
10 FCPATH\index.php(59): CodeIgniter\Boot::bootWeb(Object(Config\Paths))
WARNING - 2025-11-28 23:05:49 --> [DEPRECATED] preg_replace(): Passing null to parameter #3 ($subject) of type array|string is deprecated in APPPATH\Libraries\cfdi_sat\satxmlsv33.php on line 238.
 1 APPPATH\Libraries\cfdi_sat\satxmlsv33.php(238): preg_replace('/\\s\\s+/', ' ', null)
 2 APPPATH\Libraries\cfdi_sat\satxmlsv33.php(64): GeneraXML->satxmlsv33_cargaAtt(Object(DOMElement), [...])
 3 APPPATH\Libraries\cfdi_sat\satxmlsv33.php(39): GeneraXML->satxmlsv33_generales([...], '', 'C:\\xampp\\htdocs\\pos\\app\\Libraries/cfdi_sat/', '')
 4 APPPATH\Libraries\cfdi_sat\satxmlsv33.php(27): GeneraXML->satxmlsv33_genera_xml([...], '', 'C:\\xampp\\htdocs\\pos\\app\\Libraries/cfdi_sat/', '')
 5 APPPATH\Controllers\Factura.php(64): GeneraXML->satxmlsv33([...], '', 'C:\\xampp\\htdocs\\pos\\app\\Libraries/cfdi_sat/', '')
 6 SYSTEMPATH\CodeIgniter.php(933): App\Controllers\Factura->facturar('10')
 7 SYSTEMPATH\CodeIgniter.php(507): CodeIgniter\CodeIgniter->runController(Object(App\Controllers\Factura))
 8 SYSTEMPATH\CodeIgniter.php(354): CodeIgniter\CodeIgniter->handleRequest(null, Object(Config\Cache), false)
 9 SYSTEMPATH\Boot.php(363): CodeIgniter\CodeIgniter->run()
10 SYSTEMPATH\Boot.php(68): CodeIgniter\Boot::runCodeIgniter(Object(CodeIgniter\CodeIgniter))
11 FCPATH\index.php(59): CodeIgniter\Boot::bootWeb(Object(Config\Paths))
WARNING - 2025-11-28 23:05:49 --> [DEPRECATED] strlen(): Passing null to parameter #1 ($string) of type string is deprecated in APPPATH\Libraries\cfdi_sat\satxmlsv33.php on line 232.
 1 APPPATH\Libraries\cfdi_sat\satxmlsv33.php(64): GeneraXML->satxmlsv33_cargaAtt(Object(DOMElement), [...])
 2 APPPATH\Libraries\cfdi_sat\satxmlsv33.php(39): GeneraXML->satxmlsv33_generales([...], '', 'C:\\xampp\\htdocs\\pos\\app\\Libraries/cfdi_sat/', '')
 3 APPPATH\Libraries\cfdi_sat\satxmlsv33.php(27): GeneraXML->satxmlsv33_genera_xml([...], '', 'C:\\xampp\\htdocs\\pos\\app\\Libraries/cfdi_sat/', '')
 4 APPPATH\Controllers\Factura.php(64): GeneraXML->satxmlsv33([...], '', 'C:\\xampp\\htdocs\\pos\\app\\Libraries/cfdi_sat/', '')
 5 SYSTEMPATH\CodeIgniter.php(933): App\Controllers\Factura->facturar('10')
 6 SYSTEMPATH\CodeIgniter.php(507): CodeIgniter\CodeIgniter->runController(Object(App\Controllers\Factura))
 7 SYSTEMPATH\CodeIgniter.php(354): CodeIgniter\CodeIgniter->handleRequest(null, Object(Config\Cache), false)
 8 SYSTEMPATH\Boot.php(363): CodeIgniter\CodeIgniter->run()
 9 SYSTEMPATH\Boot.php(68): CodeIgniter\Boot::runCodeIgniter(Object(CodeIgniter\CodeIgniter))
10 FCPATH\index.php(59): CodeIgniter\Boot::bootWeb(Object(Config\Paths))
WARNING - 2025-11-28 23:05:49 --> [DEPRECATED] preg_replace(): Passing null to parameter #3 ($subject) of type array|string is deprecated in APPPATH\Libraries\cfdi_sat\satxmlsv33.php on line 238.
 1 APPPATH\Libraries\cfdi_sat\satxmlsv33.php(238): preg_replace('/\\s\\s+/', ' ', null)
 2 APPPATH\Libraries\cfdi_sat\satxmlsv33.php(64): GeneraXML->satxmlsv33_cargaAtt(Object(DOMElement), [...])
 3 APPPATH\Libraries\cfdi_sat\satxmlsv33.php(39): GeneraXML->satxmlsv33_generales([...], '', 'C:\\xampp\\htdocs\\pos\\app\\Libraries/cfdi_sat/', '')
 4 APPPATH\Libraries\cfdi_sat\satxmlsv33.php(27): GeneraXML->satxmlsv33_genera_xml([...], '', 'C:\\xampp\\htdocs\\pos\\app\\Libraries/cfdi_sat/', '')
 5 APPPATH\Controllers\Factura.php(64): GeneraXML->satxmlsv33([...], '', 'C:\\xampp\\htdocs\\pos\\app\\Libraries/cfdi_sat/', '')
 6 SYSTEMPATH\CodeIgniter.php(933): App\Controllers\Factura->facturar('10')
 7 SYSTEMPATH\CodeIgniter.php(507): CodeIgniter\CodeIgniter->runController(Object(App\Controllers\Factura))
 8 SYSTEMPATH\CodeIgniter.php(354): CodeIgniter\CodeIgniter->handleRequest(null, Object(Config\Cache), false)
 9 SYSTEMPATH\Boot.php(363): CodeIgniter\CodeIgniter->run()
10 SYSTEMPATH\Boot.php(68): CodeIgniter\Boot::runCodeIgniter(Object(CodeIgniter\CodeIgniter))
11 FCPATH\index.php(59): CodeIgniter\Boot::bootWeb(Object(Config\Paths))
WARNING - 2025-11-28 23:05:49 --> [DEPRECATED] Function utf8_encode() is deprecated in APPPATH\Libraries\cfdi_sat\satxmlsv33.php on line 242.
 1 APPPATH\Libraries\cfdi_sat\satxmlsv33.php(93): GeneraXML->satxmlsv33_cargaAtt(Object(DOMElement), [...])
 2 APPPATH\Libraries\cfdi_sat\satxmlsv33.php(40): GeneraXML->satxmlsv33_emisor([...], '', 'C:\\xampp\\htdocs\\pos\\app\\Libraries/cfdi_sat/', '')
 3 APPPATH\Libraries\cfdi_sat\satxmlsv33.php(27): GeneraXML->satxmlsv33_genera_xml([...], '', 'C:\\xampp\\htdocs\\pos\\app\\Libraries/cfdi_sat/', '')
 4 APPPATH\Controllers\Factura.php(64): GeneraXML->satxmlsv33([...], '', 'C:\\xampp\\htdocs\\pos\\app\\Libraries/cfdi_sat/', '')
 5 SYSTEMPATH\CodeIgniter.php(933): App\Controllers\Factura->facturar('10')
 6 SYSTEMPATH\CodeIgniter.php(507): CodeIgniter\CodeIgniter->runController(Object(App\Controllers\Factura))
 7 SYSTEMPATH\CodeIgniter.php(354): CodeIgniter\CodeIgniter->handleRequest(null, Object(Config\Cache), false)
 8 SYSTEMPATH\Boot.php(363): CodeIgniter\CodeIgniter->run()
 9 SYSTEMPATH\Boot.php(68): CodeIgniter\Boot::runCodeIgniter(Object(CodeIgniter\CodeIgniter))
10 FCPATH\index.php(59): CodeIgniter\Boot::bootWeb(Object(Config\Paths))
WARNING - 2025-11-28 23:05:49 --> [DEPRECATED] Function utf8_encode() is deprecated in APPPATH\Libraries\cfdi_sat\satxmlsv33.php on line 242.
 1 APPPATH\Libraries\cfdi_sat\satxmlsv33.php(93): GeneraXML->satxmlsv33_cargaAtt(Object(DOMElement), [...])
 2 APPPATH\Libraries\cfdi_sat\satxmlsv33.php(40): GeneraXML->satxmlsv33_emisor([...], '', 'C:\\xampp\\htdocs\\pos\\app\\Libraries/cfdi_sat/', '')
 3 APPPATH\Libraries\cfdi_sat\satxmlsv33.php(27): GeneraXML->satxmlsv33_genera_xml([...], '', 'C:\\xampp\\htdocs\\pos\\app\\Libraries/cfdi_sat/', '')
 4 APPPATH\Controllers\Factura.php(64): GeneraXML->satxmlsv33([...], '', 'C:\\xampp\\htdocs\\pos\\app\\Libraries/cfdi_sat/', '')
 5 SYSTEMPATH\CodeIgniter.php(933): App\Controllers\Factura->facturar('10')
 6 SYSTEMPATH\CodeIgniter.php(507): CodeIgniter\CodeIgniter->runController(Object(App\Controllers\Factura))
 7 SYSTEMPATH\CodeIgniter.php(354): CodeIgniter\CodeIgniter->handleRequest(null, Object(Config\Cache), false)
 8 SYSTEMPATH\Boot.php(363): CodeIgniter\CodeIgniter->run()
 9 SYSTEMPATH\Boot.php(68): CodeIgniter\Boot::runCodeIgniter(Object(CodeIgniter\CodeIgniter))
10 FCPATH\index.php(59): CodeIgniter\Boot::bootWeb(Object(Config\Paths))
WARNING - 2025-11-28 23:05:49 --> [DEPRECATED] Function utf8_encode() is deprecated in APPPATH\Libraries\cfdi_sat\satxmlsv33.php on line 242.
 1 APPPATH\Libraries\cfdi_sat\satxmlsv33.php(93): GeneraXML->satxmlsv33_cargaAtt(Object(DOMElement), [...])
 2 APPPATH\Libraries\cfdi_sat\satxmlsv33.php(40): GeneraXML->satxmlsv33_emisor([...], '', 'C:\\xampp\\htdocs\\pos\\app\\Libraries/cfdi_sat/', '')
 3 APPPATH\Libraries\cfdi_sat\satxmlsv33.php(27): GeneraXML->satxmlsv33_genera_xml([...], '', 'C:\\xampp\\htdocs\\pos\\app\\Libraries/cfdi_sat/', '')
 4 APPPATH\Controllers\Factura.php(64): GeneraXML->satxmlsv33([...], '', 'C:\\xampp\\htdocs\\pos\\app\\Libraries/cfdi_sat/', '')
 5 SYSTEMPATH\CodeIgniter.php(933): App\Controllers\Factura->facturar('10')
 6 SYSTEMPATH\CodeIgniter.php(507): CodeIgniter\CodeIgniter->runController(Object(App\Controllers\Factura))
 7 SYSTEMPATH\CodeIgniter.php(354): CodeIgniter\CodeIgniter->handleRequest(null, Object(Config\Cache), false)
 8 SYSTEMPATH\Boot.php(363): CodeIgniter\CodeIgniter->run()
 9 SYSTEMPATH\Boot.php(68): CodeIgniter\Boot::runCodeIgniter(Object(CodeIgniter\CodeIgniter))
10 FCPATH\index.php(59): CodeIgniter\Boot::bootWeb(Object(Config\Paths))
WARNING - 2025-11-28 23:05:49 --> [DEPRECATED] Function utf8_encode() is deprecated in APPPATH\Libraries\cfdi_sat\satxmlsv33.php on line 242.
 1 APPPATH\Libraries\cfdi_sat\satxmlsv33.php(105): GeneraXML->satxmlsv33_cargaAtt(Object(DOMElement), [...])
 2 APPPATH\Libraries\cfdi_sat\satxmlsv33.php(41): GeneraXML->satxmlsv33_receptor([...], '', 'C:\\xampp\\htdocs\\pos\\app\\Libraries/cfdi_sat/', '')
 3 APPPATH\Libraries\cfdi_sat\satxmlsv33.php(27): GeneraXML->satxmlsv33_genera_xml([...], '', 'C:\\xampp\\htdocs\\pos\\app\\Libraries/cfdi_sat/', '')
 4 APPPATH\Controllers\Factura.php(64): GeneraXML->satxmlsv33([...], '', 'C:\\xampp\\htdocs\\pos\\app\\Libraries/cfdi_sat/', '')
 5 SYSTEMPATH\CodeIgniter.php(933): App\Controllers\Factura->facturar('10')
 6 SYSTEMPATH\CodeIgniter.php(507): CodeIgniter\CodeIgniter->runController(Object(App\Controllers\Factura))
 7 SYSTEMPATH\CodeIgniter.php(354): CodeIgniter\CodeIgniter->handleRequest(null, Object(Config\Cache), false)
 8 SYSTEMPATH\Boot.php(363): CodeIgniter\CodeIgniter->run()
 9 SYSTEMPATH\Boot.php(68): CodeIgniter\Boot::runCodeIgniter(Object(CodeIgniter\CodeIgniter))
10 FCPATH\index.php(59): CodeIgniter\Boot::bootWeb(Object(Config\Paths))
WARNING - 2025-11-28 23:05:49 --> [DEPRECATED] Function utf8_encode() is deprecated in APPPATH\Libraries\cfdi_sat\satxmlsv33.php on line 242.
 1 APPPATH\Libraries\cfdi_sat\satxmlsv33.php(105): GeneraXML->satxmlsv33_cargaAtt(Object(DOMElement), [...])
 2 APPPATH\Libraries\cfdi_sat\satxmlsv33.php(41): GeneraXML->satxmlsv33_receptor([...], '', 'C:\\xampp\\htdocs\\pos\\app\\Libraries/cfdi_sat/', '')
 3 APPPATH\Libraries\cfdi_sat\satxmlsv33.php(27): GeneraXML->satxmlsv33_genera_xml([...], '', 'C:\\xampp\\htdocs\\pos\\app\\Libraries/cfdi_sat/', '')
 4 APPPATH\Controllers\Factura.php(64): GeneraXML->satxmlsv33([...], '', 'C:\\xampp\\htdocs\\pos\\app\\Libraries/cfdi_sat/', '')
 5 SYSTEMPATH\CodeIgniter.php(933): App\Controllers\Factura->facturar('10')
 6 SYSTEMPATH\CodeIgniter.php(507): CodeIgniter\CodeIgniter->runController(Object(App\Controllers\Factura))
 7 SYSTEMPATH\CodeIgniter.php(354): CodeIgniter\CodeIgniter->handleRequest(null, Object(Config\Cache), false)
 8 SYSTEMPATH\Boot.php(363): CodeIgniter\CodeIgniter->run()
 9 SYSTEMPATH\Boot.php(68): CodeIgniter\Boot::runCodeIgniter(Object(CodeIgniter\CodeIgniter))
10 FCPATH\index.php(59): CodeIgniter\Boot::bootWeb(Object(Config\Paths))
WARNING - 2025-11-28 23:05:49 --> [DEPRECATED] Function utf8_encode() is deprecated in APPPATH\Libraries\cfdi_sat\satxmlsv33.php on line 242.
 1 APPPATH\Libraries\cfdi_sat\satxmlsv33.php(105): GeneraXML->satxmlsv33_cargaAtt(Object(DOMElement), [...])
 2 APPPATH\Libraries\cfdi_sat\satxmlsv33.php(41): GeneraXML->satxmlsv33_receptor([...], '', 'C:\\xampp\\htdocs\\pos\\app\\Libraries/cfdi_sat/', '')
 3 APPPATH\Libraries\cfdi_sat\satxmlsv33.php(27): GeneraXML->satxmlsv33_genera_xml([...], '', 'C:\\xampp\\htdocs\\pos\\app\\Libraries/cfdi_sat/', '')
 4 APPPATH\Controllers\Factura.php(64): GeneraXML->satxmlsv33([...], '', 'C:\\xampp\\htdocs\\pos\\app\\Libraries/cfdi_sat/', '')
 5 SYSTEMPATH\CodeIgniter.php(933): App\Controllers\Factura->facturar('10')
 6 SYSTEMPATH\CodeIgniter.php(507): CodeIgniter\CodeIgniter->runController(Object(App\Controllers\Factura))
 7 SYSTEMPATH\CodeIgniter.php(354): CodeIgniter\CodeIgniter->handleRequest(null, Object(Config\Cache), false)
 8 SYSTEMPATH\Boot.php(363): CodeIgniter\CodeIgniter->run()
 9 SYSTEMPATH\Boot.php(68): CodeIgniter\Boot::runCodeIgniter(Object(CodeIgniter\CodeIgniter))
10 FCPATH\index.php(59): CodeIgniter\Boot::bootWeb(Object(Config\Paths))
WARNING - 2025-11-28 23:05:49 --> [DEPRECATED] Function utf8_encode() is deprecated in APPPATH\Libraries\cfdi_sat\satxmlsv33.php on line 242.
 1 APPPATH\Libraries\cfdi_sat\satxmlsv33.php(123): GeneraXML->satxmlsv33_cargaAtt(Object(DOMElement), [...])
 2 APPPATH\Libraries\cfdi_sat\satxmlsv33.php(42): GeneraXML->satxmlsv33_conceptos([...], '', 'C:\\xampp\\htdocs\\pos\\app\\Libraries/cfdi_sat/', '')
 3 APPPATH\Libraries\cfdi_sat\satxmlsv33.php(27): GeneraXML->satxmlsv33_genera_xml([...], '', 'C:\\xampp\\htdocs\\pos\\app\\Libraries/cfdi_sat/', '')
 4 APPPATH\Controllers\Factura.php(64): GeneraXML->satxmlsv33([...], '', 'C:\\xampp\\htdocs\\pos\\app\\Libraries/cfdi_sat/', '')
 5 SYSTEMPATH\CodeIgniter.php(933): App\Controllers\Factura->facturar('10')
 6 SYSTEMPATH\CodeIgniter.php(507): CodeIgniter\CodeIgniter->runController(Object(App\Controllers\Factura))
 7 SYSTEMPATH\CodeIgniter.php(354): CodeIgniter\CodeIgniter->handleRequest(null, Object(Config\Cache), false)
 8 SYSTEMPATH\Boot.php(363): CodeIgniter\CodeIgniter->run()
 9 SYSTEMPATH\Boot.php(68): CodeIgniter\Boot::runCodeIgniter(Object(CodeIgniter\CodeIgniter))
10 FCPATH\index.php(59): CodeIgniter\Boot::bootWeb(Object(Config\Paths))
WARNING - 2025-11-28 23:05:49 --> [DEPRECATED] Function utf8_encode() is deprecated in APPPATH\Libraries\cfdi_sat\satxmlsv33.php on line 242.
 1 APPPATH\Libraries\cfdi_sat\satxmlsv33.php(123): GeneraXML->satxmlsv33_cargaAtt(Object(DOMElement), [...])
 2 APPPATH\Libraries\cfdi_sat\satxmlsv33.php(42): GeneraXML->satxmlsv33_conceptos([...], '', 'C:\\xampp\\htdocs\\pos\\app\\Libraries/cfdi_sat/', '')
 3 APPPATH\Libraries\cfdi_sat\satxmlsv33.php(27): GeneraXML->satxmlsv33_genera_xml([...], '', 'C:\\xampp\\htdocs\\pos\\app\\Libraries/cfdi_sat/', '')
 4 APPPATH\Controllers\Factura.php(64): GeneraXML->satxmlsv33([...], '', 'C:\\xampp\\htdocs\\pos\\app\\Libraries/cfdi_sat/', '')
 5 SYSTEMPATH\CodeIgniter.php(933): App\Controllers\Factura->facturar('10')
 6 SYSTEMPATH\CodeIgniter.php(507): CodeIgniter\CodeIgniter->runController(Object(App\Controllers\Factura))
 7 SYSTEMPATH\CodeIgniter.php(354): CodeIgniter\CodeIgniter->handleRequest(null, Object(Config\Cache), false)
 8 SYSTEMPATH\Boot.php(363): CodeIgniter\CodeIgniter->run()
 9 SYSTEMPATH\Boot.php(68): CodeIgniter\Boot::runCodeIgniter(Object(CodeIgniter\CodeIgniter))
10 FCPATH\index.php(59): CodeIgniter\Boot::bootWeb(Object(Config\Paths))
WARNING - 2025-11-28 23:05:49 --> [DEPRECATED] Function utf8_encode() is deprecated in APPPATH\Libraries\cfdi_sat\satxmlsv33.php on line 242.
 1 APPPATH\Libraries\cfdi_sat\satxmlsv33.php(123): GeneraXML->satxmlsv33_cargaAtt(Object(DOMElement), [...])
 2 APPPATH\Libraries\cfdi_sat\satxmlsv33.php(42): GeneraXML->satxmlsv33_conceptos([...], '', 'C:\\xampp\\htdocs\\pos\\app\\Libraries/cfdi_sat/', '')
 3 APPPATH\Libraries\cfdi_sat\satxmlsv33.php(27): GeneraXML->satxmlsv33_genera_xml([...], '', 'C:\\xampp\\htdocs\\pos\\app\\Libraries/cfdi_sat/', '')
 4 APPPATH\Controllers\Factura.php(64): GeneraXML->satxmlsv33([...], '', 'C:\\xampp\\htdocs\\pos\\app\\Libraries/cfdi_sat/', '')
 5 SYSTEMPATH\CodeIgniter.php(933): App\Controllers\Factura->facturar('10')
 6 SYSTEMPATH\CodeIgniter.php(507): CodeIgniter\CodeIgniter->runController(Object(App\Controllers\Factura))
 7 SYSTEMPATH\CodeIgniter.php(354): CodeIgniter\CodeIgniter->handleRequest(null, Object(Config\Cache), false)
 8 SYSTEMPATH\Boot.php(363): CodeIgniter\CodeIgniter->run()
 9 SYSTEMPATH\Boot.php(68): CodeIgniter\Boot::runCodeIgniter(Object(CodeIgniter\CodeIgniter))
10 FCPATH\index.php(59): CodeIgniter\Boot::bootWeb(Object(Config\Paths))
WARNING - 2025-11-28 23:05:49 --> [DEPRECATED] Function utf8_encode() is deprecated in APPPATH\Libraries\cfdi_sat\satxmlsv33.php on line 242.
 1 APPPATH\Libraries\cfdi_sat\satxmlsv33.php(123): GeneraXML->satxmlsv33_cargaAtt(Object(DOMElement), [...])
 2 APPPATH\Libraries\cfdi_sat\satxmlsv33.php(42): GeneraXML->satxmlsv33_conceptos([...], '', 'C:\\xampp\\htdocs\\pos\\app\\Libraries/cfdi_sat/', '')
 3 APPPATH\Libraries\cfdi_sat\satxmlsv33.php(27): GeneraXML->satxmlsv33_genera_xml([...], '', 'C:\\xampp\\htdocs\\pos\\app\\Libraries/cfdi_sat/', '')
 4 APPPATH\Controllers\Factura.php(64): GeneraXML->satxmlsv33([...], '', 'C:\\xampp\\htdocs\\pos\\app\\Libraries/cfdi_sat/', '')
 5 SYSTEMPATH\CodeIgniter.php(933): App\Controllers\Factura->facturar('10')
 6 SYSTEMPATH\CodeIgniter.php(507): CodeIgniter\CodeIgniter->runController(Object(App\Controllers\Factura))
 7 SYSTEMPATH\CodeIgniter.php(354): CodeIgniter\CodeIgniter->handleRequest(null, Object(Config\Cache), false)
 8 SYSTEMPATH\Boot.php(363): CodeIgniter\CodeIgniter->run()
 9 SYSTEMPATH\Boot.php(68): CodeIgniter\Boot::runCodeIgniter(Object(CodeIgniter\CodeIgniter))
10 FCPATH\index.php(59): CodeIgniter\Boot::bootWeb(Object(Config\Paths))
WARNING - 2025-11-28 23:05:49 --> [DEPRECATED] Function utf8_encode() is deprecated in APPPATH\Libraries\cfdi_sat\satxmlsv33.php on line 242.
 1 APPPATH\Libraries\cfdi_sat\satxmlsv33.php(123): GeneraXML->satxmlsv33_cargaAtt(Object(DOMElement), [...])
 2 APPPATH\Libraries\cfdi_sat\satxmlsv33.php(42): GeneraXML->satxmlsv33_conceptos([...], '', 'C:\\xampp\\htdocs\\pos\\app\\Libraries/cfdi_sat/', '')
 3 APPPATH\Libraries\cfdi_sat\satxmlsv33.php(27): GeneraXML->satxmlsv33_genera_xml([...], '', 'C:\\xampp\\htdocs\\pos\\app\\Libraries/cfdi_sat/', '')
 4 APPPATH\Controllers\Factura.php(64): GeneraXML->satxmlsv33([...], '', 'C:\\xampp\\htdocs\\pos\\app\\Libraries/cfdi_sat/', '')
 5 SYSTEMPATH\CodeIgniter.php(933): App\Controllers\Factura->facturar('10')
 6 SYSTEMPATH\CodeIgniter.php(507): CodeIgniter\CodeIgniter->runController(Object(App\Controllers\Factura))
 7 SYSTEMPATH\CodeIgniter.php(354): CodeIgniter\CodeIgniter->handleRequest(null, Object(Config\Cache), false)
 8 SYSTEMPATH\Boot.php(363): CodeIgniter\CodeIgniter->run()
 9 SYSTEMPATH\Boot.php(68): CodeIgniter\Boot::runCodeIgniter(Object(CodeIgniter\CodeIgniter))
10 FCPATH\index.php(59): CodeIgniter\Boot::bootWeb(Object(Config\Paths))
WARNING - 2025-11-28 23:05:49 --> [DEPRECATED] Function utf8_encode() is deprecated in APPPATH\Libraries\cfdi_sat\satxmlsv33.php on line 242.
 1 APPPATH\Libraries\cfdi_sat\satxmlsv33.php(123): GeneraXML->satxmlsv33_cargaAtt(Object(DOMElement), [...])
 2 APPPATH\Libraries\cfdi_sat\satxmlsv33.php(42): GeneraXML->satxmlsv33_conceptos([...], '', 'C:\\xampp\\htdocs\\pos\\app\\Libraries/cfdi_sat/', '')
 3 APPPATH\Libraries\cfdi_sat\satxmlsv33.php(27): GeneraXML->satxmlsv33_genera_xml([...], '', 'C:\\xampp\\htdocs\\pos\\app\\Libraries/cfdi_sat/', '')
 4 APPPATH\Controllers\Factura.php(64): GeneraXML->satxmlsv33([...], '', 'C:\\xampp\\htdocs\\pos\\app\\Libraries/cfdi_sat/', '')
 5 SYSTEMPATH\CodeIgniter.php(933): App\Controllers\Factura->facturar('10')
 6 SYSTEMPATH\CodeIgniter.php(507): CodeIgniter\CodeIgniter->runController(Object(App\Controllers\Factura))
 7 SYSTEMPATH\CodeIgniter.php(354): CodeIgniter\CodeIgniter->handleRequest(null, Object(Config\Cache), false)
 8 SYSTEMPATH\Boot.php(363): CodeIgniter\CodeIgniter->run()
 9 SYSTEMPATH\Boot.php(68): CodeIgniter\Boot::runCodeIgniter(Object(CodeIgniter\CodeIgniter))
10 FCPATH\index.php(59): CodeIgniter\Boot::bootWeb(Object(Config\Paths))
WARNING - 2025-11-28 23:05:49 --> [DEPRECATED] Function utf8_encode() is deprecated in APPPATH\Libraries\cfdi_sat\satxmlsv33.php on line 242.
 1 APPPATH\Libraries\cfdi_sat\satxmlsv33.php(123): GeneraXML->satxmlsv33_cargaAtt(Object(DOMElement), [...])
 2 APPPATH\Libraries\cfdi_sat\satxmlsv33.php(42): GeneraXML->satxmlsv33_conceptos([...], '', 'C:\\xampp\\htdocs\\pos\\app\\Libraries/cfdi_sat/', '')
 3 APPPATH\Libraries\cfdi_sat\satxmlsv33.php(27): GeneraXML->satxmlsv33_genera_xml([...], '', 'C:\\xampp\\htdocs\\pos\\app\\Libraries/cfdi_sat/', '')
 4 APPPATH\Controllers\Factura.php(64): GeneraXML->satxmlsv33([...], '', 'C:\\xampp\\htdocs\\pos\\app\\Libraries/cfdi_sat/', '')
 5 SYSTEMPATH\CodeIgniter.php(933): App\Controllers\Factura->facturar('10')
 6 SYSTEMPATH\CodeIgniter.php(507): CodeIgniter\CodeIgniter->runController(Object(App\Controllers\Factura))
 7 SYSTEMPATH\CodeIgniter.php(354): CodeIgniter\CodeIgniter->handleRequest(null, Object(Config\Cache), false)
 8 SYSTEMPATH\Boot.php(363): CodeIgniter\CodeIgniter->run()
 9 SYSTEMPATH\Boot.php(68): CodeIgniter\Boot::runCodeIgniter(Object(CodeIgniter\CodeIgniter))
10 FCPATH\index.php(59): CodeIgniter\Boot::bootWeb(Object(Config\Paths))
WARNING - 2025-11-28 23:05:49 --> [DEPRECATED] Function utf8_encode() is deprecated in APPPATH\Libraries\cfdi_sat\satxmlsv33.php on line 242.
 1 APPPATH\Libraries\cfdi_sat\satxmlsv33.php(123): GeneraXML->satxmlsv33_cargaAtt(Object(DOMElement), [...])
 2 APPPATH\Libraries\cfdi_sat\satxmlsv33.php(42): GeneraXML->satxmlsv33_conceptos([...], '', 'C:\\xampp\\htdocs\\pos\\app\\Libraries/cfdi_sat/', '')
 3 APPPATH\Libraries\cfdi_sat\satxmlsv33.php(27): GeneraXML->satxmlsv33_genera_xml([...], '', 'C:\\xampp\\htdocs\\pos\\app\\Libraries/cfdi_sat/', '')
 4 APPPATH\Controllers\Factura.php(64): GeneraXML->satxmlsv33([...], '', 'C:\\xampp\\htdocs\\pos\\app\\Libraries/cfdi_sat/', '')
 5 SYSTEMPATH\CodeIgniter.php(933): App\Controllers\Factura->facturar('10')
 6 SYSTEMPATH\CodeIgniter.php(507): CodeIgniter\CodeIgniter->runController(Object(App\Controllers\Factura))
 7 SYSTEMPATH\CodeIgniter.php(354): CodeIgniter\CodeIgniter->handleRequest(null, Object(Config\Cache), false)
 8 SYSTEMPATH\Boot.php(363): CodeIgniter\CodeIgniter->run()
 9 SYSTEMPATH\Boot.php(68): CodeIgniter\Boot::runCodeIgniter(Object(CodeIgniter\CodeIgniter))
10 FCPATH\index.php(59): CodeIgniter\Boot::bootWeb(Object(Config\Paths))
WARNING - 2025-11-28 23:05:49 --> [DEPRECATED] Function utf8_encode() is deprecated in APPPATH\Libraries\cfdi_sat\satxmlsv33.php on line 242.
 1 APPPATH\Libraries\cfdi_sat\satxmlsv33.php(123): GeneraXML->satxmlsv33_cargaAtt(Object(DOMElement), [...])
 2 APPPATH\Libraries\cfdi_sat\satxmlsv33.php(42): GeneraXML->satxmlsv33_conceptos([...], '', 'C:\\xampp\\htdocs\\pos\\app\\Libraries/cfdi_sat/', '')
 3 APPPATH\Libraries\cfdi_sat\satxmlsv33.php(27): GeneraXML->satxmlsv33_genera_xml([...], '', 'C:\\xampp\\htdocs\\pos\\app\\Libraries/cfdi_sat/', '')
 4 APPPATH\Controllers\Factura.php(64): GeneraXML->satxmlsv33([...], '', 'C:\\xampp\\htdocs\\pos\\app\\Libraries/cfdi_sat/', '')
 5 SYSTEMPATH\CodeIgniter.php(933): App\Controllers\Factura->facturar('10')
 6 SYSTEMPATH\CodeIgniter.php(507): CodeIgniter\CodeIgniter->runController(Object(App\Controllers\Factura))
 7 SYSTEMPATH\CodeIgniter.php(354): CodeIgniter\CodeIgniter->handleRequest(null, Object(Config\Cache), false)
 8 SYSTEMPATH\Boot.php(363): CodeIgniter\CodeIgniter->run()
 9 SYSTEMPATH\Boot.php(68): CodeIgniter\Boot::runCodeIgniter(Object(CodeIgniter\CodeIgniter))
10 FCPATH\index.php(59): CodeIgniter\Boot::bootWeb(Object(Config\Paths))
WARNING - 2025-11-28 23:05:49 --> [DEPRECATED] Function utf8_encode() is deprecated in APPPATH\Libraries\cfdi_sat\satxmlsv33.php on line 242.
 1 APPPATH\Libraries\cfdi_sat\satxmlsv33.php(144): GeneraXML->satxmlsv33_cargaAtt(Object(DOMElement), [...])
 2 APPPATH\Libraries\cfdi_sat\satxmlsv33.php(42): GeneraXML->satxmlsv33_conceptos([...], '', 'C:\\xampp\\htdocs\\pos\\app\\Libraries/cfdi_sat/', '')
 3 APPPATH\Libraries\cfdi_sat\satxmlsv33.php(27): GeneraXML->satxmlsv33_genera_xml([...], '', 'C:\\xampp\\htdocs\\pos\\app\\Libraries/cfdi_sat/', '')
 4 APPPATH\Controllers\Factura.php(64): GeneraXML->satxmlsv33([...], '', 'C:\\xampp\\htdocs\\pos\\app\\Libraries/cfdi_sat/', '')
 5 SYSTEMPATH\CodeIgniter.php(933): App\Controllers\Factura->facturar('10')
 6 SYSTEMPATH\CodeIgniter.php(507): CodeIgniter\CodeIgniter->runController(Object(App\Controllers\Factura))
 7 SYSTEMPATH\CodeIgniter.php(354): CodeIgniter\CodeIgniter->handleRequest(null, Object(Config\Cache), false)
 8 SYSTEMPATH\Boot.php(363): CodeIgniter\CodeIgniter->run()
 9 SYSTEMPATH\Boot.php(68): CodeIgniter\Boot::runCodeIgniter(Object(CodeIgniter\CodeIgniter))
10 FCPATH\index.php(59): CodeIgniter\Boot::bootWeb(Object(Config\Paths))
WARNING - 2025-11-28 23:05:49 --> [DEPRECATED] Function utf8_encode() is deprecated in APPPATH\Libraries\cfdi_sat\satxmlsv33.php on line 242.
 1 APPPATH\Libraries\cfdi_sat\satxmlsv33.php(144): GeneraXML->satxmlsv33_cargaAtt(Object(DOMElement), [...])
 2 APPPATH\Libraries\cfdi_sat\satxmlsv33.php(42): GeneraXML->satxmlsv33_conceptos([...], '', 'C:\\xampp\\htdocs\\pos\\app\\Libraries/cfdi_sat/', '')
 3 APPPATH\Libraries\cfdi_sat\satxmlsv33.php(27): GeneraXML->satxmlsv33_genera_xml([...], '', 'C:\\xampp\\htdocs\\pos\\app\\Libraries/cfdi_sat/', '')
 4 APPPATH\Controllers\Factura.php(64): GeneraXML->satxmlsv33([...], '', 'C:\\xampp\\htdocs\\pos\\app\\Libraries/cfdi_sat/', '')
 5 SYSTEMPATH\CodeIgniter.php(933): App\Controllers\Factura->facturar('10')
 6 SYSTEMPATH\CodeIgniter.php(507): CodeIgniter\CodeIgniter->runController(Object(App\Controllers\Factura))
 7 SYSTEMPATH\CodeIgniter.php(354): CodeIgniter\CodeIgniter->handleRequest(null, Object(Config\Cache), false)
 8 SYSTEMPATH\Boot.php(363): CodeIgniter\CodeIgniter->run()
 9 SYSTEMPATH\Boot.php(68): CodeIgniter\Boot::runCodeIgniter(Object(CodeIgniter\CodeIgniter))
10 FCPATH\index.php(59): CodeIgniter\Boot::bootWeb(Object(Config\Paths))
WARNING - 2025-11-28 23:05:49 --> [DEPRECATED] Function utf8_encode() is deprecated in APPPATH\Libraries\cfdi_sat\satxmlsv33.php on line 242.
 1 APPPATH\Libraries\cfdi_sat\satxmlsv33.php(144): GeneraXML->satxmlsv33_cargaAtt(Object(DOMElement), [...])
 2 APPPATH\Libraries\cfdi_sat\satxmlsv33.php(42): GeneraXML->satxmlsv33_conceptos([...], '', 'C:\\xampp\\htdocs\\pos\\app\\Libraries/cfdi_sat/', '')
 3 APPPATH\Libraries\cfdi_sat\satxmlsv33.php(27): GeneraXML->satxmlsv33_genera_xml([...], '', 'C:\\xampp\\htdocs\\pos\\app\\Libraries/cfdi_sat/', '')
 4 APPPATH\Controllers\Factura.php(64): GeneraXML->satxmlsv33([...], '', 'C:\\xampp\\htdocs\\pos\\app\\Libraries/cfdi_sat/', '')
 5 SYSTEMPATH\CodeIgniter.php(933): App\Controllers\Factura->facturar('10')
 6 SYSTEMPATH\CodeIgniter.php(507): CodeIgniter\CodeIgniter->runController(Object(App\Controllers\Factura))
 7 SYSTEMPATH\CodeIgniter.php(354): CodeIgniter\CodeIgniter->handleRequest(null, Object(Config\Cache), false)
 8 SYSTEMPATH\Boot.php(363): CodeIgniter\CodeIgniter->run()
 9 SYSTEMPATH\Boot.php(68): CodeIgniter\Boot::runCodeIgniter(Object(CodeIgniter\CodeIgniter))
10 FCPATH\index.php(59): CodeIgniter\Boot::bootWeb(Object(Config\Paths))
WARNING - 2025-11-28 23:05:49 --> [DEPRECATED] Function utf8_encode() is deprecated in APPPATH\Libraries\cfdi_sat\satxmlsv33.php on line 242.
 1 APPPATH\Libraries\cfdi_sat\satxmlsv33.php(144): GeneraXML->satxmlsv33_cargaAtt(Object(DOMElement), [...])
 2 APPPATH\Libraries\cfdi_sat\satxmlsv33.php(42): GeneraXML->satxmlsv33_conceptos([...], '', 'C:\\xampp\\htdocs\\pos\\app\\Libraries/cfdi_sat/', '')
 3 APPPATH\Libraries\cfdi_sat\satxmlsv33.php(27): GeneraXML->satxmlsv33_genera_xml([...], '', 'C:\\xampp\\htdocs\\pos\\app\\Libraries/cfdi_sat/', '')
 4 APPPATH\Controllers\Factura.php(64): GeneraXML->satxmlsv33([...], '', 'C:\\xampp\\htdocs\\pos\\app\\Libraries/cfdi_sat/', '')
 5 SYSTEMPATH\CodeIgniter.php(933): App\Controllers\Factura->facturar('10')
 6 SYSTEMPATH\CodeIgniter.php(507): CodeIgniter\CodeIgniter->runController(Object(App\Controllers\Factura))
 7 SYSTEMPATH\CodeIgniter.php(354): CodeIgniter\CodeIgniter->handleRequest(null, Object(Config\Cache), false)
 8 SYSTEMPATH\Boot.php(363): CodeIgniter\CodeIgniter->run()
 9 SYSTEMPATH\Boot.php(68): CodeIgniter\Boot::runCodeIgniter(Object(CodeIgniter\CodeIgniter))
10 FCPATH\index.php(59): CodeIgniter\Boot::bootWeb(Object(Config\Paths))
WARNING - 2025-11-28 23:05:49 --> [DEPRECATED] Function utf8_encode() is deprecated in APPPATH\Libraries\cfdi_sat\satxmlsv33.php on line 242.
 1 APPPATH\Libraries\cfdi_sat\satxmlsv33.php(144): GeneraXML->satxmlsv33_cargaAtt(Object(DOMElement), [...])
 2 APPPATH\Libraries\cfdi_sat\satxmlsv33.php(42): GeneraXML->satxmlsv33_conceptos([...], '', 'C:\\xampp\\htdocs\\pos\\app\\Libraries/cfdi_sat/', '')
 3 APPPATH\Libraries\cfdi_sat\satxmlsv33.php(27): GeneraXML->satxmlsv33_genera_xml([...], '', 'C:\\xampp\\htdocs\\pos\\app\\Libraries/cfdi_sat/', '')
 4 APPPATH\Controllers\Factura.php(64): GeneraXML->satxmlsv33([...], '', 'C:\\xampp\\htdocs\\pos\\app\\Libraries/cfdi_sat/', '')
 5 SYSTEMPATH\CodeIgniter.php(933): App\Controllers\Factura->facturar('10')
 6 SYSTEMPATH\CodeIgniter.php(507): CodeIgniter\CodeIgniter->runController(Object(App\Controllers\Factura))
 7 SYSTEMPATH\CodeIgniter.php(354): CodeIgniter\CodeIgniter->handleRequest(null, Object(Config\Cache), false)
 8 SYSTEMPATH\Boot.php(363): CodeIgniter\CodeIgniter->run()
 9 SYSTEMPATH\Boot.php(68): CodeIgniter\Boot::runCodeIgniter(Object(CodeIgniter\CodeIgniter))
10 FCPATH\index.php(59): CodeIgniter\Boot::bootWeb(Object(Config\Paths))
WARNING - 2025-11-28 23:05:49 --> [DEPRECATED] Function utf8_encode() is deprecated in APPPATH\Libraries\cfdi_sat\satxmlsv33.php on line 242.
 1 APPPATH\Libraries\cfdi_sat\satxmlsv33.php(165): GeneraXML->satxmlsv33_cargaAtt(Object(DOMElement), [...])
 2 APPPATH\Libraries\cfdi_sat\satxmlsv33.php(43): GeneraXML->satxmlsv33_impuestos([...], '', 'C:\\xampp\\htdocs\\pos\\app\\Libraries/cfdi_sat/', '')
 3 APPPATH\Libraries\cfdi_sat\satxmlsv33.php(27): GeneraXML->satxmlsv33_genera_xml([...], '', 'C:\\xampp\\htdocs\\pos\\app\\Libraries/cfdi_sat/', '')
 4 APPPATH\Controllers\Factura.php(64): GeneraXML->satxmlsv33([...], '', 'C:\\xampp\\htdocs\\pos\\app\\Libraries/cfdi_sat/', '')
 5 SYSTEMPATH\CodeIgniter.php(933): App\Controllers\Factura->facturar('10')
 6 SYSTEMPATH\CodeIgniter.php(507): CodeIgniter\CodeIgniter->runController(Object(App\Controllers\Factura))
 7 SYSTEMPATH\CodeIgniter.php(354): CodeIgniter\CodeIgniter->handleRequest(null, Object(Config\Cache), false)
 8 SYSTEMPATH\Boot.php(363): CodeIgniter\CodeIgniter->run()
 9 SYSTEMPATH\Boot.php(68): CodeIgniter\Boot::runCodeIgniter(Object(CodeIgniter\CodeIgniter))
10 FCPATH\index.php(59): CodeIgniter\Boot::bootWeb(Object(Config\Paths))
WARNING - 2025-11-28 23:05:49 --> [DEPRECATED] Function utf8_encode() is deprecated in APPPATH\Libraries\cfdi_sat\satxmlsv33.php on line 242.
 1 APPPATH\Libraries\cfdi_sat\satxmlsv33.php(165): GeneraXML->satxmlsv33_cargaAtt(Object(DOMElement), [...])
 2 APPPATH\Libraries\cfdi_sat\satxmlsv33.php(43): GeneraXML->satxmlsv33_impuestos([...], '', 'C:\\xampp\\htdocs\\pos\\app\\Libraries/cfdi_sat/', '')
 3 APPPATH\Libraries\cfdi_sat\satxmlsv33.php(27): GeneraXML->satxmlsv33_genera_xml([...], '', 'C:\\xampp\\htdocs\\pos\\app\\Libraries/cfdi_sat/', '')
 4 APPPATH\Controllers\Factura.php(64): GeneraXML->satxmlsv33([...], '', 'C:\\xampp\\htdocs\\pos\\app\\Libraries/cfdi_sat/', '')
 5 SYSTEMPATH\CodeIgniter.php(933): App\Controllers\Factura->facturar('10')
 6 SYSTEMPATH\CodeIgniter.php(507): CodeIgniter\CodeIgniter->runController(Object(App\Controllers\Factura))
 7 SYSTEMPATH\CodeIgniter.php(354): CodeIgniter\CodeIgniter->handleRequest(null, Object(Config\Cache), false)
 8 SYSTEMPATH\Boot.php(363): CodeIgniter\CodeIgniter->run()
 9 SYSTEMPATH\Boot.php(68): CodeIgniter\Boot::runCodeIgniter(Object(CodeIgniter\CodeIgniter))
10 FCPATH\index.php(59): CodeIgniter\Boot::bootWeb(Object(Config\Paths))
WARNING - 2025-11-28 23:05:49 --> [DEPRECATED] Function utf8_encode() is deprecated in APPPATH\Libraries\cfdi_sat\satxmlsv33.php on line 242.
 1 APPPATH\Libraries\cfdi_sat\satxmlsv33.php(165): GeneraXML->satxmlsv33_cargaAtt(Object(DOMElement), [...])
 2 APPPATH\Libraries\cfdi_sat\satxmlsv33.php(43): GeneraXML->satxmlsv33_impuestos([...], '', 'C:\\xampp\\htdocs\\pos\\app\\Libraries/cfdi_sat/', '')
 3 APPPATH\Libraries\cfdi_sat\satxmlsv33.php(27): GeneraXML->satxmlsv33_genera_xml([...], '', 'C:\\xampp\\htdocs\\pos\\app\\Libraries/cfdi_sat/', '')
 4 APPPATH\Controllers\Factura.php(64): GeneraXML->satxmlsv33([...], '', 'C:\\xampp\\htdocs\\pos\\app\\Libraries/cfdi_sat/', '')
 5 SYSTEMPATH\CodeIgniter.php(933): App\Controllers\Factura->facturar('10')
 6 SYSTEMPATH\CodeIgniter.php(507): CodeIgniter\CodeIgniter->runController(Object(App\Controllers\Factura))
 7 SYSTEMPATH\CodeIgniter.php(354): CodeIgniter\CodeIgniter->handleRequest(null, Object(Config\Cache), false)
 8 SYSTEMPATH\Boot.php(363): CodeIgniter\CodeIgniter->run()
 9 SYSTEMPATH\Boot.php(68): CodeIgniter\Boot::runCodeIgniter(Object(CodeIgniter\CodeIgniter))
10 FCPATH\index.php(59): CodeIgniter\Boot::bootWeb(Object(Config\Paths))
WARNING - 2025-11-28 23:05:49 --> [DEPRECATED] Function utf8_encode() is deprecated in APPPATH\Libraries\cfdi_sat\satxmlsv33.php on line 242.
 1 APPPATH\Libraries\cfdi_sat\satxmlsv33.php(165): GeneraXML->satxmlsv33_cargaAtt(Object(DOMElement), [...])
 2 APPPATH\Libraries\cfdi_sat\satxmlsv33.php(43): GeneraXML->satxmlsv33_impuestos([...], '', 'C:\\xampp\\htdocs\\pos\\app\\Libraries/cfdi_sat/', '')
 3 APPPATH\Libraries\cfdi_sat\satxmlsv33.php(27): GeneraXML->satxmlsv33_genera_xml([...], '', 'C:\\xampp\\htdocs\\pos\\app\\Libraries/cfdi_sat/', '')
 4 APPPATH\Controllers\Factura.php(64): GeneraXML->satxmlsv33([...], '', 'C:\\xampp\\htdocs\\pos\\app\\Libraries/cfdi_sat/', '')
 5 SYSTEMPATH\CodeIgniter.php(933): App\Controllers\Factura->facturar('10')
 6 SYSTEMPATH\CodeIgniter.php(507): CodeIgniter\CodeIgniter->runController(Object(App\Controllers\Factura))
 7 SYSTEMPATH\CodeIgniter.php(354): CodeIgniter\CodeIgniter->handleRequest(null, Object(Config\Cache), false)
 8 SYSTEMPATH\Boot.php(363): CodeIgniter\CodeIgniter->run()
 9 SYSTEMPATH\Boot.php(68): CodeIgniter\Boot::runCodeIgniter(Object(CodeIgniter\CodeIgniter))
10 FCPATH\index.php(59): CodeIgniter\Boot::bootWeb(Object(Config\Paths))
WARNING - 2025-11-28 23:06:15 --> [DEPRECATED] Function openssl_free_key() is deprecated in APPPATH\Libraries\cfdi_sat\satxmlsv33.php on line 199.
 1 APPPATH\Libraries\cfdi_sat\satxmlsv33.php(29): GeneraXML->satxmlsv33_sella([...], 'C:\\xampp\\htdocs\\pos\\app\\Libraries/cfdi_sat/')
 2 APPPATH\Controllers\Factura.php(64): GeneraXML->satxmlsv33([...], '', 'C:\\xampp\\htdocs\\pos\\app\\Libraries/cfdi_sat/', '')
 3 SYSTEMPATH\CodeIgniter.php(933): App\Controllers\Factura->facturar('10')
 4 SYSTEMPATH\CodeIgniter.php(507): CodeIgniter\CodeIgniter->runController(Object(App\Controllers\Factura))
 5 SYSTEMPATH\CodeIgniter.php(354): CodeIgniter\CodeIgniter->handleRequest(null, Object(Config\Cache), false)
 6 SYSTEMPATH\Boot.php(363): CodeIgniter\CodeIgniter->run()
 7 SYSTEMPATH\Boot.php(68): CodeIgniter\Boot::runCodeIgniter(Object(CodeIgniter\CodeIgniter))
 8 FCPATH\index.php(59): CodeIgniter\Boot::bootWeb(Object(Config\Paths))
WARNING - 2025-11-28 23:06:16 --> [DEPRECATED] base64_decode(): Passing null to parameter #1 ($string) of type string is deprecated in APPPATH\Controllers\Factura.php on line 71.
 1 APPPATH\Controllers\Factura.php(71): base64_decode(null)
 2 SYSTEMPATH\CodeIgniter.php(933): App\Controllers\Factura->facturar('10')
 3 SYSTEMPATH\CodeIgniter.php(507): CodeIgniter\CodeIgniter->runController(Object(App\Controllers\Factura))
 4 SYSTEMPATH\CodeIgniter.php(354): CodeIgniter\CodeIgniter->handleRequest(null, Object(Config\Cache), false)
 5 SYSTEMPATH\Boot.php(363): CodeIgniter\CodeIgniter->run()
 6 SYSTEMPATH\Boot.php(68): CodeIgniter\Boot::runCodeIgniter(Object(CodeIgniter\CodeIgniter))
 7 FCPATH\index.php(59): CodeIgniter\Boot::bootWeb(Object(Config\Paths))
