DEBUG - 2025-11-29 00:01:49 --> Session: Class initialized using 'CodeIgniter\Session\Handlers\FileHandler' driver.
DEBUG - 2025-11-29 00:01:51 --> Session: Class initialized using 'CodeIgniter\Session\Handlers\FileHandler' driver.
DEBUG - 2025-11-29 00:12:15 --> Session: Class initialized using 'CodeIgniter\Session\Handlers\FileHandler' driver.
DEBUG - 2025-11-29 00:12:16 --> Session: Class initialized using 'CodeIgniter\Session\Handlers\FileHandler' driver.
DEBUG - 2025-11-29 00:14:11 --> Session: Class initialized using 'CodeIgniter\Session\Handlers\FileHandler' driver.
DEBUG - 2025-11-29 00:14:14 --> Session: Class initialized using 'CodeIgniter\Session\Handlers\FileHandler' driver.
DEBUG - 2025-11-29 00:25:48 --> Session: Class initialized using 'CodeIgniter\Session\Handlers\FileHandler' driver.
CRITICAL - 2025-11-29 00:25:48 --> ErrorException: Undefined array key "monto_final"
[Method: GET, Route: cajas/cerrar/1]
in APPPATH\Views\cajas\cerrar.php on line 51.
 1 APPPATH\Views\cajas\cerrar.php(51): CodeIgniter\Debug\Exceptions->errorHandler(2, 'Undefined array key "monto_final"', 'C:\\xampp\\htdocs\\pos\\app\\Views\\cajas\\cerrar.php', 51)
 2 SYSTEMPATH\View\View.php(226): include('C:\\xampp\\htdocs\\pos\\app\\Views\\cajas\\cerrar.php')
 3 SYSTEMPATH\View\View.php(229): CodeIgniter\View\View->CodeIgniter\View\{closure}()
 4 SYSTEMPATH\Common.php(1167): CodeIgniter\View\View->render('cajas/cerrar', [], true)
 5 APPPATH\Controllers\Cajas.php(239): view('cajas/cerrar', [...])
 6 SYSTEMPATH\CodeIgniter.php(933): App\Controllers\Cajas->cerrar('1')
 7 SYSTEMPATH\CodeIgniter.php(507): CodeIgniter\CodeIgniter->runController(Object(App\Controllers\Cajas))
 8 SYSTEMPATH\CodeIgniter.php(354): CodeIgniter\CodeIgniter->handleRequest(null, Object(Config\Cache), false)
 9 SYSTEMPATH\Boot.php(363): CodeIgniter\CodeIgniter->run()
10 SYSTEMPATH\Boot.php(68): CodeIgniter\Boot::runCodeIgniter(Object(CodeIgniter\CodeIgniter))
11 FCPATH\index.php(59): CodeIgniter\Boot::bootWeb(Object(Config\Paths))
DEBUG - 2025-11-29 00:28:14 --> Session: Class initialized using 'CodeIgniter\Session\Handlers\FileHandler' driver.
CRITICAL - 2025-11-29 00:28:14 --> ErrorException: Undefined array key "monto_inicial"
[Method: GET, Route: cajas/cerrar/1]
in APPPATH\Views\cajas\cerrar.php on line 45.
 1 APPPATH\Views\cajas\cerrar.php(45): CodeIgniter\Debug\Exceptions->errorHandler(2, 'Undefined array key "monto_inicial"', 'C:\\xampp\\htdocs\\pos\\app\\Views\\cajas\\cerrar.php', 45)
 2 SYSTEMPATH\View\View.php(226): include('C:\\xampp\\htdocs\\pos\\app\\Views\\cajas\\cerrar.php')
 3 SYSTEMPATH\View\View.php(229): CodeIgniter\View\View->CodeIgniter\View\{closure}()
 4 SYSTEMPATH\Common.php(1167): CodeIgniter\View\View->render('cajas/cerrar', [], true)
 5 APPPATH\Controllers\Cajas.php(239): view('cajas/cerrar', [...])
 6 SYSTEMPATH\CodeIgniter.php(933): App\Controllers\Cajas->cerrar('1')
 7 SYSTEMPATH\CodeIgniter.php(507): CodeIgniter\CodeIgniter->runController(Object(App\Controllers\Cajas))
 8 SYSTEMPATH\CodeIgniter.php(354): CodeIgniter\CodeIgniter->handleRequest(null, Object(Config\Cache), false)
 9 SYSTEMPATH\Boot.php(363): CodeIgniter\CodeIgniter->run()
10 SYSTEMPATH\Boot.php(68): CodeIgniter\Boot::runCodeIgniter(Object(CodeIgniter\CodeIgniter))
11 FCPATH\index.php(59): CodeIgniter\Boot::bootWeb(Object(Config\Paths))
DEBUG - 2025-11-29 00:28:18 --> Session: Class initialized using 'CodeIgniter\Session\Handlers\FileHandler' driver.
CRITICAL - 2025-11-29 00:28:18 --> ErrorException: Undefined array key "monto_inicial"
[Method: GET, Route: cajas/cerrar/1]
in APPPATH\Views\cajas\cerrar.php on line 45.
 1 APPPATH\Views\cajas\cerrar.php(45): CodeIgniter\Debug\Exceptions->errorHandler(2, 'Undefined array key "monto_inicial"', 'C:\\xampp\\htdocs\\pos\\app\\Views\\cajas\\cerrar.php', 45)
 2 SYSTEMPATH\View\View.php(226): include('C:\\xampp\\htdocs\\pos\\app\\Views\\cajas\\cerrar.php')
 3 SYSTEMPATH\View\View.php(229): CodeIgniter\View\View->CodeIgniter\View\{closure}()
 4 SYSTEMPATH\Common.php(1167): CodeIgniter\View\View->render('cajas/cerrar', [], true)
 5 APPPATH\Controllers\Cajas.php(239): view('cajas/cerrar', [...])
 6 SYSTEMPATH\CodeIgniter.php(933): App\Controllers\Cajas->cerrar('1')
 7 SYSTEMPATH\CodeIgniter.php(507): CodeIgniter\CodeIgniter->runController(Object(App\Controllers\Cajas))
 8 SYSTEMPATH\CodeIgniter.php(354): CodeIgniter\CodeIgniter->handleRequest(null, Object(Config\Cache), false)
 9 SYSTEMPATH\Boot.php(363): CodeIgniter\CodeIgniter->run()
10 SYSTEMPATH\Boot.php(68): CodeIgniter\Boot::runCodeIgniter(Object(CodeIgniter\CodeIgniter))
11 FCPATH\index.php(59): CodeIgniter\Boot::bootWeb(Object(Config\Paths))
DEBUG - 2025-11-29 00:29:14 --> Session: Class initialized using 'CodeIgniter\Session\Handlers\FileHandler' driver.
CRITICAL - 2025-11-29 00:29:14 --> ErrorException: Undefined array key "monto_inicial"
[Method: GET, Route: cajas/cerrar/1]
in APPPATH\Views\cajas\cerrar.php on line 45.
 1 APPPATH\Views\cajas\cerrar.php(45): CodeIgniter\Debug\Exceptions->errorHandler(2, 'Undefined array key "monto_inicial"', 'C:\\xampp\\htdocs\\pos\\app\\Views\\cajas\\cerrar.php', 45)
 2 SYSTEMPATH\View\View.php(226): include('C:\\xampp\\htdocs\\pos\\app\\Views\\cajas\\cerrar.php')
 3 SYSTEMPATH\View\View.php(229): CodeIgniter\View\View->CodeIgniter\View\{closure}()
 4 SYSTEMPATH\Common.php(1167): CodeIgniter\View\View->render('cajas/cerrar', [], true)
 5 APPPATH\Controllers\Cajas.php(239): view('cajas/cerrar', [...])
 6 SYSTEMPATH\CodeIgniter.php(933): App\Controllers\Cajas->cerrar('1')
 7 SYSTEMPATH\CodeIgniter.php(507): CodeIgniter\CodeIgniter->runController(Object(App\Controllers\Cajas))
 8 SYSTEMPATH\CodeIgniter.php(354): CodeIgniter\CodeIgniter->handleRequest(null, Object(Config\Cache), false)
 9 SYSTEMPATH\Boot.php(363): CodeIgniter\CodeIgniter->run()
10 SYSTEMPATH\Boot.php(68): CodeIgniter\Boot::runCodeIgniter(Object(CodeIgniter\CodeIgniter))
11 FCPATH\index.php(59): CodeIgniter\Boot::bootWeb(Object(Config\Paths))
DEBUG - 2025-11-29 00:31:01 --> Session: Class initialized using 'CodeIgniter\Session\Handlers\FileHandler' driver.
CRITICAL - 2025-11-29 00:31:01 --> ErrorException: Undefined array key "numero_caja"
[Method: GET, Route: cajas/cerrar/1]
in APPPATH\Views\cajas\cerrar.php on line 29.
 1 APPPATH\Views\cajas\cerrar.php(29): CodeIgniter\Debug\Exceptions->errorHandler(2, 'Undefined array key "numero_caja"', 'C:\\xampp\\htdocs\\pos\\app\\Views\\cajas\\cerrar.php', 29)
 2 SYSTEMPATH\View\View.php(226): include('C:\\xampp\\htdocs\\pos\\app\\Views\\cajas\\cerrar.php')
 3 SYSTEMPATH\View\View.php(229): CodeIgniter\View\View->CodeIgniter\View\{closure}()
 4 SYSTEMPATH\Common.php(1167): CodeIgniter\View\View->render('cajas/cerrar', [], true)
 5 APPPATH\Controllers\Cajas.php(239): view('cajas/cerrar', [...])
 6 SYSTEMPATH\CodeIgniter.php(933): App\Controllers\Cajas->cerrar('1')
 7 SYSTEMPATH\CodeIgniter.php(507): CodeIgniter\CodeIgniter->runController(Object(App\Controllers\Cajas))
 8 SYSTEMPATH\CodeIgniter.php(354): CodeIgniter\CodeIgniter->handleRequest(null, Object(Config\Cache), false)
 9 SYSTEMPATH\Boot.php(363): CodeIgniter\CodeIgniter->run()
10 SYSTEMPATH\Boot.php(68): CodeIgniter\Boot::runCodeIgniter(Object(CodeIgniter\CodeIgniter))
11 FCPATH\index.php(59): CodeIgniter\Boot::bootWeb(Object(Config\Paths))
DEBUG - 2025-11-29 00:36:37 --> Session: Class initialized using 'CodeIgniter\Session\Handlers\FileHandler' driver.
CRITICAL - 2025-11-29 00:36:37 --> ErrorException: Undefined array key "numero_caja"
[Method: GET, Route: cajas/cerrar/1]
in APPPATH\Views\cajas\cerrar.php on line 29.
 1 APPPATH\Views\cajas\cerrar.php(29): CodeIgniter\Debug\Exceptions->errorHandler(2, 'Undefined array key "numero_caja"', 'C:\\xampp\\htdocs\\pos\\app\\Views\\cajas\\cerrar.php', 29)
 2 SYSTEMPATH\View\View.php(226): include('C:\\xampp\\htdocs\\pos\\app\\Views\\cajas\\cerrar.php')
 3 SYSTEMPATH\View\View.php(229): CodeIgniter\View\View->CodeIgniter\View\{closure}()
 4 SYSTEMPATH\Common.php(1167): CodeIgniter\View\View->render('cajas/cerrar', [], true)
 5 APPPATH\Controllers\Cajas.php(254): view('cajas/cerrar', [...])
 6 SYSTEMPATH\CodeIgniter.php(933): App\Controllers\Cajas->cerrar('1')
 7 SYSTEMPATH\CodeIgniter.php(507): CodeIgniter\CodeIgniter->runController(Object(App\Controllers\Cajas))
 8 SYSTEMPATH\CodeIgniter.php(354): CodeIgniter\CodeIgniter->handleRequest(null, Object(Config\Cache), false)
 9 SYSTEMPATH\Boot.php(363): CodeIgniter\CodeIgniter->run()
10 SYSTEMPATH\Boot.php(68): CodeIgniter\Boot::runCodeIgniter(Object(CodeIgniter\CodeIgniter))
11 FCPATH\index.php(59): CodeIgniter\Boot::bootWeb(Object(Config\Paths))
DEBUG - 2025-11-29 00:36:38 --> Session: Class initialized using 'CodeIgniter\Session\Handlers\FileHandler' driver.
CRITICAL - 2025-11-29 00:36:38 --> ErrorException: Undefined array key "numero_caja"
[Method: GET, Route: cajas/cerrar/1]
in APPPATH\Views\cajas\cerrar.php on line 29.
 1 APPPATH\Views\cajas\cerrar.php(29): CodeIgniter\Debug\Exceptions->errorHandler(2, 'Undefined array key "numero_caja"', 'C:\\xampp\\htdocs\\pos\\app\\Views\\cajas\\cerrar.php', 29)
 2 SYSTEMPATH\View\View.php(226): include('C:\\xampp\\htdocs\\pos\\app\\Views\\cajas\\cerrar.php')
 3 SYSTEMPATH\View\View.php(229): CodeIgniter\View\View->CodeIgniter\View\{closure}()
 4 SYSTEMPATH\Common.php(1167): CodeIgniter\View\View->render('cajas/cerrar', [], true)
 5 APPPATH\Controllers\Cajas.php(254): view('cajas/cerrar', [...])
 6 SYSTEMPATH\CodeIgniter.php(933): App\Controllers\Cajas->cerrar('1')
 7 SYSTEMPATH\CodeIgniter.php(507): CodeIgniter\CodeIgniter->runController(Object(App\Controllers\Cajas))
 8 SYSTEMPATH\CodeIgniter.php(354): CodeIgniter\CodeIgniter->handleRequest(null, Object(Config\Cache), false)
 9 SYSTEMPATH\Boot.php(363): CodeIgniter\CodeIgniter->run()
10 SYSTEMPATH\Boot.php(68): CodeIgniter\Boot::runCodeIgniter(Object(CodeIgniter\CodeIgniter))
11 FCPATH\index.php(59): CodeIgniter\Boot::bootWeb(Object(Config\Paths))
DEBUG - 2025-11-29 00:36:40 --> Session: Class initialized using 'CodeIgniter\Session\Handlers\FileHandler' driver.
DEBUG - 2025-11-29 00:36:42 --> Session: Class initialized using 'CodeIgniter\Session\Handlers\FileHandler' driver.
DEBUG - 2025-11-29 00:36:47 --> Session: Class initialized using 'CodeIgniter\Session\Handlers\FileHandler' driver.
CRITICAL - 2025-11-29 00:36:48 --> ErrorException: Undefined array key "numero_caja"
[Method: GET, Route: cajas/cerrar/1]
in APPPATH\Views\cajas\cerrar.php on line 29.
 1 APPPATH\Views\cajas\cerrar.php(29): CodeIgniter\Debug\Exceptions->errorHandler(2, 'Undefined array key "numero_caja"', 'C:\\xampp\\htdocs\\pos\\app\\Views\\cajas\\cerrar.php', 29)
 2 SYSTEMPATH\View\View.php(226): include('C:\\xampp\\htdocs\\pos\\app\\Views\\cajas\\cerrar.php')
 3 SYSTEMPATH\View\View.php(229): CodeIgniter\View\View->CodeIgniter\View\{closure}()
 4 SYSTEMPATH\Common.php(1167): CodeIgniter\View\View->render('cajas/cerrar', [], true)
 5 APPPATH\Controllers\Cajas.php(254): view('cajas/cerrar', [...])
 6 SYSTEMPATH\CodeIgniter.php(933): App\Controllers\Cajas->cerrar('1')
 7 SYSTEMPATH\CodeIgniter.php(507): CodeIgniter\CodeIgniter->runController(Object(App\Controllers\Cajas))
 8 SYSTEMPATH\CodeIgniter.php(354): CodeIgniter\CodeIgniter->handleRequest(null, Object(Config\Cache), false)
 9 SYSTEMPATH\Boot.php(363): CodeIgniter\CodeIgniter->run()
10 SYSTEMPATH\Boot.php(68): CodeIgniter\Boot::runCodeIgniter(Object(CodeIgniter\CodeIgniter))
11 FCPATH\index.php(59): CodeIgniter\Boot::bootWeb(Object(Config\Paths))
DEBUG - 2025-11-29 00:39:23 --> Session: Class initialized using 'CodeIgniter\Session\Handlers\FileHandler' driver.
CRITICAL - 2025-11-29 00:39:23 --> ErrorException: Undefined array key "monto_inicial"
[Method: GET, Route: cajas/cerrar/1]
in APPPATH\Views\cajas\cerrar.php on line 45.
 1 APPPATH\Views\cajas\cerrar.php(45): CodeIgniter\Debug\Exceptions->errorHandler(2, 'Undefined array key "monto_inicial"', 'C:\\xampp\\htdocs\\pos\\app\\Views\\cajas\\cerrar.php', 45)
 2 SYSTEMPATH\View\View.php(226): include('C:\\xampp\\htdocs\\pos\\app\\Views\\cajas\\cerrar.php')
 3 SYSTEMPATH\View\View.php(229): CodeIgniter\View\View->CodeIgniter\View\{closure}()
 4 SYSTEMPATH\Common.php(1167): CodeIgniter\View\View->render('cajas/cerrar', [], true)
 5 APPPATH\Controllers\Cajas.php(245): view('cajas/cerrar', [...])
 6 SYSTEMPATH\CodeIgniter.php(933): App\Controllers\Cajas->cerrar('1')
 7 SYSTEMPATH\CodeIgniter.php(507): CodeIgniter\CodeIgniter->runController(Object(App\Controllers\Cajas))
 8 SYSTEMPATH\CodeIgniter.php(354): CodeIgniter\CodeIgniter->handleRequest(null, Object(Config\Cache), false)
 9 SYSTEMPATH\Boot.php(363): CodeIgniter\CodeIgniter->run()
10 SYSTEMPATH\Boot.php(68): CodeIgniter\Boot::runCodeIgniter(Object(CodeIgniter\CodeIgniter))
11 FCPATH\index.php(59): CodeIgniter\Boot::bootWeb(Object(Config\Paths))
DEBUG - 2025-11-29 00:39:24 --> Session: Class initialized using 'CodeIgniter\Session\Handlers\FileHandler' driver.
CRITICAL - 2025-11-29 00:39:24 --> ErrorException: Undefined array key "monto_inicial"
[Method: GET, Route: cajas/cerrar/1]
in APPPATH\Views\cajas\cerrar.php on line 45.
 1 APPPATH\Views\cajas\cerrar.php(45): CodeIgniter\Debug\Exceptions->errorHandler(2, 'Undefined array key "monto_inicial"', 'C:\\xampp\\htdocs\\pos\\app\\Views\\cajas\\cerrar.php', 45)
 2 SYSTEMPATH\View\View.php(226): include('C:\\xampp\\htdocs\\pos\\app\\Views\\cajas\\cerrar.php')
 3 SYSTEMPATH\View\View.php(229): CodeIgniter\View\View->CodeIgniter\View\{closure}()
 4 SYSTEMPATH\Common.php(1167): CodeIgniter\View\View->render('cajas/cerrar', [], true)
 5 APPPATH\Controllers\Cajas.php(245): view('cajas/cerrar', [...])
 6 SYSTEMPATH\CodeIgniter.php(933): App\Controllers\Cajas->cerrar('1')
 7 SYSTEMPATH\CodeIgniter.php(507): CodeIgniter\CodeIgniter->runController(Object(App\Controllers\Cajas))
 8 SYSTEMPATH\CodeIgniter.php(354): CodeIgniter\CodeIgniter->handleRequest(null, Object(Config\Cache), false)
 9 SYSTEMPATH\Boot.php(363): CodeIgniter\CodeIgniter->run()
10 SYSTEMPATH\Boot.php(68): CodeIgniter\Boot::runCodeIgniter(Object(CodeIgniter\CodeIgniter))
11 FCPATH\index.php(59): CodeIgniter\Boot::bootWeb(Object(Config\Paths))
DEBUG - 2025-11-29 00:39:25 --> Session: Class initialized using 'CodeIgniter\Session\Handlers\FileHandler' driver.
CRITICAL - 2025-11-29 00:39:25 --> ErrorException: Undefined array key "monto_inicial"
[Method: GET, Route: cajas/cerrar/1]
in APPPATH\Views\cajas\cerrar.php on line 45.
 1 APPPATH\Views\cajas\cerrar.php(45): CodeIgniter\Debug\Exceptions->errorHandler(2, 'Undefined array key "monto_inicial"', 'C:\\xampp\\htdocs\\pos\\app\\Views\\cajas\\cerrar.php', 45)
 2 SYSTEMPATH\View\View.php(226): include('C:\\xampp\\htdocs\\pos\\app\\Views\\cajas\\cerrar.php')
 3 SYSTEMPATH\View\View.php(229): CodeIgniter\View\View->CodeIgniter\View\{closure}()
 4 SYSTEMPATH\Common.php(1167): CodeIgniter\View\View->render('cajas/cerrar', [], true)
 5 APPPATH\Controllers\Cajas.php(245): view('cajas/cerrar', [...])
 6 SYSTEMPATH\CodeIgniter.php(933): App\Controllers\Cajas->cerrar('1')
 7 SYSTEMPATH\CodeIgniter.php(507): CodeIgniter\CodeIgniter->runController(Object(App\Controllers\Cajas))
 8 SYSTEMPATH\CodeIgniter.php(354): CodeIgniter\CodeIgniter->handleRequest(null, Object(Config\Cache), false)
 9 SYSTEMPATH\Boot.php(363): CodeIgniter\CodeIgniter->run()
10 SYSTEMPATH\Boot.php(68): CodeIgniter\Boot::runCodeIgniter(Object(CodeIgniter\CodeIgniter))
11 FCPATH\index.php(59): CodeIgniter\Boot::bootWeb(Object(Config\Paths))
DEBUG - 2025-11-29 00:39:31 --> Session: Class initialized using 'CodeIgniter\Session\Handlers\FileHandler' driver.
CRITICAL - 2025-11-29 00:39:31 --> ErrorException: Undefined array key "monto_inicial"
[Method: GET, Route: cajas/cerrar/1]
in APPPATH\Views\cajas\cerrar.php on line 45.
 1 APPPATH\Views\cajas\cerrar.php(45): CodeIgniter\Debug\Exceptions->errorHandler(2, 'Undefined array key "monto_inicial"', 'C:\\xampp\\htdocs\\pos\\app\\Views\\cajas\\cerrar.php', 45)
 2 SYSTEMPATH\View\View.php(226): include('C:\\xampp\\htdocs\\pos\\app\\Views\\cajas\\cerrar.php')
 3 SYSTEMPATH\View\View.php(229): CodeIgniter\View\View->CodeIgniter\View\{closure}()
 4 SYSTEMPATH\Common.php(1167): CodeIgniter\View\View->render('cajas/cerrar', [], true)
 5 APPPATH\Controllers\Cajas.php(245): view('cajas/cerrar', [...])
 6 SYSTEMPATH\CodeIgniter.php(933): App\Controllers\Cajas->cerrar('1')
 7 SYSTEMPATH\CodeIgniter.php(507): CodeIgniter\CodeIgniter->runController(Object(App\Controllers\Cajas))
 8 SYSTEMPATH\CodeIgniter.php(354): CodeIgniter\CodeIgniter->handleRequest(null, Object(Config\Cache), false)
 9 SYSTEMPATH\Boot.php(363): CodeIgniter\CodeIgniter->run()
10 SYSTEMPATH\Boot.php(68): CodeIgniter\Boot::runCodeIgniter(Object(CodeIgniter\CodeIgniter))
11 FCPATH\index.php(59): CodeIgniter\Boot::bootWeb(Object(Config\Paths))
DEBUG - 2025-11-29 00:39:49 --> Session: Class initialized using 'CodeIgniter\Session\Handlers\FileHandler' driver.
CRITICAL - 2025-11-29 00:39:49 --> ErrorException: Undefined array key "monto_inicial"
[Method: GET, Route: cajas/cerrar/1]
in APPPATH\Views\cajas\cerrar.php on line 45.
 1 APPPATH\Views\cajas\cerrar.php(45): CodeIgniter\Debug\Exceptions->errorHandler(2, 'Undefined array key "monto_inicial"', 'C:\\xampp\\htdocs\\pos\\app\\Views\\cajas\\cerrar.php', 45)
 2 SYSTEMPATH\View\View.php(226): include('C:\\xampp\\htdocs\\pos\\app\\Views\\cajas\\cerrar.php')
 3 SYSTEMPATH\View\View.php(229): CodeIgniter\View\View->CodeIgniter\View\{closure}()
 4 SYSTEMPATH\Common.php(1167): CodeIgniter\View\View->render('cajas/cerrar', [], true)
 5 APPPATH\Controllers\Cajas.php(245): view('cajas/cerrar', [...])
 6 SYSTEMPATH\CodeIgniter.php(933): App\Controllers\Cajas->cerrar('1')
 7 SYSTEMPATH\CodeIgniter.php(507): CodeIgniter\CodeIgniter->runController(Object(App\Controllers\Cajas))
 8 SYSTEMPATH\CodeIgniter.php(354): CodeIgniter\CodeIgniter->handleRequest(null, Object(Config\Cache), false)
 9 SYSTEMPATH\Boot.php(363): CodeIgniter\CodeIgniter->run()
10 SYSTEMPATH\Boot.php(68): CodeIgniter\Boot::runCodeIgniter(Object(CodeIgniter\CodeIgniter))
11 FCPATH\index.php(59): CodeIgniter\Boot::bootWeb(Object(Config\Paths))
DEBUG - 2025-11-29 00:42:52 --> Session: Class initialized using 'CodeIgniter\Session\Handlers\FileHandler' driver.
DEBUG - 2025-11-29 00:43:18 --> Session: Class initialized using 'CodeIgniter\Session\Handlers\FileHandler' driver.
DEBUG - 2025-11-29 00:44:22 --> Session: Class initialized using 'CodeIgniter\Session\Handlers\FileHandler' driver.
DEBUG - 2025-11-29 01:09:13 --> Session: Class initialized using 'CodeIgniter\Session\Handlers\FileHandler' driver.
DEBUG - 2025-11-29 01:09:26 --> Session: Class initialized using 'CodeIgniter\Session\Handlers\FileHandler' driver.
DEBUG - 2025-11-29 01:10:39 --> Session: Class initialized using 'CodeIgniter\Session\Handlers\FileHandler' driver.
DEBUG - 2025-11-29 01:12:34 --> Session: Class initialized using 'CodeIgniter\Session\Handlers\FileHandler' driver.
DEBUG - 2025-11-29 01:12:36 --> Session: Class initialized using 'CodeIgniter\Session\Handlers\FileHandler' driver.
DEBUG - 2025-11-29 01:13:07 --> Session: Class initialized using 'CodeIgniter\Session\Handlers\FileHandler' driver.
DEBUG - 2025-11-29 01:13:12 --> Session: Class initialized using 'CodeIgniter\Session\Handlers\FileHandler' driver.
DEBUG - 2025-11-29 01:13:20 --> Session: Class initialized using 'CodeIgniter\Session\Handlers\FileHandler' driver.
DEBUG - 2025-11-29 01:13:29 --> Session: Class initialized using 'CodeIgniter\Session\Handlers\FileHandler' driver.
DEBUG - 2025-11-29 01:13:30 --> Session: Class initialized using 'CodeIgniter\Session\Handlers\FileHandler' driver.
WARNING - 2025-11-29 01:13:30 --> [DEPRECATED] Function utf8_decode() is deprecated in APPPATH\Controllers\Ventas.php on line 160.
 1 SYSTEMPATH\CodeIgniter.php(933): App\Controllers\Ventas->generarTicketPdf('12')
 2 SYSTEMPATH\CodeIgniter.php(507): CodeIgniter\CodeIgniter->runController(Object(App\Controllers\Ventas))
 3 SYSTEMPATH\CodeIgniter.php(354): CodeIgniter\CodeIgniter->handleRequest(null, Object(Config\Cache), false)
 4 SYSTEMPATH\Boot.php(363): CodeIgniter\CodeIgniter->run()
 5 SYSTEMPATH\Boot.php(68): CodeIgniter\Boot::runCodeIgniter(Object(CodeIgniter\CodeIgniter))
 6 FCPATH\index.php(59): CodeIgniter\Boot::bootWeb(Object(Config\Paths))
WARNING - 2025-11-29 01:13:30 --> [DEPRECATED] Function utf8_decode() is deprecated in APPPATH\Controllers\Ventas.php on line 165.
 1 SYSTEMPATH\CodeIgniter.php(933): App\Controllers\Ventas->generarTicketPdf('12')
 2 SYSTEMPATH\CodeIgniter.php(507): CodeIgniter\CodeIgniter->runController(Object(App\Controllers\Ventas))
 3 SYSTEMPATH\CodeIgniter.php(354): CodeIgniter\CodeIgniter->handleRequest(null, Object(Config\Cache), false)
 4 SYSTEMPATH\Boot.php(363): CodeIgniter\CodeIgniter->run()
 5 SYSTEMPATH\Boot.php(68): CodeIgniter\Boot::runCodeIgniter(Object(CodeIgniter\CodeIgniter))
 6 FCPATH\index.php(59): CodeIgniter\Boot::bootWeb(Object(Config\Paths))
DEBUG - 2025-11-29 01:13:51 --> Session: Class initialized using 'CodeIgniter\Session\Handlers\FileHandler' driver.
DEBUG - 2025-11-29 01:14:00 --> Session: Class initialized using 'CodeIgniter\Session\Handlers\FileHandler' driver.
DEBUG - 2025-11-29 01:14:03 --> Session: Class initialized using 'CodeIgniter\Session\Handlers\FileHandler' driver.
DEBUG - 2025-11-29 01:14:28 --> Session: Class initialized using 'CodeIgniter\Session\Handlers\FileHandler' driver.
DEBUG - 2025-11-29 01:14:39 --> Session: Class initialized using 'CodeIgniter\Session\Handlers\FileHandler' driver.
WARNING - 2025-11-29 01:14:39 --> [DEPRECATED] Function utf8_decode() is deprecated in APPPATH\Controllers\Productos.php on line 320.
 1 SYSTEMPATH\CodeIgniter.php(933): App\Controllers\Productos->generaMinimos()
 2 SYSTEMPATH\CodeIgniter.php(507): CodeIgniter\CodeIgniter->runController(Object(App\Controllers\Productos))
 3 SYSTEMPATH\CodeIgniter.php(354): CodeIgniter\CodeIgniter->handleRequest(null, Object(Config\Cache), false)
 4 SYSTEMPATH\Boot.php(363): CodeIgniter\CodeIgniter->run()
 5 SYSTEMPATH\Boot.php(68): CodeIgniter\Boot::runCodeIgniter(Object(CodeIgniter\CodeIgniter))
 6 FCPATH\index.php(59): CodeIgniter\Boot::bootWeb(Object(Config\Paths))
WARNING - 2025-11-29 01:14:40 --> [DEPRECATED] Function utf8_decode() is deprecated in APPPATH\Controllers\Productos.php on line 324.
 1 SYSTEMPATH\CodeIgniter.php(933): App\Controllers\Productos->generaMinimos()
 2 SYSTEMPATH\CodeIgniter.php(507): CodeIgniter\CodeIgniter->runController(Object(App\Controllers\Productos))
 3 SYSTEMPATH\CodeIgniter.php(354): CodeIgniter\CodeIgniter->handleRequest(null, Object(Config\Cache), false)
 4 SYSTEMPATH\Boot.php(363): CodeIgniter\CodeIgniter->run()
 5 SYSTEMPATH\Boot.php(68): CodeIgniter\Boot::runCodeIgniter(Object(CodeIgniter\CodeIgniter))
 6 FCPATH\index.php(59): CodeIgniter\Boot::bootWeb(Object(Config\Paths))
WARNING - 2025-11-29 01:14:40 --> [DEPRECATED] Function utf8_decode() is deprecated in APPPATH\Controllers\Productos.php on line 327.
 1 SYSTEMPATH\CodeIgniter.php(933): App\Controllers\Productos->generaMinimos()
 2 SYSTEMPATH\CodeIgniter.php(507): CodeIgniter\CodeIgniter->runController(Object(App\Controllers\Productos))
 3 SYSTEMPATH\CodeIgniter.php(354): CodeIgniter\CodeIgniter->handleRequest(null, Object(Config\Cache), false)
 4 SYSTEMPATH\Boot.php(363): CodeIgniter\CodeIgniter->run()
 5 SYSTEMPATH\Boot.php(68): CodeIgniter\Boot::runCodeIgniter(Object(CodeIgniter\CodeIgniter))
 6 FCPATH\index.php(59): CodeIgniter\Boot::bootWeb(Object(Config\Paths))
WARNING - 2025-11-29 01:14:40 --> [DEPRECATED] Function utf8_decode() is deprecated in APPPATH\Controllers\Productos.php on line 328.
 1 SYSTEMPATH\CodeIgniter.php(933): App\Controllers\Productos->generaMinimos()
 2 SYSTEMPATH\CodeIgniter.php(507): CodeIgniter\CodeIgniter->runController(Object(App\Controllers\Productos))
 3 SYSTEMPATH\CodeIgniter.php(354): CodeIgniter\CodeIgniter->handleRequest(null, Object(Config\Cache), false)
 4 SYSTEMPATH\Boot.php(363): CodeIgniter\CodeIgniter->run()
 5 SYSTEMPATH\Boot.php(68): CodeIgniter\Boot::runCodeIgniter(Object(CodeIgniter\CodeIgniter))
 6 FCPATH\index.php(59): CodeIgniter\Boot::bootWeb(Object(Config\Paths))
WARNING - 2025-11-29 01:14:40 --> [DEPRECATED] Function utf8_decode() is deprecated in APPPATH\Controllers\Productos.php on line 329.
 1 SYSTEMPATH\CodeIgniter.php(933): App\Controllers\Productos->generaMinimos()
 2 SYSTEMPATH\CodeIgniter.php(507): CodeIgniter\CodeIgniter->runController(Object(App\Controllers\Productos))
 3 SYSTEMPATH\CodeIgniter.php(354): CodeIgniter\CodeIgniter->handleRequest(null, Object(Config\Cache), false)
 4 SYSTEMPATH\Boot.php(363): CodeIgniter\CodeIgniter->run()
 5 SYSTEMPATH\Boot.php(68): CodeIgniter\Boot::runCodeIgniter(Object(CodeIgniter\CodeIgniter))
 6 FCPATH\index.php(59): CodeIgniter\Boot::bootWeb(Object(Config\Paths))
WARNING - 2025-11-29 01:14:40 --> [DEPRECATED] Function utf8_decode() is deprecated in APPPATH\Controllers\Productos.php on line 330.
 1 SYSTEMPATH\CodeIgniter.php(933): App\Controllers\Productos->generaMinimos()
 2 SYSTEMPATH\CodeIgniter.php(507): CodeIgniter\CodeIgniter->runController(Object(App\Controllers\Productos))
 3 SYSTEMPATH\CodeIgniter.php(354): CodeIgniter\CodeIgniter->handleRequest(null, Object(Config\Cache), false)
 4 SYSTEMPATH\Boot.php(363): CodeIgniter\CodeIgniter->run()
 5 SYSTEMPATH\Boot.php(68): CodeIgniter\Boot::runCodeIgniter(Object(CodeIgniter\CodeIgniter))
 6 FCPATH\index.php(59): CodeIgniter\Boot::bootWeb(Object(Config\Paths))
DEBUG - 2025-11-29 01:14:44 --> Session: Class initialized using 'CodeIgniter\Session\Handlers\FileHandler' driver.
DEBUG - 2025-11-29 01:14:51 --> Session: Class initialized using 'CodeIgniter\Session\Handlers\FileHandler' driver.
DEBUG - 2025-11-29 01:14:55 --> Session: Class initialized using 'CodeIgniter\Session\Handlers\FileHandler' driver.
DEBUG - 2025-11-29 01:14:57 --> Session: Class initialized using 'CodeIgniter\Session\Handlers\FileHandler' driver.
DEBUG - 2025-11-29 01:15:05 --> Session: Class initialized using 'CodeIgniter\Session\Handlers\FileHandler' driver.
DEBUG - 2025-11-29 01:15:06 --> Session: Class initialized using 'CodeIgniter\Session\Handlers\FileHandler' driver.
WARNING - 2025-11-29 01:15:06 --> [DEPRECATED] Function utf8_decode() is deprecated in APPPATH\Controllers\Ventas.php on line 160.
 1 SYSTEMPATH\CodeIgniter.php(933): App\Controllers\Ventas->generarTicketPdf('13')
 2 SYSTEMPATH\CodeIgniter.php(507): CodeIgniter\CodeIgniter->runController(Object(App\Controllers\Ventas))
 3 SYSTEMPATH\CodeIgniter.php(354): CodeIgniter\CodeIgniter->handleRequest(null, Object(Config\Cache), false)
 4 SYSTEMPATH\Boot.php(363): CodeIgniter\CodeIgniter->run()
 5 SYSTEMPATH\Boot.php(68): CodeIgniter\Boot::runCodeIgniter(Object(CodeIgniter\CodeIgniter))
 6 FCPATH\index.php(59): CodeIgniter\Boot::bootWeb(Object(Config\Paths))
WARNING - 2025-11-29 01:15:06 --> [DEPRECATED] Function utf8_decode() is deprecated in APPPATH\Controllers\Ventas.php on line 165.
 1 SYSTEMPATH\CodeIgniter.php(933): App\Controllers\Ventas->generarTicketPdf('13')
 2 SYSTEMPATH\CodeIgniter.php(507): CodeIgniter\CodeIgniter->runController(Object(App\Controllers\Ventas))
 3 SYSTEMPATH\CodeIgniter.php(354): CodeIgniter\CodeIgniter->handleRequest(null, Object(Config\Cache), false)
 4 SYSTEMPATH\Boot.php(363): CodeIgniter\CodeIgniter->run()
 5 SYSTEMPATH\Boot.php(68): CodeIgniter\Boot::runCodeIgniter(Object(CodeIgniter\CodeIgniter))
 6 FCPATH\index.php(59): CodeIgniter\Boot::bootWeb(Object(Config\Paths))
DEBUG - 2025-11-29 01:15:08 --> Session: Class initialized using 'CodeIgniter\Session\Handlers\FileHandler' driver.
DEBUG - 2025-11-29 01:15:27 --> Session: Class initialized using 'CodeIgniter\Session\Handlers\FileHandler' driver.
DEBUG - 2025-11-29 01:15:29 --> Session: Class initialized using 'CodeIgniter\Session\Handlers\FileHandler' driver.
DEBUG - 2025-11-29 01:15:37 --> Session: Class initialized using 'CodeIgniter\Session\Handlers\FileHandler' driver.
DEBUG - 2025-11-29 01:15:39 --> Session: Class initialized using 'CodeIgniter\Session\Handlers\FileHandler' driver.
DEBUG - 2025-11-29 01:15:42 --> Session: Class initialized using 'CodeIgniter\Session\Handlers\FileHandler' driver.
DEBUG - 2025-11-29 01:15:53 --> Session: Class initialized using 'CodeIgniter\Session\Handlers\FileHandler' driver.
DEBUG - 2025-11-29 01:15:53 --> Session: Class initialized using 'CodeIgniter\Session\Handlers\FileHandler' driver.
WARNING - 2025-11-29 01:15:54 --> [DEPRECATED] Function utf8_decode() is deprecated in APPPATH\Controllers\Compras.php on line 136.
 1 SYSTEMPATH\CodeIgniter.php(933): App\Controllers\Compras->generarCompraPdf('16')
 2 SYSTEMPATH\CodeIgniter.php(507): CodeIgniter\CodeIgniter->runController(Object(App\Controllers\Compras))
 3 SYSTEMPATH\CodeIgniter.php(354): CodeIgniter\CodeIgniter->handleRequest(null, Object(Config\Cache), false)
 4 SYSTEMPATH\Boot.php(363): CodeIgniter\CodeIgniter->run()
 5 SYSTEMPATH\Boot.php(68): CodeIgniter\Boot::runCodeIgniter(Object(CodeIgniter\CodeIgniter))
 6 FCPATH\index.php(59): CodeIgniter\Boot::bootWeb(Object(Config\Paths))
WARNING - 2025-11-29 01:15:54 --> [DEPRECATED] Function utf8_decode() is deprecated in APPPATH\Controllers\Compras.php on line 140.
 1 SYSTEMPATH\CodeIgniter.php(933): App\Controllers\Compras->generarCompraPdf('16')
 2 SYSTEMPATH\CodeIgniter.php(507): CodeIgniter\CodeIgniter->runController(Object(App\Controllers\Compras))
 3 SYSTEMPATH\CodeIgniter.php(354): CodeIgniter\CodeIgniter->handleRequest(null, Object(Config\Cache), false)
 4 SYSTEMPATH\Boot.php(363): CodeIgniter\CodeIgniter->run()
 5 SYSTEMPATH\Boot.php(68): CodeIgniter\Boot::runCodeIgniter(Object(CodeIgniter\CodeIgniter))
 6 FCPATH\index.php(59): CodeIgniter\Boot::bootWeb(Object(Config\Paths))
DEBUG - 2025-11-29 01:15:58 --> Session: Class initialized using 'CodeIgniter\Session\Handlers\FileHandler' driver.
WARNING - 2025-11-29 01:15:58 --> [DEPRECATED] Function utf8_decode() is deprecated in APPPATH\Controllers\Productos.php on line 320.
 1 SYSTEMPATH\CodeIgniter.php(933): App\Controllers\Productos->generaMinimos()
 2 SYSTEMPATH\CodeIgniter.php(507): CodeIgniter\CodeIgniter->runController(Object(App\Controllers\Productos))
 3 SYSTEMPATH\CodeIgniter.php(354): CodeIgniter\CodeIgniter->handleRequest(null, Object(Config\Cache), false)
 4 SYSTEMPATH\Boot.php(363): CodeIgniter\CodeIgniter->run()
 5 SYSTEMPATH\Boot.php(68): CodeIgniter\Boot::runCodeIgniter(Object(CodeIgniter\CodeIgniter))
 6 FCPATH\index.php(59): CodeIgniter\Boot::bootWeb(Object(Config\Paths))
WARNING - 2025-11-29 01:15:59 --> [DEPRECATED] Function utf8_decode() is deprecated in APPPATH\Controllers\Productos.php on line 324.
 1 SYSTEMPATH\CodeIgniter.php(933): App\Controllers\Productos->generaMinimos()
 2 SYSTEMPATH\CodeIgniter.php(507): CodeIgniter\CodeIgniter->runController(Object(App\Controllers\Productos))
 3 SYSTEMPATH\CodeIgniter.php(354): CodeIgniter\CodeIgniter->handleRequest(null, Object(Config\Cache), false)
 4 SYSTEMPATH\Boot.php(363): CodeIgniter\CodeIgniter->run()
 5 SYSTEMPATH\Boot.php(68): CodeIgniter\Boot::runCodeIgniter(Object(CodeIgniter\CodeIgniter))
 6 FCPATH\index.php(59): CodeIgniter\Boot::bootWeb(Object(Config\Paths))
WARNING - 2025-11-29 01:15:59 --> [DEPRECATED] Function utf8_decode() is deprecated in APPPATH\Controllers\Productos.php on line 327.
 1 SYSTEMPATH\CodeIgniter.php(933): App\Controllers\Productos->generaMinimos()
 2 SYSTEMPATH\CodeIgniter.php(507): CodeIgniter\CodeIgniter->runController(Object(App\Controllers\Productos))
 3 SYSTEMPATH\CodeIgniter.php(354): CodeIgniter\CodeIgniter->handleRequest(null, Object(Config\Cache), false)
 4 SYSTEMPATH\Boot.php(363): CodeIgniter\CodeIgniter->run()
 5 SYSTEMPATH\Boot.php(68): CodeIgniter\Boot::runCodeIgniter(Object(CodeIgniter\CodeIgniter))
 6 FCPATH\index.php(59): CodeIgniter\Boot::bootWeb(Object(Config\Paths))
WARNING - 2025-11-29 01:15:59 --> [DEPRECATED] Function utf8_decode() is deprecated in APPPATH\Controllers\Productos.php on line 328.
 1 SYSTEMPATH\CodeIgniter.php(933): App\Controllers\Productos->generaMinimos()
 2 SYSTEMPATH\CodeIgniter.php(507): CodeIgniter\CodeIgniter->runController(Object(App\Controllers\Productos))
 3 SYSTEMPATH\CodeIgniter.php(354): CodeIgniter\CodeIgniter->handleRequest(null, Object(Config\Cache), false)
 4 SYSTEMPATH\Boot.php(363): CodeIgniter\CodeIgniter->run()
 5 SYSTEMPATH\Boot.php(68): CodeIgniter\Boot::runCodeIgniter(Object(CodeIgniter\CodeIgniter))
 6 FCPATH\index.php(59): CodeIgniter\Boot::bootWeb(Object(Config\Paths))
WARNING - 2025-11-29 01:15:59 --> [DEPRECATED] Function utf8_decode() is deprecated in APPPATH\Controllers\Productos.php on line 329.
 1 SYSTEMPATH\CodeIgniter.php(933): App\Controllers\Productos->generaMinimos()
 2 SYSTEMPATH\CodeIgniter.php(507): CodeIgniter\CodeIgniter->runController(Object(App\Controllers\Productos))
 3 SYSTEMPATH\CodeIgniter.php(354): CodeIgniter\CodeIgniter->handleRequest(null, Object(Config\Cache), false)
 4 SYSTEMPATH\Boot.php(363): CodeIgniter\CodeIgniter->run()
 5 SYSTEMPATH\Boot.php(68): CodeIgniter\Boot::runCodeIgniter(Object(CodeIgniter\CodeIgniter))
 6 FCPATH\index.php(59): CodeIgniter\Boot::bootWeb(Object(Config\Paths))
WARNING - 2025-11-29 01:15:59 --> [DEPRECATED] Function utf8_decode() is deprecated in APPPATH\Controllers\Productos.php on line 330.
 1 SYSTEMPATH\CodeIgniter.php(933): App\Controllers\Productos->generaMinimos()
 2 SYSTEMPATH\CodeIgniter.php(507): CodeIgniter\CodeIgniter->runController(Object(App\Controllers\Productos))
 3 SYSTEMPATH\CodeIgniter.php(354): CodeIgniter\CodeIgniter->handleRequest(null, Object(Config\Cache), false)
 4 SYSTEMPATH\Boot.php(363): CodeIgniter\CodeIgniter->run()
 5 SYSTEMPATH\Boot.php(68): CodeIgniter\Boot::runCodeIgniter(Object(CodeIgniter\CodeIgniter))
 6 FCPATH\index.php(59): CodeIgniter\Boot::bootWeb(Object(Config\Paths))
DEBUG - 2025-11-29 01:16:05 --> Session: Class initialized using 'CodeIgniter\Session\Handlers\FileHandler' driver.
DEBUG - 2025-11-29 01:16:16 --> Session: Class initialized using 'CodeIgniter\Session\Handlers\FileHandler' driver.
DEBUG - 2025-11-29 01:18:26 --> Session: Class initialized using 'CodeIgniter\Session\Handlers\FileHandler' driver.
DEBUG - 2025-11-29 01:18:29 --> Session: Class initialized using 'CodeIgniter\Session\Handlers\FileHandler' driver.
DEBUG - 2025-11-29 01:18:32 --> Session: Class initialized using 'CodeIgniter\Session\Handlers\FileHandler' driver.
DEBUG - 2025-11-29 01:18:39 --> Session: Class initialized using 'CodeIgniter\Session\Handlers\FileHandler' driver.
DEBUG - 2025-11-29 01:18:45 --> Session: Class initialized using 'CodeIgniter\Session\Handlers\FileHandler' driver.
DEBUG - 2025-11-29 01:19:01 --> Session: Class initialized using 'CodeIgniter\Session\Handlers\FileHandler' driver.
DEBUG - 2025-11-29 01:19:05 --> Session: Class initialized using 'CodeIgniter\Session\Handlers\FileHandler' driver.
DEBUG - 2025-11-29 01:19:09 --> Session: Class initialized using 'CodeIgniter\Session\Handlers\FileHandler' driver.
DEBUG - 2025-11-29 01:19:26 --> Session: Class initialized using 'CodeIgniter\Session\Handlers\FileHandler' driver.
DEBUG - 2025-11-29 01:19:32 --> Session: Class initialized using 'CodeIgniter\Session\Handlers\FileHandler' driver.
DEBUG - 2025-11-29 01:19:34 --> Session: Class initialized using 'CodeIgniter\Session\Handlers\FileHandler' driver.
DEBUG - 2025-11-29 01:19:39 --> Session: Class initialized using 'CodeIgniter\Session\Handlers\FileHandler' driver.
DEBUG - 2025-11-29 01:19:41 --> Session: Class initialized using 'CodeIgniter\Session\Handlers\FileHandler' driver.
DEBUG - 2025-11-29 01:19:46 --> Session: Class initialized using 'CodeIgniter\Session\Handlers\FileHandler' driver.
DEBUG - 2025-11-29 01:19:47 --> Session: Class initialized using 'CodeIgniter\Session\Handlers\FileHandler' driver.
DEBUG - 2025-11-29 01:20:37 --> Session: Class initialized using 'CodeIgniter\Session\Handlers\FileHandler' driver.
DEBUG - 2025-11-29 01:20:41 --> Session: Class initialized using 'CodeIgniter\Session\Handlers\FileHandler' driver.
DEBUG - 2025-11-29 01:20:45 --> Session: Class initialized using 'CodeIgniter\Session\Handlers\FileHandler' driver.
DEBUG - 2025-11-29 01:20:56 --> Session: Class initialized using 'CodeIgniter\Session\Handlers\FileHandler' driver.
DEBUG - 2025-11-29 01:21:21 --> Session: Class initialized using 'CodeIgniter\Session\Handlers\FileHandler' driver.
DEBUG - 2025-11-29 01:21:26 --> Session: Class initialized using 'CodeIgniter\Session\Handlers\FileHandler' driver.
DEBUG - 2025-11-29 01:38:36 --> Session: Class initialized using 'CodeIgniter\Session\Handlers\FileHandler' driver.
DEBUG - 2025-11-29 01:41:44 --> Session: Class initialized using 'CodeIgniter\Session\Handlers\FileHandler' driver.
DEBUG - 2025-11-29 01:41:44 --> Session: Class initialized using 'CodeIgniter\Session\Handlers\FileHandler' driver.
DEBUG - 2025-11-29 01:41:56 --> Session: Class initialized using 'CodeIgniter\Session\Handlers\FileHandler' driver.
DEBUG - 2025-11-29 01:42:38 --> Session: Class initialized using 'CodeIgniter\Session\Handlers\FileHandler' driver.
DEBUG - 2025-11-29 01:43:12 --> Session: Class initialized using 'CodeIgniter\Session\Handlers\FileHandler' driver.
DEBUG - 2025-11-29 01:43:13 --> Session: Class initialized using 'CodeIgniter\Session\Handlers\FileHandler' driver.
DEBUG - 2025-11-29 01:43:33 --> Session: Class initialized using 'CodeIgniter\Session\Handlers\FileHandler' driver.
DEBUG - 2025-11-29 03:35:32 --> Session: Class initialized using 'CodeIgniter\Session\Handlers\FileHandler' driver.
DEBUG - 2025-11-29 03:35:36 --> Session: Class initialized using 'CodeIgniter\Session\Handlers\FileHandler' driver.
DEBUG - 2025-11-29 03:44:00 --> Session: Class initialized using 'CodeIgniter\Session\Handlers\FileHandler' driver.
DEBUG - 2025-11-29 03:51:54 --> Session: Class initialized using 'CodeIgniter\Session\Handlers\FileHandler' driver.
DEBUG - 2025-11-29 03:51:56 --> Session: Class initialized using 'CodeIgniter\Session\Handlers\FileHandler' driver.
DEBUG - 2025-11-29 03:55:08 --> Session: Class initialized using 'CodeIgniter\Session\Handlers\FileHandler' driver.
DEBUG - 2025-11-29 04:02:10 --> Session: Class initialized using 'CodeIgniter\Session\Handlers\FileHandler' driver.
DEBUG - 2025-11-29 04:02:12 --> Session: Class initialized using 'CodeIgniter\Session\Handlers\FileHandler' driver.
DEBUG - 2025-11-29 04:05:47 --> Session: Class initialized using 'CodeIgniter\Session\Handlers\FileHandler' driver.
DEBUG - 2025-11-29 14:00:54 --> Session: Class initialized using 'CodeIgniter\Session\Handlers\FileHandler' driver.
DEBUG - 2025-11-29 14:01:01 --> Session: Class initialized using 'CodeIgniter\Session\Handlers\FileHandler' driver.
DEBUG - 2025-11-29 14:01:01 --> Session: Class initialized using 'CodeIgniter\Session\Handlers\FileHandler' driver.
DEBUG - 2025-11-29 14:01:05 --> Session: Class initialized using 'CodeIgniter\Session\Handlers\FileHandler' driver.
DEBUG - 2025-11-29 14:01:30 --> Session: Class initialized using 'CodeIgniter\Session\Handlers\FileHandler' driver.
DEBUG - 2025-11-29 14:01:37 --> Session: Class initialized using 'CodeIgniter\Session\Handlers\FileHandler' driver.
DEBUG - 2025-11-29 14:06:03 --> Session: Class initialized using 'CodeIgniter\Session\Handlers\FileHandler' driver.
DEBUG - 2025-11-29 14:06:08 --> Session: Class initialized using 'CodeIgniter\Session\Handlers\FileHandler' driver.
DEBUG - 2025-11-29 14:06:11 --> Session: Class initialized using 'CodeIgniter\Session\Handlers\FileHandler' driver.
DEBUG - 2025-11-29 14:25:57 --> Session: Class initialized using 'CodeIgniter\Session\Handlers\FileHandler' driver.
DEBUG - 2025-11-29 14:26:04 --> Session: Class initialized using 'CodeIgniter\Session\Handlers\FileHandler' driver.
DEBUG - 2025-11-29 14:26:13 --> Session: Class initialized using 'CodeIgniter\Session\Handlers\FileHandler' driver.
DEBUG - 2025-11-29 14:26:17 --> Session: Class initialized using 'CodeIgniter\Session\Handlers\FileHandler' driver.
DEBUG - 2025-11-29 14:27:04 --> Session: Class initialized using 'CodeIgniter\Session\Handlers\FileHandler' driver.
DEBUG - 2025-11-29 14:27:07 --> Session: Class initialized using 'CodeIgniter\Session\Handlers\FileHandler' driver.
DEBUG - 2025-11-29 14:27:24 --> Session: Class initialized using 'CodeIgniter\Session\Handlers\FileHandler' driver.
DEBUG - 2025-11-29 14:27:53 --> Session: Class initialized using 'CodeIgniter\Session\Handlers\FileHandler' driver.
DEBUG - 2025-11-29 14:27:57 --> Session: Class initialized using 'CodeIgniter\Session\Handlers\FileHandler' driver.
DEBUG - 2025-11-29 14:27:58 --> Session: Class initialized using 'CodeIgniter\Session\Handlers\FileHandler' driver.
DEBUG - 2025-11-29 14:28:05 --> Session: Class initialized using 'CodeIgniter\Session\Handlers\FileHandler' driver.
DEBUG - 2025-11-29 14:28:05 --> Session: Class initialized using 'CodeIgniter\Session\Handlers\FileHandler' driver.
DEBUG - 2025-11-29 14:29:22 --> Session: Class initialized using 'CodeIgniter\Session\Handlers\FileHandler' driver.
DEBUG - 2025-11-29 14:29:27 --> Session: Class initialized using 'CodeIgniter\Session\Handlers\FileHandler' driver.
DEBUG - 2025-11-29 14:29:31 --> Session: Class initialized using 'CodeIgniter\Session\Handlers\FileHandler' driver.
DEBUG - 2025-11-29 14:41:57 --> Session: Class initialized using 'CodeIgniter\Session\Handlers\FileHandler' driver.
DEBUG - 2025-11-29 14:42:01 --> Session: Class initialized using 'CodeIgniter\Session\Handlers\FileHandler' driver.
CRITICAL - 2025-11-29 14:42:04 --> Error: Class "Spreadsheet" not found
[Method: GET, Route: inicio/excel]
in APPPATH\Controllers\Inicio.php on line 44.
 1 SYSTEMPATH\CodeIgniter.php(933): App\Controllers\Inicio->excel()
 2 SYSTEMPATH\CodeIgniter.php(507): CodeIgniter\CodeIgniter->runController(Object(App\Controllers\Inicio))
 3 SYSTEMPATH\CodeIgniter.php(354): CodeIgniter\CodeIgniter->handleRequest(null, Object(Config\Cache), false)
 4 SYSTEMPATH\Boot.php(363): CodeIgniter\CodeIgniter->run()
 5 SYSTEMPATH\Boot.php(68): CodeIgniter\Boot::runCodeIgniter(Object(CodeIgniter\CodeIgniter))
 6 FCPATH\index.php(59): CodeIgniter\Boot::bootWeb(Object(Config\Paths))
CRITICAL - 2025-11-29 14:45:08 --> Error: Class "PhpOffice\PhpSpreadsheet\Spreadsheet" not found
[Method: GET, Route: inicio/excel]
in APPPATH\Controllers\Inicio.php on line 46.
 1 SYSTEMPATH\CodeIgniter.php(933): App\Controllers\Inicio->excel()
 2 SYSTEMPATH\CodeIgniter.php(507): CodeIgniter\CodeIgniter->runController(Object(App\Controllers\Inicio))
 3 SYSTEMPATH\CodeIgniter.php(354): CodeIgniter\CodeIgniter->handleRequest(null, Object(Config\Cache), false)
 4 SYSTEMPATH\Boot.php(363): CodeIgniter\CodeIgniter->run()
 5 SYSTEMPATH\Boot.php(68): CodeIgniter\Boot::runCodeIgniter(Object(CodeIgniter\CodeIgniter))
 6 FCPATH\index.php(59): CodeIgniter\Boot::bootWeb(Object(Config\Paths))
CRITICAL - 2025-11-29 14:45:10 --> Error: Class "PhpOffice\PhpSpreadsheet\Spreadsheet" not found
[Method: GET, Route: inicio/excel]
in APPPATH\Controllers\Inicio.php on line 46.
 1 SYSTEMPATH\CodeIgniter.php(933): App\Controllers\Inicio->excel()
 2 SYSTEMPATH\CodeIgniter.php(507): CodeIgniter\CodeIgniter->runController(Object(App\Controllers\Inicio))
 3 SYSTEMPATH\CodeIgniter.php(354): CodeIgniter\CodeIgniter->handleRequest(null, Object(Config\Cache), false)
 4 SYSTEMPATH\Boot.php(363): CodeIgniter\CodeIgniter->run()
 5 SYSTEMPATH\Boot.php(68): CodeIgniter\Boot::runCodeIgniter(Object(CodeIgniter\CodeIgniter))
 6 FCPATH\index.php(59): CodeIgniter\Boot::bootWeb(Object(Config\Paths))
DEBUG - 2025-11-29 14:45:12 --> Session: Class initialized using 'CodeIgniter\Session\Handlers\FileHandler' driver.
DEBUG - 2025-11-29 14:45:13 --> Session: Class initialized using 'CodeIgniter\Session\Handlers\FileHandler' driver.
CRITICAL - 2025-11-29 14:45:15 --> Error: Class "PhpOffice\PhpSpreadsheet\Spreadsheet" not found
[Method: GET, Route: inicio/excel]
in APPPATH\Controllers\Inicio.php on line 46.
 1 SYSTEMPATH\CodeIgniter.php(933): App\Controllers\Inicio->excel()
 2 SYSTEMPATH\CodeIgniter.php(507): CodeIgniter\CodeIgniter->runController(Object(App\Controllers\Inicio))
 3 SYSTEMPATH\CodeIgniter.php(354): CodeIgniter\CodeIgniter->handleRequest(null, Object(Config\Cache), false)
 4 SYSTEMPATH\Boot.php(363): CodeIgniter\CodeIgniter->run()
 5 SYSTEMPATH\Boot.php(68): CodeIgniter\Boot::runCodeIgniter(Object(CodeIgniter\CodeIgniter))
 6 FCPATH\index.php(59): CodeIgniter\Boot::bootWeb(Object(Config\Paths))
DEBUG - 2025-11-29 14:47:15 --> Session: Class initialized using 'CodeIgniter\Session\Handlers\FileHandler' driver.
DEBUG - 2025-11-29 14:47:25 --> Session: Class initialized using 'CodeIgniter\Session\Handlers\FileHandler' driver.
DEBUG - 2025-11-29 14:47:32 --> Session: Class initialized using 'CodeIgniter\Session\Handlers\FileHandler' driver.
DEBUG - 2025-11-29 14:47:33 --> Session: Class initialized using 'CodeIgniter\Session\Handlers\FileHandler' driver.
CRITICAL - 2025-11-29 14:47:42 --> Error: Class "PhpOffice\PhpSpreadsheet\Spreadsheet" not found
[Method: GET, Route: inicio/excel]
in APPPATH\Controllers\Inicio.php on line 47.
 1 SYSTEMPATH\CodeIgniter.php(933): App\Controllers\Inicio->excel()
 2 SYSTEMPATH\CodeIgniter.php(507): CodeIgniter\CodeIgniter->runController(Object(App\Controllers\Inicio))
 3 SYSTEMPATH\CodeIgniter.php(354): CodeIgniter\CodeIgniter->handleRequest(null, Object(Config\Cache), false)
 4 SYSTEMPATH\Boot.php(363): CodeIgniter\CodeIgniter->run()
 5 SYSTEMPATH\Boot.php(68): CodeIgniter\Boot::runCodeIgniter(Object(CodeIgniter\CodeIgniter))
 6 FCPATH\index.php(59): CodeIgniter\Boot::bootWeb(Object(Config\Paths))
CRITICAL - 2025-11-29 14:49:40 --> Error: Class "PhpOffice\PhpSpreadsheet\Spreadsheet" not found
[Method: GET, Route: inicio/excel]
in APPPATH\Controllers\Inicio.php on line 21.
 1 SYSTEMPATH\CodeIgniter.php(933): App\Controllers\Inicio->excel()
 2 SYSTEMPATH\CodeIgniter.php(507): CodeIgniter\CodeIgniter->runController(Object(App\Controllers\Inicio))
 3 SYSTEMPATH\CodeIgniter.php(354): CodeIgniter\CodeIgniter->handleRequest(null, Object(Config\Cache), false)
 4 SYSTEMPATH\Boot.php(363): CodeIgniter\CodeIgniter->run()
 5 SYSTEMPATH\Boot.php(68): CodeIgniter\Boot::runCodeIgniter(Object(CodeIgniter\CodeIgniter))
 6 FCPATH\index.php(59): CodeIgniter\Boot::bootWeb(Object(Config\Paths))
DEBUG - 2025-11-29 16:42:25 --> Session: Class initialized using 'CodeIgniter\Session\Handlers\FileHandler' driver.
DEBUG - 2025-11-29 17:39:39 --> Session: Class initialized using 'CodeIgniter\Session\Handlers\FileHandler' driver.
DEBUG - 2025-11-29 17:39:46 --> Session: Class initialized using 'CodeIgniter\Session\Handlers\FileHandler' driver.
DEBUG - 2025-11-29 17:39:46 --> Session: Class initialized using 'CodeIgniter\Session\Handlers\FileHandler' driver.
CRITICAL - 2025-11-29 17:41:11 --> Error: Class "App\Controllers\Xlsx" not found
[Method: GET, Route: productos/mostrarMinimosExcel]
in APPPATH\Controllers\Productos.php on line 356.
 1 SYSTEMPATH\CodeIgniter.php(933): App\Controllers\Productos->mostrarMinimosExcel()
 2 SYSTEMPATH\CodeIgniter.php(507): CodeIgniter\CodeIgniter->runController(Object(App\Controllers\Productos))
 3 SYSTEMPATH\CodeIgniter.php(354): CodeIgniter\CodeIgniter->handleRequest(null, Object(Config\Cache), false)
 4 SYSTEMPATH\Boot.php(363): CodeIgniter\CodeIgniter->run()
 5 SYSTEMPATH\Boot.php(68): CodeIgniter\Boot::runCodeIgniter(Object(CodeIgniter\CodeIgniter))
 6 FCPATH\index.php(59): CodeIgniter\Boot::bootWeb(Object(Config\Paths))
DEBUG - 2025-11-29 19:42:45 --> Session: Class initialized using 'CodeIgniter\Session\Handlers\FileHandler' driver.
DEBUG - 2025-11-29 19:42:47 --> Session: Class initialized using 'CodeIgniter\Session\Handlers\FileHandler' driver.
DEBUG - 2025-11-29 19:42:53 --> Session: Class initialized using 'CodeIgniter\Session\Handlers\FileHandler' driver.
DEBUG - 2025-11-29 19:42:54 --> Session: Class initialized using 'CodeIgniter\Session\Handlers\FileHandler' driver.
DEBUG - 2025-11-29 19:43:03 --> Session: Class initialized using 'CodeIgniter\Session\Handlers\FileHandler' driver.
WARNING - 2025-11-29 19:43:04 --> [DEPRECATED] Function utf8_decode() is deprecated in APPPATH\Controllers\Productos.php on line 322.
 1 SYSTEMPATH\CodeIgniter.php(933): App\Controllers\Productos->generaMinimos()
 2 SYSTEMPATH\CodeIgniter.php(507): CodeIgniter\CodeIgniter->runController(Object(App\Controllers\Productos))
 3 SYSTEMPATH\CodeIgniter.php(354): CodeIgniter\CodeIgniter->handleRequest(null, Object(Config\Cache), false)
 4 SYSTEMPATH\Boot.php(363): CodeIgniter\CodeIgniter->run()
 5 SYSTEMPATH\Boot.php(68): CodeIgniter\Boot::runCodeIgniter(Object(CodeIgniter\CodeIgniter))
 6 FCPATH\index.php(59): CodeIgniter\Boot::bootWeb(Object(Config\Paths))
WARNING - 2025-11-29 19:43:05 --> [DEPRECATED] Function utf8_decode() is deprecated in APPPATH\Controllers\Productos.php on line 326.
 1 SYSTEMPATH\CodeIgniter.php(933): App\Controllers\Productos->generaMinimos()
 2 SYSTEMPATH\CodeIgniter.php(507): CodeIgniter\CodeIgniter->runController(Object(App\Controllers\Productos))
 3 SYSTEMPATH\CodeIgniter.php(354): CodeIgniter\CodeIgniter->handleRequest(null, Object(Config\Cache), false)
 4 SYSTEMPATH\Boot.php(363): CodeIgniter\CodeIgniter->run()
 5 SYSTEMPATH\Boot.php(68): CodeIgniter\Boot::runCodeIgniter(Object(CodeIgniter\CodeIgniter))
 6 FCPATH\index.php(59): CodeIgniter\Boot::bootWeb(Object(Config\Paths))
WARNING - 2025-11-29 19:43:05 --> [DEPRECATED] Function utf8_decode() is deprecated in APPPATH\Controllers\Productos.php on line 329.
 1 SYSTEMPATH\CodeIgniter.php(933): App\Controllers\Productos->generaMinimos()
 2 SYSTEMPATH\CodeIgniter.php(507): CodeIgniter\CodeIgniter->runController(Object(App\Controllers\Productos))
 3 SYSTEMPATH\CodeIgniter.php(354): CodeIgniter\CodeIgniter->handleRequest(null, Object(Config\Cache), false)
 4 SYSTEMPATH\Boot.php(363): CodeIgniter\CodeIgniter->run()
 5 SYSTEMPATH\Boot.php(68): CodeIgniter\Boot::runCodeIgniter(Object(CodeIgniter\CodeIgniter))
 6 FCPATH\index.php(59): CodeIgniter\Boot::bootWeb(Object(Config\Paths))
WARNING - 2025-11-29 19:43:05 --> [DEPRECATED] Function utf8_decode() is deprecated in APPPATH\Controllers\Productos.php on line 330.
 1 SYSTEMPATH\CodeIgniter.php(933): App\Controllers\Productos->generaMinimos()
 2 SYSTEMPATH\CodeIgniter.php(507): CodeIgniter\CodeIgniter->runController(Object(App\Controllers\Productos))
 3 SYSTEMPATH\CodeIgniter.php(354): CodeIgniter\CodeIgniter->handleRequest(null, Object(Config\Cache), false)
 4 SYSTEMPATH\Boot.php(363): CodeIgniter\CodeIgniter->run()
 5 SYSTEMPATH\Boot.php(68): CodeIgniter\Boot::runCodeIgniter(Object(CodeIgniter\CodeIgniter))
 6 FCPATH\index.php(59): CodeIgniter\Boot::bootWeb(Object(Config\Paths))
WARNING - 2025-11-29 19:43:05 --> [DEPRECATED] Function utf8_decode() is deprecated in APPPATH\Controllers\Productos.php on line 331.
 1 SYSTEMPATH\CodeIgniter.php(933): App\Controllers\Productos->generaMinimos()
 2 SYSTEMPATH\CodeIgniter.php(507): CodeIgniter\CodeIgniter->runController(Object(App\Controllers\Productos))
 3 SYSTEMPATH\CodeIgniter.php(354): CodeIgniter\CodeIgniter->handleRequest(null, Object(Config\Cache), false)
 4 SYSTEMPATH\Boot.php(363): CodeIgniter\CodeIgniter->run()
 5 SYSTEMPATH\Boot.php(68): CodeIgniter\Boot::runCodeIgniter(Object(CodeIgniter\CodeIgniter))
 6 FCPATH\index.php(59): CodeIgniter\Boot::bootWeb(Object(Config\Paths))
WARNING - 2025-11-29 19:43:05 --> [DEPRECATED] Function utf8_decode() is deprecated in APPPATH\Controllers\Productos.php on line 332.
 1 SYSTEMPATH\CodeIgniter.php(933): App\Controllers\Productos->generaMinimos()
 2 SYSTEMPATH\CodeIgniter.php(507): CodeIgniter\CodeIgniter->runController(Object(App\Controllers\Productos))
 3 SYSTEMPATH\CodeIgniter.php(354): CodeIgniter\CodeIgniter->handleRequest(null, Object(Config\Cache), false)
 4 SYSTEMPATH\Boot.php(363): CodeIgniter\CodeIgniter->run()
 5 SYSTEMPATH\Boot.php(68): CodeIgniter\Boot::runCodeIgniter(Object(CodeIgniter\CodeIgniter))
 6 FCPATH\index.php(59): CodeIgniter\Boot::bootWeb(Object(Config\Paths))
CRITICAL - 2025-11-29 19:49:01 --> ParseError: Unclosed '{' on line 13
[Method: GET, Route: productos/mostrarMinimosExcel]
in APPPATH\Controllers\Productos.php on line 389.
 1 SYSTEMPATH\Autoloader\Autoloader.php(295): CodeIgniter\Autoloader\Autoloader->includeFile('C:\\xampp\\htdocs\\pos\\app\\Controllers\\Productos.php')
 2 SYSTEMPATH\Autoloader\Autoloader.php(271): CodeIgniter\Autoloader\Autoloader->loadInNamespace('App\\Controllers\\Productos')
 3 [internal function]: CodeIgniter\Autoloader\Autoloader->loadClass('App\\Controllers\\Productos')
 4 SYSTEMPATH\CodeIgniter.php(885): class_exists('\\App\\Controllers\\Productos', true)
 5 SYSTEMPATH\CodeIgniter.php(494): CodeIgniter\CodeIgniter->startController()
 6 SYSTEMPATH\CodeIgniter.php(354): CodeIgniter\CodeIgniter->handleRequest(null, Object(Config\Cache), false)
 7 SYSTEMPATH\Boot.php(363): CodeIgniter\CodeIgniter->run()
 8 SYSTEMPATH\Boot.php(68): CodeIgniter\Boot::runCodeIgniter(Object(CodeIgniter\CodeIgniter))
 9 FCPATH\index.php(59): CodeIgniter\Boot::bootWeb(Object(Config\Paths))
CRITICAL - 2025-11-29 19:49:22 --> ParseError: Unclosed '{' on line 13
[Method: GET, Route: productos/mostrarMinimosExcel]
in APPPATH\Controllers\Productos.php on line 389.
 1 SYSTEMPATH\Autoloader\Autoloader.php(295): CodeIgniter\Autoloader\Autoloader->includeFile('C:\\xampp\\htdocs\\pos\\app\\Controllers\\Productos.php')
 2 SYSTEMPATH\Autoloader\Autoloader.php(271): CodeIgniter\Autoloader\Autoloader->loadInNamespace('App\\Controllers\\Productos')
 3 [internal function]: CodeIgniter\Autoloader\Autoloader->loadClass('App\\Controllers\\Productos')
 4 SYSTEMPATH\CodeIgniter.php(885): class_exists('\\App\\Controllers\\Productos', true)
 5 SYSTEMPATH\CodeIgniter.php(494): CodeIgniter\CodeIgniter->startController()
 6 SYSTEMPATH\CodeIgniter.php(354): CodeIgniter\CodeIgniter->handleRequest(null, Object(Config\Cache), false)
 7 SYSTEMPATH\Boot.php(363): CodeIgniter\CodeIgniter->run()
 8 SYSTEMPATH\Boot.php(68): CodeIgniter\Boot::runCodeIgniter(Object(CodeIgniter\CodeIgniter))
 9 FCPATH\index.php(59): CodeIgniter\Boot::bootWeb(Object(Config\Paths))
CRITICAL - 2025-11-29 19:49:24 --> ParseError: Unclosed '{' on line 13
[Method: GET, Route: productos/mostrarMinimosExcel]
in APPPATH\Controllers\Productos.php on line 389.
 1 SYSTEMPATH\Autoloader\Autoloader.php(295): CodeIgniter\Autoloader\Autoloader->includeFile('C:\\xampp\\htdocs\\pos\\app\\Controllers\\Productos.php')
 2 SYSTEMPATH\Autoloader\Autoloader.php(271): CodeIgniter\Autoloader\Autoloader->loadInNamespace('App\\Controllers\\Productos')
 3 [internal function]: CodeIgniter\Autoloader\Autoloader->loadClass('App\\Controllers\\Productos')
 4 SYSTEMPATH\CodeIgniter.php(885): class_exists('\\App\\Controllers\\Productos', true)
 5 SYSTEMPATH\CodeIgniter.php(494): CodeIgniter\CodeIgniter->startController()
 6 SYSTEMPATH\CodeIgniter.php(354): CodeIgniter\CodeIgniter->handleRequest(null, Object(Config\Cache), false)
 7 SYSTEMPATH\Boot.php(363): CodeIgniter\CodeIgniter->run()
 8 SYSTEMPATH\Boot.php(68): CodeIgniter\Boot::runCodeIgniter(Object(CodeIgniter\CodeIgniter))
 9 FCPATH\index.php(59): CodeIgniter\Boot::bootWeb(Object(Config\Paths))
CRITICAL - 2025-11-29 19:58:40 --> ErrorException: fopen(reporte.xlsx): Failed to open stream: Resource temporarily unavailable
[Method: GET, Route: productos/mostrarMinimosExcel]
in VENDORPATH\phpoffice\phpspreadsheet\src\PhpSpreadsheet\Writer\BaseWriter.php on line 117.
 1 [internal function]: CodeIgniter\Debug\Exceptions->errorHandler(2, 'fopen(reporte.xlsx): Failed to open stream: Resource temporarily unavailable', 'C:\\xampp\\htdocs\\pos\\vendor\\phpoffice\\phpspreadsheet\\src\\PhpSpreadsheet\\Writer\\BaseWriter.php', 117)
 2 VENDORPATH\phpoffice\phpspreadsheet\src\PhpSpreadsheet\Writer\BaseWriter.php(117): fopen('reporte.xlsx', 'wb')
 3 VENDORPATH\phpoffice\phpspreadsheet\src\PhpSpreadsheet\Writer\Xlsx.php(564): PhpOffice\PhpSpreadsheet\Writer\BaseWriter->openFileHandle('reporte.xlsx')
 4 APPPATH\Controllers\Productos.php(391): PhpOffice\PhpSpreadsheet\Writer\Xlsx->save('reporte.xlsx')
 5 SYSTEMPATH\CodeIgniter.php(933): App\Controllers\Productos->mostrarMinimosExcel()
 6 SYSTEMPATH\CodeIgniter.php(507): CodeIgniter\CodeIgniter->runController(Object(App\Controllers\Productos))
 7 SYSTEMPATH\CodeIgniter.php(354): CodeIgniter\CodeIgniter->handleRequest(null, Object(Config\Cache), false)
 8 SYSTEMPATH\Boot.php(363): CodeIgniter\CodeIgniter->run()
 9 SYSTEMPATH\Boot.php(68): CodeIgniter\Boot::runCodeIgniter(Object(CodeIgniter\CodeIgniter))
10 FCPATH\index.php(59): CodeIgniter\Boot::bootWeb(Object(Config\Paths))
CRITICAL - 2025-11-29 19:59:12 --> ErrorException: fopen(reporte.xlsx): Failed to open stream: Resource temporarily unavailable
[Method: GET, Route: productos/mostrarMinimosExcel]
in VENDORPATH\phpoffice\phpspreadsheet\src\PhpSpreadsheet\Writer\BaseWriter.php on line 117.
 1 [internal function]: CodeIgniter\Debug\Exceptions->errorHandler(2, 'fopen(reporte.xlsx): Failed to open stream: Resource temporarily unavailable', 'C:\\xampp\\htdocs\\pos\\vendor\\phpoffice\\phpspreadsheet\\src\\PhpSpreadsheet\\Writer\\BaseWriter.php', 117)
 2 VENDORPATH\phpoffice\phpspreadsheet\src\PhpSpreadsheet\Writer\BaseWriter.php(117): fopen('reporte.xlsx', 'wb')
 3 VENDORPATH\phpoffice\phpspreadsheet\src\PhpSpreadsheet\Writer\Xlsx.php(564): PhpOffice\PhpSpreadsheet\Writer\BaseWriter->openFileHandle('reporte.xlsx')
 4 APPPATH\Controllers\Productos.php(391): PhpOffice\PhpSpreadsheet\Writer\Xlsx->save('reporte.xlsx')
 5 SYSTEMPATH\CodeIgniter.php(933): App\Controllers\Productos->mostrarMinimosExcel()
 6 SYSTEMPATH\CodeIgniter.php(507): CodeIgniter\CodeIgniter->runController(Object(App\Controllers\Productos))
 7 SYSTEMPATH\CodeIgniter.php(354): CodeIgniter\CodeIgniter->handleRequest(null, Object(Config\Cache), false)
 8 SYSTEMPATH\Boot.php(363): CodeIgniter\CodeIgniter->run()
 9 SYSTEMPATH\Boot.php(68): CodeIgniter\Boot::runCodeIgniter(Object(CodeIgniter\CodeIgniter))
10 FCPATH\index.php(59): CodeIgniter\Boot::bootWeb(Object(Config\Paths))
CRITICAL - 2025-11-29 19:59:16 --> ErrorException: fopen(reporte.xlsx): Failed to open stream: Resource temporarily unavailable
[Method: GET, Route: productos/mostrarMinimosExcel]
in VENDORPATH\phpoffice\phpspreadsheet\src\PhpSpreadsheet\Writer\BaseWriter.php on line 117.
 1 [internal function]: CodeIgniter\Debug\Exceptions->errorHandler(2, 'fopen(reporte.xlsx): Failed to open stream: Resource temporarily unavailable', 'C:\\xampp\\htdocs\\pos\\vendor\\phpoffice\\phpspreadsheet\\src\\PhpSpreadsheet\\Writer\\BaseWriter.php', 117)
 2 VENDORPATH\phpoffice\phpspreadsheet\src\PhpSpreadsheet\Writer\BaseWriter.php(117): fopen('reporte.xlsx', 'wb')
 3 VENDORPATH\phpoffice\phpspreadsheet\src\PhpSpreadsheet\Writer\Xlsx.php(564): PhpOffice\PhpSpreadsheet\Writer\BaseWriter->openFileHandle('reporte.xlsx')
 4 APPPATH\Controllers\Productos.php(391): PhpOffice\PhpSpreadsheet\Writer\Xlsx->save('reporte.xlsx')
 5 SYSTEMPATH\CodeIgniter.php(933): App\Controllers\Productos->mostrarMinimosExcel()
 6 SYSTEMPATH\CodeIgniter.php(507): CodeIgniter\CodeIgniter->runController(Object(App\Controllers\Productos))
 7 SYSTEMPATH\CodeIgniter.php(354): CodeIgniter\CodeIgniter->handleRequest(null, Object(Config\Cache), false)
 8 SYSTEMPATH\Boot.php(363): CodeIgniter\CodeIgniter->run()
 9 SYSTEMPATH\Boot.php(68): CodeIgniter\Boot::runCodeIgniter(Object(CodeIgniter\CodeIgniter))
10 FCPATH\index.php(59): CodeIgniter\Boot::bootWeb(Object(Config\Paths))
CRITICAL - 2025-11-29 20:06:29 --> ErrorException: fopen(reporte.xlsx): Failed to open stream: Resource temporarily unavailable
[Method: GET, Route: productos/mostrarMinimosExcel]
in VENDORPATH\phpoffice\phpspreadsheet\src\PhpSpreadsheet\Writer\BaseWriter.php on line 117.
 1 [internal function]: CodeIgniter\Debug\Exceptions->errorHandler(2, 'fopen(reporte.xlsx): Failed to open stream: Resource temporarily unavailable', 'C:\\xampp\\htdocs\\pos\\vendor\\phpoffice\\phpspreadsheet\\src\\PhpSpreadsheet\\Writer\\BaseWriter.php', 117)
 2 VENDORPATH\phpoffice\phpspreadsheet\src\PhpSpreadsheet\Writer\BaseWriter.php(117): fopen('reporte.xlsx', 'wb')
 3 VENDORPATH\phpoffice\phpspreadsheet\src\PhpSpreadsheet\Writer\Xlsx.php(564): PhpOffice\PhpSpreadsheet\Writer\BaseWriter->openFileHandle('reporte.xlsx')
 4 APPPATH\Controllers\Productos.php(403): PhpOffice\PhpSpreadsheet\Writer\Xlsx->save('reporte.xlsx')
 5 SYSTEMPATH\CodeIgniter.php(933): App\Controllers\Productos->mostrarMinimosExcel()
 6 SYSTEMPATH\CodeIgniter.php(507): CodeIgniter\CodeIgniter->runController(Object(App\Controllers\Productos))
 7 SYSTEMPATH\CodeIgniter.php(354): CodeIgniter\CodeIgniter->handleRequest(null, Object(Config\Cache), false)
 8 SYSTEMPATH\Boot.php(363): CodeIgniter\CodeIgniter->run()
 9 SYSTEMPATH\Boot.php(68): CodeIgniter\Boot::runCodeIgniter(Object(CodeIgniter\CodeIgniter))
10 FCPATH\index.php(59): CodeIgniter\Boot::bootWeb(Object(Config\Paths))
CRITICAL - 2025-11-29 20:09:09 --> ParseError: syntax error, unexpected token "}"
[Method: GET, Route: productos/mostrarMinimosExcel]
in APPPATH\Controllers\Productos.php on line 413.
 1 SYSTEMPATH\Autoloader\Autoloader.php(295): CodeIgniter\Autoloader\Autoloader->includeFile('C:\\xampp\\htdocs\\pos\\app\\Controllers\\Productos.php')
 2 SYSTEMPATH\Autoloader\Autoloader.php(271): CodeIgniter\Autoloader\Autoloader->loadInNamespace('App\\Controllers\\Productos')
 3 [internal function]: CodeIgniter\Autoloader\Autoloader->loadClass('App\\Controllers\\Productos')
 4 SYSTEMPATH\CodeIgniter.php(885): class_exists('\\App\\Controllers\\Productos', true)
 5 SYSTEMPATH\CodeIgniter.php(494): CodeIgniter\CodeIgniter->startController()
 6 SYSTEMPATH\CodeIgniter.php(354): CodeIgniter\CodeIgniter->handleRequest(null, Object(Config\Cache), false)
 7 SYSTEMPATH\Boot.php(363): CodeIgniter\CodeIgniter->run()
 8 SYSTEMPATH\Boot.php(68): CodeIgniter\Boot::runCodeIgniter(Object(CodeIgniter\CodeIgniter))
 9 FCPATH\index.php(59): CodeIgniter\Boot::bootWeb(Object(Config\Paths))
CRITICAL - 2025-11-29 20:15:03 --> ErrorException: fopen(reporte.xlsx): Failed to open stream: Resource temporarily unavailable
[Method: GET, Route: productos/mostrarMinimosExcel]
in VENDORPATH\phpoffice\phpspreadsheet\src\PhpSpreadsheet\Writer\BaseWriter.php on line 117.
 1 [internal function]: CodeIgniter\Debug\Exceptions->errorHandler(2, 'fopen(reporte.xlsx): Failed to open stream: Resource temporarily unavailable', 'C:\\xampp\\htdocs\\pos\\vendor\\phpoffice\\phpspreadsheet\\src\\PhpSpreadsheet\\Writer\\BaseWriter.php', 117)
 2 VENDORPATH\phpoffice\phpspreadsheet\src\PhpSpreadsheet\Writer\BaseWriter.php(117): fopen('reporte.xlsx', 'wb')
 3 VENDORPATH\phpoffice\phpspreadsheet\src\PhpSpreadsheet\Writer\Xlsx.php(564): PhpOffice\PhpSpreadsheet\Writer\BaseWriter->openFileHandle('reporte.xlsx')
 4 APPPATH\Controllers\Productos.php(403): PhpOffice\PhpSpreadsheet\Writer\Xlsx->save('reporte.xlsx')
 5 SYSTEMPATH\CodeIgniter.php(933): App\Controllers\Productos->mostrarMinimosExcel()
 6 SYSTEMPATH\CodeIgniter.php(507): CodeIgniter\CodeIgniter->runController(Object(App\Controllers\Productos))
 7 SYSTEMPATH\CodeIgniter.php(354): CodeIgniter\CodeIgniter->handleRequest(null, Object(Config\Cache), false)
 8 SYSTEMPATH\Boot.php(363): CodeIgniter\CodeIgniter->run()
 9 SYSTEMPATH\Boot.php(68): CodeIgniter\Boot::runCodeIgniter(Object(CodeIgniter\CodeIgniter))
10 FCPATH\index.php(59): CodeIgniter\Boot::bootWeb(Object(Config\Paths))
CRITICAL - 2025-11-29 20:38:29 --> ErrorException: fopen(reporte.xlsx): Failed to open stream: Resource temporarily unavailable
[Method: GET, Route: productos/mostrarMinimosExcel]
in VENDORPATH\phpoffice\phpspreadsheet\src\PhpSpreadsheet\Writer\BaseWriter.php on line 117.
 1 [internal function]: CodeIgniter\Debug\Exceptions->errorHandler(2, 'fopen(reporte.xlsx): Failed to open stream: Resource temporarily unavailable', 'C:\\xampp\\htdocs\\pos\\vendor\\phpoffice\\phpspreadsheet\\src\\PhpSpreadsheet\\Writer\\BaseWriter.php', 117)
 2 VENDORPATH\phpoffice\phpspreadsheet\src\PhpSpreadsheet\Writer\BaseWriter.php(117): fopen('reporte.xlsx', 'wb')
 3 VENDORPATH\phpoffice\phpspreadsheet\src\PhpSpreadsheet\Writer\Xlsx.php(564): PhpOffice\PhpSpreadsheet\Writer\BaseWriter->openFileHandle('reporte.xlsx')
 4 APPPATH\Controllers\Productos.php(403): PhpOffice\PhpSpreadsheet\Writer\Xlsx->save('reporte.xlsx')
 5 SYSTEMPATH\CodeIgniter.php(933): App\Controllers\Productos->mostrarMinimosExcel()
 6 SYSTEMPATH\CodeIgniter.php(507): CodeIgniter\CodeIgniter->runController(Object(App\Controllers\Productos))
 7 SYSTEMPATH\CodeIgniter.php(354): CodeIgniter\CodeIgniter->handleRequest(null, Object(Config\Cache), false)
 8 SYSTEMPATH\Boot.php(363): CodeIgniter\CodeIgniter->run()
 9 SYSTEMPATH\Boot.php(68): CodeIgniter\Boot::runCodeIgniter(Object(CodeIgniter\CodeIgniter))
10 FCPATH\index.php(59): CodeIgniter\Boot::bootWeb(Object(Config\Paths))
CRITICAL - 2025-11-29 20:38:33 --> ErrorException: fopen(reporte.xlsx): Failed to open stream: Resource temporarily unavailable
[Method: GET, Route: productos/mostrarMinimosExcel]
in VENDORPATH\phpoffice\phpspreadsheet\src\PhpSpreadsheet\Writer\BaseWriter.php on line 117.
 1 [internal function]: CodeIgniter\Debug\Exceptions->errorHandler(2, 'fopen(reporte.xlsx): Failed to open stream: Resource temporarily unavailable', 'C:\\xampp\\htdocs\\pos\\vendor\\phpoffice\\phpspreadsheet\\src\\PhpSpreadsheet\\Writer\\BaseWriter.php', 117)
 2 VENDORPATH\phpoffice\phpspreadsheet\src\PhpSpreadsheet\Writer\BaseWriter.php(117): fopen('reporte.xlsx', 'wb')
 3 VENDORPATH\phpoffice\phpspreadsheet\src\PhpSpreadsheet\Writer\Xlsx.php(564): PhpOffice\PhpSpreadsheet\Writer\BaseWriter->openFileHandle('reporte.xlsx')
 4 APPPATH\Controllers\Productos.php(403): PhpOffice\PhpSpreadsheet\Writer\Xlsx->save('reporte.xlsx')
 5 SYSTEMPATH\CodeIgniter.php(933): App\Controllers\Productos->mostrarMinimosExcel()
 6 SYSTEMPATH\CodeIgniter.php(507): CodeIgniter\CodeIgniter->runController(Object(App\Controllers\Productos))
 7 SYSTEMPATH\CodeIgniter.php(354): CodeIgniter\CodeIgniter->handleRequest(null, Object(Config\Cache), false)
 8 SYSTEMPATH\Boot.php(363): CodeIgniter\CodeIgniter->run()
 9 SYSTEMPATH\Boot.php(68): CodeIgniter\Boot::runCodeIgniter(Object(CodeIgniter\CodeIgniter))
10 FCPATH\index.php(59): CodeIgniter\Boot::bootWeb(Object(Config\Paths))
CRITICAL - 2025-11-29 20:57:34 --> PhpOffice\PhpSpreadsheet\Exception: File images/logotipo.jng not found!
[Method: GET, Route: productos/mostrarMinimosExcel]
in VENDORPATH\phpoffice\phpspreadsheet\src\PhpSpreadsheet\Worksheet\Drawing.php on line 164.
 1 APPPATH\Controllers\Productos.php(357): PhpOffice\PhpSpreadsheet\Worksheet\Drawing->setPath('images/logotipo.jng')
 2 SYSTEMPATH\CodeIgniter.php(933): App\Controllers\Productos->mostrarMinimosExcel()
 3 SYSTEMPATH\CodeIgniter.php(507): CodeIgniter\CodeIgniter->runController(Object(App\Controllers\Productos))
 4 SYSTEMPATH\CodeIgniter.php(354): CodeIgniter\CodeIgniter->handleRequest(null, Object(Config\Cache), false)
 5 SYSTEMPATH\Boot.php(363): CodeIgniter\CodeIgniter->run()
 6 SYSTEMPATH\Boot.php(68): CodeIgniter\Boot::runCodeIgniter(Object(CodeIgniter\CodeIgniter))
 7 FCPATH\index.php(59): CodeIgniter\Boot::bootWeb(Object(Config\Paths))
CRITICAL - 2025-11-29 20:57:36 --> PhpOffice\PhpSpreadsheet\Exception: File images/logotipo.jng not found!
[Method: GET, Route: productos/mostrarMinimosExcel]
in VENDORPATH\phpoffice\phpspreadsheet\src\PhpSpreadsheet\Worksheet\Drawing.php on line 164.
 1 APPPATH\Controllers\Productos.php(357): PhpOffice\PhpSpreadsheet\Worksheet\Drawing->setPath('images/logotipo.jng')
 2 SYSTEMPATH\CodeIgniter.php(933): App\Controllers\Productos->mostrarMinimosExcel()
 3 SYSTEMPATH\CodeIgniter.php(507): CodeIgniter\CodeIgniter->runController(Object(App\Controllers\Productos))
 4 SYSTEMPATH\CodeIgniter.php(354): CodeIgniter\CodeIgniter->handleRequest(null, Object(Config\Cache), false)
 5 SYSTEMPATH\Boot.php(363): CodeIgniter\CodeIgniter->run()
 6 SYSTEMPATH\Boot.php(68): CodeIgniter\Boot::runCodeIgniter(Object(CodeIgniter\CodeIgniter))
 7 FCPATH\index.php(59): CodeIgniter\Boot::bootWeb(Object(Config\Paths))
CRITICAL - 2025-11-29 20:57:38 --> PhpOffice\PhpSpreadsheet\Exception: File images/logotipo.jng not found!
[Method: GET, Route: productos/mostrarMinimosExcel]
in VENDORPATH\phpoffice\phpspreadsheet\src\PhpSpreadsheet\Worksheet\Drawing.php on line 164.
 1 APPPATH\Controllers\Productos.php(357): PhpOffice\PhpSpreadsheet\Worksheet\Drawing->setPath('images/logotipo.jng')
 2 SYSTEMPATH\CodeIgniter.php(933): App\Controllers\Productos->mostrarMinimosExcel()
 3 SYSTEMPATH\CodeIgniter.php(507): CodeIgniter\CodeIgniter->runController(Object(App\Controllers\Productos))
 4 SYSTEMPATH\CodeIgniter.php(354): CodeIgniter\CodeIgniter->handleRequest(null, Object(Config\Cache), false)
 5 SYSTEMPATH\Boot.php(363): CodeIgniter\CodeIgniter->run()
 6 SYSTEMPATH\Boot.php(68): CodeIgniter\Boot::runCodeIgniter(Object(CodeIgniter\CodeIgniter))
 7 FCPATH\index.php(59): CodeIgniter\Boot::bootWeb(Object(Config\Paths))
CRITICAL - 2025-11-29 20:58:10 --> ErrorException: fopen(reporte.xlsx): Failed to open stream: Resource temporarily unavailable
[Method: GET, Route: productos/mostrarMinimosExcel]
in VENDORPATH\phpoffice\phpspreadsheet\src\PhpSpreadsheet\Writer\BaseWriter.php on line 117.
 1 [internal function]: CodeIgniter\Debug\Exceptions->errorHandler(2, 'fopen(reporte.xlsx): Failed to open stream: Resource temporarily unavailable', 'C:\\xampp\\htdocs\\pos\\vendor\\phpoffice\\phpspreadsheet\\src\\PhpSpreadsheet\\Writer\\BaseWriter.php', 117)
 2 VENDORPATH\phpoffice\phpspreadsheet\src\PhpSpreadsheet\Writer\BaseWriter.php(117): fopen('reporte.xlsx', 'wb')
 3 VENDORPATH\phpoffice\phpspreadsheet\src\PhpSpreadsheet\Writer\Xlsx.php(564): PhpOffice\PhpSpreadsheet\Writer\BaseWriter->openFileHandle('reporte.xlsx')
 4 APPPATH\Controllers\Productos.php(411): PhpOffice\PhpSpreadsheet\Writer\Xlsx->save('reporte.xlsx')
 5 SYSTEMPATH\CodeIgniter.php(933): App\Controllers\Productos->mostrarMinimosExcel()
 6 SYSTEMPATH\CodeIgniter.php(507): CodeIgniter\CodeIgniter->runController(Object(App\Controllers\Productos))
 7 SYSTEMPATH\CodeIgniter.php(354): CodeIgniter\CodeIgniter->handleRequest(null, Object(Config\Cache), false)
 8 SYSTEMPATH\Boot.php(363): CodeIgniter\CodeIgniter->run()
 9 SYSTEMPATH\Boot.php(68): CodeIgniter\Boot::runCodeIgniter(Object(CodeIgniter\CodeIgniter))
10 FCPATH\index.php(59): CodeIgniter\Boot::bootWeb(Object(Config\Paths))
DEBUG - 2025-11-29 20:59:58 --> Session: Class initialized using 'CodeIgniter\Session\Handlers\FileHandler' driver.
WARNING - 2025-11-29 20:59:59 --> [DEPRECATED] Function utf8_decode() is deprecated in APPPATH\Controllers\Productos.php on line 322.
 1 SYSTEMPATH\CodeIgniter.php(933): App\Controllers\Productos->generaMinimos()
 2 SYSTEMPATH\CodeIgniter.php(507): CodeIgniter\CodeIgniter->runController(Object(App\Controllers\Productos))
 3 SYSTEMPATH\CodeIgniter.php(354): CodeIgniter\CodeIgniter->handleRequest(null, Object(Config\Cache), false)
 4 SYSTEMPATH\Boot.php(363): CodeIgniter\CodeIgniter->run()
 5 SYSTEMPATH\Boot.php(68): CodeIgniter\Boot::runCodeIgniter(Object(CodeIgniter\CodeIgniter))
 6 FCPATH\index.php(59): CodeIgniter\Boot::bootWeb(Object(Config\Paths))
WARNING - 2025-11-29 21:00:00 --> [DEPRECATED] Function utf8_decode() is deprecated in APPPATH\Controllers\Productos.php on line 326.
 1 SYSTEMPATH\CodeIgniter.php(933): App\Controllers\Productos->generaMinimos()
 2 SYSTEMPATH\CodeIgniter.php(507): CodeIgniter\CodeIgniter->runController(Object(App\Controllers\Productos))
 3 SYSTEMPATH\CodeIgniter.php(354): CodeIgniter\CodeIgniter->handleRequest(null, Object(Config\Cache), false)
 4 SYSTEMPATH\Boot.php(363): CodeIgniter\CodeIgniter->run()
 5 SYSTEMPATH\Boot.php(68): CodeIgniter\Boot::runCodeIgniter(Object(CodeIgniter\CodeIgniter))
 6 FCPATH\index.php(59): CodeIgniter\Boot::bootWeb(Object(Config\Paths))
WARNING - 2025-11-29 21:00:00 --> [DEPRECATED] Function utf8_decode() is deprecated in APPPATH\Controllers\Productos.php on line 329.
 1 SYSTEMPATH\CodeIgniter.php(933): App\Controllers\Productos->generaMinimos()
 2 SYSTEMPATH\CodeIgniter.php(507): CodeIgniter\CodeIgniter->runController(Object(App\Controllers\Productos))
 3 SYSTEMPATH\CodeIgniter.php(354): CodeIgniter\CodeIgniter->handleRequest(null, Object(Config\Cache), false)
 4 SYSTEMPATH\Boot.php(363): CodeIgniter\CodeIgniter->run()
 5 SYSTEMPATH\Boot.php(68): CodeIgniter\Boot::runCodeIgniter(Object(CodeIgniter\CodeIgniter))
 6 FCPATH\index.php(59): CodeIgniter\Boot::bootWeb(Object(Config\Paths))
WARNING - 2025-11-29 21:00:00 --> [DEPRECATED] Function utf8_decode() is deprecated in APPPATH\Controllers\Productos.php on line 330.
 1 SYSTEMPATH\CodeIgniter.php(933): App\Controllers\Productos->generaMinimos()
 2 SYSTEMPATH\CodeIgniter.php(507): CodeIgniter\CodeIgniter->runController(Object(App\Controllers\Productos))
 3 SYSTEMPATH\CodeIgniter.php(354): CodeIgniter\CodeIgniter->handleRequest(null, Object(Config\Cache), false)
 4 SYSTEMPATH\Boot.php(363): CodeIgniter\CodeIgniter->run()
 5 SYSTEMPATH\Boot.php(68): CodeIgniter\Boot::runCodeIgniter(Object(CodeIgniter\CodeIgniter))
 6 FCPATH\index.php(59): CodeIgniter\Boot::bootWeb(Object(Config\Paths))
WARNING - 2025-11-29 21:00:00 --> [DEPRECATED] Function utf8_decode() is deprecated in APPPATH\Controllers\Productos.php on line 331.
 1 SYSTEMPATH\CodeIgniter.php(933): App\Controllers\Productos->generaMinimos()
 2 SYSTEMPATH\CodeIgniter.php(507): CodeIgniter\CodeIgniter->runController(Object(App\Controllers\Productos))
 3 SYSTEMPATH\CodeIgniter.php(354): CodeIgniter\CodeIgniter->handleRequest(null, Object(Config\Cache), false)
 4 SYSTEMPATH\Boot.php(363): CodeIgniter\CodeIgniter->run()
 5 SYSTEMPATH\Boot.php(68): CodeIgniter\Boot::runCodeIgniter(Object(CodeIgniter\CodeIgniter))
 6 FCPATH\index.php(59): CodeIgniter\Boot::bootWeb(Object(Config\Paths))
WARNING - 2025-11-29 21:00:00 --> [DEPRECATED] Function utf8_decode() is deprecated in APPPATH\Controllers\Productos.php on line 332.
 1 SYSTEMPATH\CodeIgniter.php(933): App\Controllers\Productos->generaMinimos()
 2 SYSTEMPATH\CodeIgniter.php(507): CodeIgniter\CodeIgniter->runController(Object(App\Controllers\Productos))
 3 SYSTEMPATH\CodeIgniter.php(354): CodeIgniter\CodeIgniter->handleRequest(null, Object(Config\Cache), false)
 4 SYSTEMPATH\Boot.php(363): CodeIgniter\CodeIgniter->run()
 5 SYSTEMPATH\Boot.php(68): CodeIgniter\Boot::runCodeIgniter(Object(CodeIgniter\CodeIgniter))
 6 FCPATH\index.php(59): CodeIgniter\Boot::bootWeb(Object(Config\Paths))
CRITICAL - 2025-11-29 21:00:08 --> ErrorException: fopen(reporte.xlsx): Failed to open stream: Resource temporarily unavailable
[Method: GET, Route: productos/mostrarMinimosExcel]
in VENDORPATH\phpoffice\phpspreadsheet\src\PhpSpreadsheet\Writer\BaseWriter.php on line 117.
 1 [internal function]: CodeIgniter\Debug\Exceptions->errorHandler(2, 'fopen(reporte.xlsx): Failed to open stream: Resource temporarily unavailable', 'C:\\xampp\\htdocs\\pos\\vendor\\phpoffice\\phpspreadsheet\\src\\PhpSpreadsheet\\Writer\\BaseWriter.php', 117)
 2 VENDORPATH\phpoffice\phpspreadsheet\src\PhpSpreadsheet\Writer\BaseWriter.php(117): fopen('reporte.xlsx', 'wb')
 3 VENDORPATH\phpoffice\phpspreadsheet\src\PhpSpreadsheet\Writer\Xlsx.php(564): PhpOffice\PhpSpreadsheet\Writer\BaseWriter->openFileHandle('reporte.xlsx')
 4 APPPATH\Controllers\Productos.php(411): PhpOffice\PhpSpreadsheet\Writer\Xlsx->save('reporte.xlsx')
 5 SYSTEMPATH\CodeIgniter.php(933): App\Controllers\Productos->mostrarMinimosExcel()
 6 SYSTEMPATH\CodeIgniter.php(507): CodeIgniter\CodeIgniter->runController(Object(App\Controllers\Productos))
 7 SYSTEMPATH\CodeIgniter.php(354): CodeIgniter\CodeIgniter->handleRequest(null, Object(Config\Cache), false)
 8 SYSTEMPATH\Boot.php(363): CodeIgniter\CodeIgniter->run()
 9 SYSTEMPATH\Boot.php(68): CodeIgniter\Boot::runCodeIgniter(Object(CodeIgniter\CodeIgniter))
10 FCPATH\index.php(59): CodeIgniter\Boot::bootWeb(Object(Config\Paths))
DEBUG - 2025-11-29 21:00:10 --> Session: Class initialized using 'CodeIgniter\Session\Handlers\FileHandler' driver.
WARNING - 2025-11-29 21:00:10 --> [DEPRECATED] Function utf8_decode() is deprecated in APPPATH\Controllers\Productos.php on line 322.
 1 SYSTEMPATH\CodeIgniter.php(933): App\Controllers\Productos->generaMinimos()
 2 SYSTEMPATH\CodeIgniter.php(507): CodeIgniter\CodeIgniter->runController(Object(App\Controllers\Productos))
 3 SYSTEMPATH\CodeIgniter.php(354): CodeIgniter\CodeIgniter->handleRequest(null, Object(Config\Cache), false)
 4 SYSTEMPATH\Boot.php(363): CodeIgniter\CodeIgniter->run()
 5 SYSTEMPATH\Boot.php(68): CodeIgniter\Boot::runCodeIgniter(Object(CodeIgniter\CodeIgniter))
 6 FCPATH\index.php(59): CodeIgniter\Boot::bootWeb(Object(Config\Paths))
WARNING - 2025-11-29 21:00:11 --> [DEPRECATED] Function utf8_decode() is deprecated in APPPATH\Controllers\Productos.php on line 326.
 1 SYSTEMPATH\CodeIgniter.php(933): App\Controllers\Productos->generaMinimos()
 2 SYSTEMPATH\CodeIgniter.php(507): CodeIgniter\CodeIgniter->runController(Object(App\Controllers\Productos))
 3 SYSTEMPATH\CodeIgniter.php(354): CodeIgniter\CodeIgniter->handleRequest(null, Object(Config\Cache), false)
 4 SYSTEMPATH\Boot.php(363): CodeIgniter\CodeIgniter->run()
 5 SYSTEMPATH\Boot.php(68): CodeIgniter\Boot::runCodeIgniter(Object(CodeIgniter\CodeIgniter))
 6 FCPATH\index.php(59): CodeIgniter\Boot::bootWeb(Object(Config\Paths))
WARNING - 2025-11-29 21:00:11 --> [DEPRECATED] Function utf8_decode() is deprecated in APPPATH\Controllers\Productos.php on line 329.
 1 SYSTEMPATH\CodeIgniter.php(933): App\Controllers\Productos->generaMinimos()
 2 SYSTEMPATH\CodeIgniter.php(507): CodeIgniter\CodeIgniter->runController(Object(App\Controllers\Productos))
 3 SYSTEMPATH\CodeIgniter.php(354): CodeIgniter\CodeIgniter->handleRequest(null, Object(Config\Cache), false)
 4 SYSTEMPATH\Boot.php(363): CodeIgniter\CodeIgniter->run()
 5 SYSTEMPATH\Boot.php(68): CodeIgniter\Boot::runCodeIgniter(Object(CodeIgniter\CodeIgniter))
 6 FCPATH\index.php(59): CodeIgniter\Boot::bootWeb(Object(Config\Paths))
WARNING - 2025-11-29 21:00:11 --> [DEPRECATED] Function utf8_decode() is deprecated in APPPATH\Controllers\Productos.php on line 330.
 1 SYSTEMPATH\CodeIgniter.php(933): App\Controllers\Productos->generaMinimos()
 2 SYSTEMPATH\CodeIgniter.php(507): CodeIgniter\CodeIgniter->runController(Object(App\Controllers\Productos))
 3 SYSTEMPATH\CodeIgniter.php(354): CodeIgniter\CodeIgniter->handleRequest(null, Object(Config\Cache), false)
 4 SYSTEMPATH\Boot.php(363): CodeIgniter\CodeIgniter->run()
 5 SYSTEMPATH\Boot.php(68): CodeIgniter\Boot::runCodeIgniter(Object(CodeIgniter\CodeIgniter))
 6 FCPATH\index.php(59): CodeIgniter\Boot::bootWeb(Object(Config\Paths))
WARNING - 2025-11-29 21:00:11 --> [DEPRECATED] Function utf8_decode() is deprecated in APPPATH\Controllers\Productos.php on line 331.
 1 SYSTEMPATH\CodeIgniter.php(933): App\Controllers\Productos->generaMinimos()
 2 SYSTEMPATH\CodeIgniter.php(507): CodeIgniter\CodeIgniter->runController(Object(App\Controllers\Productos))
 3 SYSTEMPATH\CodeIgniter.php(354): CodeIgniter\CodeIgniter->handleRequest(null, Object(Config\Cache), false)
 4 SYSTEMPATH\Boot.php(363): CodeIgniter\CodeIgniter->run()
 5 SYSTEMPATH\Boot.php(68): CodeIgniter\Boot::runCodeIgniter(Object(CodeIgniter\CodeIgniter))
 6 FCPATH\index.php(59): CodeIgniter\Boot::bootWeb(Object(Config\Paths))
WARNING - 2025-11-29 21:00:11 --> [DEPRECATED] Function utf8_decode() is deprecated in APPPATH\Controllers\Productos.php on line 332.
 1 SYSTEMPATH\CodeIgniter.php(933): App\Controllers\Productos->generaMinimos()
 2 SYSTEMPATH\CodeIgniter.php(507): CodeIgniter\CodeIgniter->runController(Object(App\Controllers\Productos))
 3 SYSTEMPATH\CodeIgniter.php(354): CodeIgniter\CodeIgniter->handleRequest(null, Object(Config\Cache), false)
 4 SYSTEMPATH\Boot.php(363): CodeIgniter\CodeIgniter->run()
 5 SYSTEMPATH\Boot.php(68): CodeIgniter\Boot::runCodeIgniter(Object(CodeIgniter\CodeIgniter))
 6 FCPATH\index.php(59): CodeIgniter\Boot::bootWeb(Object(Config\Paths))
DEBUG - 2025-11-29 21:05:16 --> Session: Class initialized using 'CodeIgniter\Session\Handlers\FileHandler' driver.
DEBUG - 2025-11-29 21:14:38 --> Session: Class initialized using 'CodeIgniter\Session\Handlers\FileHandler' driver.
DEBUG - 2025-11-29 21:15:01 --> Session: Class initialized using 'CodeIgniter\Session\Handlers\FileHandler' driver.
DEBUG - 2025-11-29 21:18:24 --> Session: Class initialized using 'CodeIgniter\Session\Handlers\FileHandler' driver.
DEBUG - 2025-11-29 21:30:32 --> Session: Class initialized using 'CodeIgniter\Session\Handlers\FileHandler' driver.
DEBUG - 2025-11-29 21:34:34 --> Session: Class initialized using 'CodeIgniter\Session\Handlers\FileHandler' driver.
DEBUG - 2025-11-29 21:34:37 --> Session: Class initialized using 'CodeIgniter\Session\Handlers\FileHandler' driver.
DEBUG - 2025-11-29 21:34:48 --> Session: Class initialized using 'CodeIgniter\Session\Handlers\FileHandler' driver.
DEBUG - 2025-11-29 21:34:54 --> Session: Class initialized using 'CodeIgniter\Session\Handlers\FileHandler' driver.
DEBUG - 2025-11-29 21:35:15 --> Session: Class initialized using 'CodeIgniter\Session\Handlers\FileHandler' driver.
DEBUG - 2025-11-29 21:35:15 --> Session: Class initialized using 'CodeIgniter\Session\Handlers\FileHandler' driver.
DEBUG - 2025-11-29 21:35:44 --> Session: Class initialized using 'CodeIgniter\Session\Handlers\FileHandler' driver.
DEBUG - 2025-11-29 21:35:52 --> Session: Class initialized using 'CodeIgniter\Session\Handlers\FileHandler' driver.
DEBUG - 2025-11-29 21:36:03 --> Session: Class initialized using 'CodeIgniter\Session\Handlers\FileHandler' driver.
DEBUG - 2025-11-29 21:36:07 --> Session: Class initialized using 'CodeIgniter\Session\Handlers\FileHandler' driver.
DEBUG - 2025-11-29 21:36:21 --> Session: Class initialized using 'CodeIgniter\Session\Handlers\FileHandler' driver.
DEBUG - 2025-11-29 21:36:40 --> Session: Class initialized using 'CodeIgniter\Session\Handlers\FileHandler' driver.
DEBUG - 2025-11-29 21:36:52 --> Session: Class initialized using 'CodeIgniter\Session\Handlers\FileHandler' driver.
DEBUG - 2025-11-29 21:36:56 --> Session: Class initialized using 'CodeIgniter\Session\Handlers\FileHandler' driver.
DEBUG - 2025-11-29 21:38:24 --> Session: Class initialized using 'CodeIgniter\Session\Handlers\FileHandler' driver.
DEBUG - 2025-11-29 21:38:30 --> Session: Class initialized using 'CodeIgniter\Session\Handlers\FileHandler' driver.
WARNING - 2025-11-29 21:38:31 --> [DEPRECATED] Function utf8_decode() is deprecated in APPPATH\Controllers\Compras.php on line 136.
 1 SYSTEMPATH\CodeIgniter.php(933): App\Controllers\Compras->generarCompraPdf('1')
 2 SYSTEMPATH\CodeIgniter.php(507): CodeIgniter\CodeIgniter->runController(Object(App\Controllers\Compras))
 3 SYSTEMPATH\CodeIgniter.php(354): CodeIgniter\CodeIgniter->handleRequest(null, Object(Config\Cache), false)
 4 SYSTEMPATH\Boot.php(363): CodeIgniter\CodeIgniter->run()
 5 SYSTEMPATH\Boot.php(68): CodeIgniter\Boot::runCodeIgniter(Object(CodeIgniter\CodeIgniter))
 6 FCPATH\index.php(59): CodeIgniter\Boot::bootWeb(Object(Config\Paths))
WARNING - 2025-11-29 21:38:31 --> [DEPRECATED] Function utf8_decode() is deprecated in APPPATH\Controllers\Compras.php on line 140.
 1 SYSTEMPATH\CodeIgniter.php(933): App\Controllers\Compras->generarCompraPdf('1')
 2 SYSTEMPATH\CodeIgniter.php(507): CodeIgniter\CodeIgniter->runController(Object(App\Controllers\Compras))
 3 SYSTEMPATH\CodeIgniter.php(354): CodeIgniter\CodeIgniter->handleRequest(null, Object(Config\Cache), false)
 4 SYSTEMPATH\Boot.php(363): CodeIgniter\CodeIgniter->run()
 5 SYSTEMPATH\Boot.php(68): CodeIgniter\Boot::runCodeIgniter(Object(CodeIgniter\CodeIgniter))
 6 FCPATH\index.php(59): CodeIgniter\Boot::bootWeb(Object(Config\Paths))
DEBUG - 2025-11-29 21:38:38 --> Session: Class initialized using 'CodeIgniter\Session\Handlers\FileHandler' driver.
WARNING - 2025-11-29 21:38:39 --> [DEPRECATED] Function utf8_decode() is deprecated in APPPATH\Controllers\Compras.php on line 136.
 1 SYSTEMPATH\CodeIgniter.php(933): App\Controllers\Compras->generarCompraPdf('1')
 2 SYSTEMPATH\CodeIgniter.php(507): CodeIgniter\CodeIgniter->runController(Object(App\Controllers\Compras))
 3 SYSTEMPATH\CodeIgniter.php(354): CodeIgniter\CodeIgniter->handleRequest(null, Object(Config\Cache), false)
 4 SYSTEMPATH\Boot.php(363): CodeIgniter\CodeIgniter->run()
 5 SYSTEMPATH\Boot.php(68): CodeIgniter\Boot::runCodeIgniter(Object(CodeIgniter\CodeIgniter))
 6 FCPATH\index.php(59): CodeIgniter\Boot::bootWeb(Object(Config\Paths))
WARNING - 2025-11-29 21:38:39 --> [DEPRECATED] Function utf8_decode() is deprecated in APPPATH\Controllers\Compras.php on line 140.
 1 SYSTEMPATH\CodeIgniter.php(933): App\Controllers\Compras->generarCompraPdf('1')
 2 SYSTEMPATH\CodeIgniter.php(507): CodeIgniter\CodeIgniter->runController(Object(App\Controllers\Compras))
 3 SYSTEMPATH\CodeIgniter.php(354): CodeIgniter\CodeIgniter->handleRequest(null, Object(Config\Cache), false)
 4 SYSTEMPATH\Boot.php(363): CodeIgniter\CodeIgniter->run()
 5 SYSTEMPATH\Boot.php(68): CodeIgniter\Boot::runCodeIgniter(Object(CodeIgniter\CodeIgniter))
 6 FCPATH\index.php(59): CodeIgniter\Boot::bootWeb(Object(Config\Paths))
DEBUG - 2025-11-29 21:38:45 --> Session: Class initialized using 'CodeIgniter\Session\Handlers\FileHandler' driver.
WARNING - 2025-11-29 21:38:45 --> [DEPRECATED] Function utf8_decode() is deprecated in APPPATH\Controllers\Compras.php on line 136.
 1 SYSTEMPATH\CodeIgniter.php(933): App\Controllers\Compras->generarCompraPdf('11')
 2 SYSTEMPATH\CodeIgniter.php(507): CodeIgniter\CodeIgniter->runController(Object(App\Controllers\Compras))
 3 SYSTEMPATH\CodeIgniter.php(354): CodeIgniter\CodeIgniter->handleRequest(null, Object(Config\Cache), false)
 4 SYSTEMPATH\Boot.php(363): CodeIgniter\CodeIgniter->run()
 5 SYSTEMPATH\Boot.php(68): CodeIgniter\Boot::runCodeIgniter(Object(CodeIgniter\CodeIgniter))
 6 FCPATH\index.php(59): CodeIgniter\Boot::bootWeb(Object(Config\Paths))
WARNING - 2025-11-29 21:38:45 --> [DEPRECATED] Function utf8_decode() is deprecated in APPPATH\Controllers\Compras.php on line 140.
 1 SYSTEMPATH\CodeIgniter.php(933): App\Controllers\Compras->generarCompraPdf('11')
 2 SYSTEMPATH\CodeIgniter.php(507): CodeIgniter\CodeIgniter->runController(Object(App\Controllers\Compras))
 3 SYSTEMPATH\CodeIgniter.php(354): CodeIgniter\CodeIgniter->handleRequest(null, Object(Config\Cache), false)
 4 SYSTEMPATH\Boot.php(363): CodeIgniter\CodeIgniter->run()
 5 SYSTEMPATH\Boot.php(68): CodeIgniter\Boot::runCodeIgniter(Object(CodeIgniter\CodeIgniter))
 6 FCPATH\index.php(59): CodeIgniter\Boot::bootWeb(Object(Config\Paths))
DEBUG - 2025-11-29 21:38:56 --> Session: Class initialized using 'CodeIgniter\Session\Handlers\FileHandler' driver.
WARNING - 2025-11-29 21:38:56 --> [DEPRECATED] Function utf8_decode() is deprecated in APPPATH\Controllers\Compras.php on line 136.
 1 SYSTEMPATH\CodeIgniter.php(933): App\Controllers\Compras->generarCompraPdf('2')
 2 SYSTEMPATH\CodeIgniter.php(507): CodeIgniter\CodeIgniter->runController(Object(App\Controllers\Compras))
 3 SYSTEMPATH\CodeIgniter.php(354): CodeIgniter\CodeIgniter->handleRequest(null, Object(Config\Cache), false)
 4 SYSTEMPATH\Boot.php(363): CodeIgniter\CodeIgniter->run()
 5 SYSTEMPATH\Boot.php(68): CodeIgniter\Boot::runCodeIgniter(Object(CodeIgniter\CodeIgniter))
 6 FCPATH\index.php(59): CodeIgniter\Boot::bootWeb(Object(Config\Paths))
WARNING - 2025-11-29 21:38:56 --> [DEPRECATED] Function utf8_decode() is deprecated in APPPATH\Controllers\Compras.php on line 140.
 1 SYSTEMPATH\CodeIgniter.php(933): App\Controllers\Compras->generarCompraPdf('2')
 2 SYSTEMPATH\CodeIgniter.php(507): CodeIgniter\CodeIgniter->runController(Object(App\Controllers\Compras))
 3 SYSTEMPATH\CodeIgniter.php(354): CodeIgniter\CodeIgniter->handleRequest(null, Object(Config\Cache), false)
 4 SYSTEMPATH\Boot.php(363): CodeIgniter\CodeIgniter->run()
 5 SYSTEMPATH\Boot.php(68): CodeIgniter\Boot::runCodeIgniter(Object(CodeIgniter\CodeIgniter))
 6 FCPATH\index.php(59): CodeIgniter\Boot::bootWeb(Object(Config\Paths))
DEBUG - 2025-11-29 21:39:11 --> Session: Class initialized using 'CodeIgniter\Session\Handlers\FileHandler' driver.
DEBUG - 2025-11-29 21:45:24 --> Session: Class initialized using 'CodeIgniter\Session\Handlers\FileHandler' driver.
CRITICAL - 2025-11-29 21:45:24 --> ErrorException: Undefined variable $productosVendidosNombres
[Method: GET, Route: inicio]
in APPPATH\Views\inicio.php on line 101.
 1 APPPATH\Views\inicio.php(101): CodeIgniter\Debug\Exceptions->errorHandler(2, 'Undefined variable $productosVendidosNombres', 'C:\\xampp\\htdocs\\pos\\app\\Views\\inicio.php', 101)
 2 SYSTEMPATH\View\View.php(226): include('C:\\xampp\\htdocs\\pos\\app\\Views\\inicio.php')
 3 SYSTEMPATH\View\View.php(229): CodeIgniter\View\View->CodeIgniter\View\{closure}()
 4 SYSTEMPATH\Common.php(1167): CodeIgniter\View\View->render('inicio', [], true)
 5 APPPATH\Controllers\Inicio.php(39): view('inicio', [...])
 6 SYSTEMPATH\CodeIgniter.php(933): App\Controllers\Inicio->index()
 7 SYSTEMPATH\CodeIgniter.php(507): CodeIgniter\CodeIgniter->runController(Object(App\Controllers\Inicio))
 8 SYSTEMPATH\CodeIgniter.php(354): CodeIgniter\CodeIgniter->handleRequest(null, Object(Config\Cache), false)
 9 SYSTEMPATH\Boot.php(363): CodeIgniter\CodeIgniter->run()
10 SYSTEMPATH\Boot.php(68): CodeIgniter\Boot::runCodeIgniter(Object(CodeIgniter\CodeIgniter))
11 FCPATH\index.php(59): CodeIgniter\Boot::bootWeb(Object(Config\Paths))
DEBUG - 2025-11-29 21:45:29 --> Session: Class initialized using 'CodeIgniter\Session\Handlers\FileHandler' driver.
CRITICAL - 2025-11-29 21:45:29 --> ErrorException: Undefined variable $productosVendidosNombres
[Method: GET, Route: inicio]
in APPPATH\Views\inicio.php on line 101.
 1 APPPATH\Views\inicio.php(101): CodeIgniter\Debug\Exceptions->errorHandler(2, 'Undefined variable $productosVendidosNombres', 'C:\\xampp\\htdocs\\pos\\app\\Views\\inicio.php', 101)
 2 SYSTEMPATH\View\View.php(226): include('C:\\xampp\\htdocs\\pos\\app\\Views\\inicio.php')
 3 SYSTEMPATH\View\View.php(229): CodeIgniter\View\View->CodeIgniter\View\{closure}()
 4 SYSTEMPATH\Common.php(1167): CodeIgniter\View\View->render('inicio', [], true)
 5 APPPATH\Controllers\Inicio.php(39): view('inicio', [...])
 6 SYSTEMPATH\CodeIgniter.php(933): App\Controllers\Inicio->index()
 7 SYSTEMPATH\CodeIgniter.php(507): CodeIgniter\CodeIgniter->runController(Object(App\Controllers\Inicio))
 8 SYSTEMPATH\CodeIgniter.php(354): CodeIgniter\CodeIgniter->handleRequest(null, Object(Config\Cache), false)
 9 SYSTEMPATH\Boot.php(363): CodeIgniter\CodeIgniter->run()
10 SYSTEMPATH\Boot.php(68): CodeIgniter\Boot::runCodeIgniter(Object(CodeIgniter\CodeIgniter))
11 FCPATH\index.php(59): CodeIgniter\Boot::bootWeb(Object(Config\Paths))
DEBUG - 2025-11-29 21:50:25 --> Session: Class initialized using 'CodeIgniter\Session\Handlers\FileHandler' driver.
DEBUG - 2025-11-29 21:54:54 --> Session: Class initialized using 'CodeIgniter\Session\Handlers\FileHandler' driver.
DEBUG - 2025-11-29 21:54:56 --> Session: Class initialized using 'CodeIgniter\Session\Handlers\FileHandler' driver.
DEBUG - 2025-11-29 21:55:53 --> Session: Class initialized using 'CodeIgniter\Session\Handlers\FileHandler' driver.
DEBUG - 2025-11-29 21:56:02 --> Session: Class initialized using 'CodeIgniter\Session\Handlers\FileHandler' driver.
DEBUG - 2025-11-29 21:56:08 --> Session: Class initialized using 'CodeIgniter\Session\Handlers\FileHandler' driver.
DEBUG - 2025-11-29 21:56:15 --> Session: Class initialized using 'CodeIgniter\Session\Handlers\FileHandler' driver.
DEBUG - 2025-11-29 21:56:21 --> Session: Class initialized using 'CodeIgniter\Session\Handlers\FileHandler' driver.
DEBUG - 2025-11-29 21:56:29 --> Session: Class initialized using 'CodeIgniter\Session\Handlers\FileHandler' driver.
DEBUG - 2025-11-29 21:56:34 --> Session: Class initialized using 'CodeIgniter\Session\Handlers\FileHandler' driver.
DEBUG - 2025-11-29 21:56:40 --> Session: Class initialized using 'CodeIgniter\Session\Handlers\FileHandler' driver.
DEBUG - 2025-11-29 21:57:43 --> Session: Class initialized using 'CodeIgniter\Session\Handlers\FileHandler' driver.
DEBUG - 2025-11-29 21:57:56 --> Session: Class initialized using 'CodeIgniter\Session\Handlers\FileHandler' driver.
DEBUG - 2025-11-29 21:57:56 --> Session: Class initialized using 'CodeIgniter\Session\Handlers\FileHandler' driver.
DEBUG - 2025-11-29 21:58:03 --> Session: Class initialized using 'CodeIgniter\Session\Handlers\FileHandler' driver.
DEBUG - 2025-11-29 21:58:03 --> Session: Class initialized using 'CodeIgniter\Session\Handlers\FileHandler' driver.
DEBUG - 2025-11-29 22:04:09 --> Session: Class initialized using 'CodeIgniter\Session\Handlers\FileHandler' driver.
DEBUG - 2025-11-29 22:04:10 --> Session: Class initialized using 'CodeIgniter\Session\Handlers\FileHandler' driver.
DEBUG - 2025-11-29 22:08:32 --> Session: Class initialized using 'CodeIgniter\Session\Handlers\FileHandler' driver.
DEBUG - 2025-11-29 22:11:29 --> Session: Class initialized using 'CodeIgniter\Session\Handlers\FileHandler' driver.
DEBUG - 2025-11-29 22:12:33 --> Session: Class initialized using 'CodeIgniter\Session\Handlers\FileHandler' driver.
DEBUG - 2025-11-29 22:21:44 --> Session: Class initialized using 'CodeIgniter\Session\Handlers\FileHandler' driver.
DEBUG - 2025-11-29 22:21:47 --> Session: Class initialized using 'CodeIgniter\Session\Handlers\FileHandler' driver.
DEBUG - 2025-11-29 22:23:13 --> Session: Class initialized using 'CodeIgniter\Session\Handlers\FileHandler' driver.
DEBUG - 2025-11-29 22:23:13 --> Session: Class initialized using 'CodeIgniter\Session\Handlers\FileHandler' driver.
DEBUG - 2025-11-29 22:24:37 --> Session: Class initialized using 'CodeIgniter\Session\Handlers\FileHandler' driver.
DEBUG - 2025-11-29 22:24:40 --> Session: Class initialized using 'CodeIgniter\Session\Handlers\FileHandler' driver.
DEBUG - 2025-11-29 22:24:48 --> Session: Class initialized using 'CodeIgniter\Session\Handlers\FileHandler' driver.
DEBUG - 2025-11-29 22:24:48 --> Session: Class initialized using 'CodeIgniter\Session\Handlers\FileHandler' driver.
DEBUG - 2025-11-29 22:24:50 --> Session: Class initialized using 'CodeIgniter\Session\Handlers\FileHandler' driver.
DEBUG - 2025-11-29 22:24:51 --> Session: Class initialized using 'CodeIgniter\Session\Handlers\FileHandler' driver.
DEBUG - 2025-11-29 22:24:58 --> Session: Class initialized using 'CodeIgniter\Session\Handlers\FileHandler' driver.
DEBUG - 2025-11-29 22:25:07 --> Session: Class initialized using 'CodeIgniter\Session\Handlers\FileHandler' driver.
DEBUG - 2025-11-29 22:25:19 --> Session: Class initialized using 'CodeIgniter\Session\Handlers\FileHandler' driver.
DEBUG - 2025-11-29 22:25:22 --> Session: Class initialized using 'CodeIgniter\Session\Handlers\FileHandler' driver.
DEBUG - 2025-11-29 22:25:25 --> Session: Class initialized using 'CodeIgniter\Session\Handlers\FileHandler' driver.
DEBUG - 2025-11-29 22:25:27 --> Session: Class initialized using 'CodeIgniter\Session\Handlers\FileHandler' driver.
CRITICAL - 2025-11-29 22:25:45 --> ErrorException: fopen(reporte.xlsx): Failed to open stream: Resource temporarily unavailable
[Method: GET, Route: productos/mostrarMinimosExcel]
in VENDORPATH\phpoffice\phpspreadsheet\src\PhpSpreadsheet\Writer\BaseWriter.php on line 117.
 1 [internal function]: CodeIgniter\Debug\Exceptions->errorHandler(2, 'fopen(reporte.xlsx): Failed to open stream: Resource temporarily unavailable', 'C:\\xampp\\htdocs\\pos\\vendor\\phpoffice\\phpspreadsheet\\src\\PhpSpreadsheet\\Writer\\BaseWriter.php', 117)
 2 VENDORPATH\phpoffice\phpspreadsheet\src\PhpSpreadsheet\Writer\BaseWriter.php(117): fopen('reporte.xlsx', 'wb')
 3 VENDORPATH\phpoffice\phpspreadsheet\src\PhpSpreadsheet\Writer\Xlsx.php(564): PhpOffice\PhpSpreadsheet\Writer\BaseWriter->openFileHandle('reporte.xlsx')
 4 APPPATH\Controllers\Productos.php(408): PhpOffice\PhpSpreadsheet\Writer\Xlsx->save('reporte.xlsx')
 5 SYSTEMPATH\CodeIgniter.php(933): App\Controllers\Productos->mostrarMinimosExcel()
 6 SYSTEMPATH\CodeIgniter.php(507): CodeIgniter\CodeIgniter->runController(Object(App\Controllers\Productos))
 7 SYSTEMPATH\CodeIgniter.php(354): CodeIgniter\CodeIgniter->handleRequest(null, Object(Config\Cache), false)
 8 SYSTEMPATH\Boot.php(363): CodeIgniter\CodeIgniter->run()
 9 SYSTEMPATH\Boot.php(68): CodeIgniter\Boot::runCodeIgniter(Object(CodeIgniter\CodeIgniter))
10 FCPATH\index.php(59): CodeIgniter\Boot::bootWeb(Object(Config\Paths))
DEBUG - 2025-11-29 22:25:54 --> Session: Class initialized using 'CodeIgniter\Session\Handlers\FileHandler' driver.
DEBUG - 2025-11-29 22:25:56 --> Session: Class initialized using 'CodeIgniter\Session\Handlers\FileHandler' driver.
DEBUG - 2025-11-29 22:26:04 --> Session: Class initialized using 'CodeIgniter\Session\Handlers\FileHandler' driver.
DEBUG - 2025-11-29 22:26:07 --> Session: Class initialized using 'CodeIgniter\Session\Handlers\FileHandler' driver.
DEBUG - 2025-11-29 22:26:12 --> Session: Class initialized using 'CodeIgniter\Session\Handlers\FileHandler' driver.
DEBUG - 2025-11-29 22:28:22 --> Session: Class initialized using 'CodeIgniter\Session\Handlers\FileHandler' driver.
DEBUG - 2025-11-29 22:28:24 --> Session: Class initialized using 'CodeIgniter\Session\Handlers\FileHandler' driver.
DEBUG - 2025-11-29 22:28:26 --> Session: Class initialized using 'CodeIgniter\Session\Handlers\FileHandler' driver.
DEBUG - 2025-11-29 22:28:31 --> Session: Class initialized using 'CodeIgniter\Session\Handlers\FileHandler' driver.
WARNING - 2025-11-29 22:28:32 --> [DEPRECATED] Function utf8_decode() is deprecated in APPPATH\Controllers\Productos.php on line 319.
 1 SYSTEMPATH\CodeIgniter.php(933): App\Controllers\Productos->generaMinimos()
 2 SYSTEMPATH\CodeIgniter.php(507): CodeIgniter\CodeIgniter->runController(Object(App\Controllers\Productos))
 3 SYSTEMPATH\CodeIgniter.php(354): CodeIgniter\CodeIgniter->handleRequest(null, Object(Config\Cache), false)
 4 SYSTEMPATH\Boot.php(363): CodeIgniter\CodeIgniter->run()
 5 SYSTEMPATH\Boot.php(68): CodeIgniter\Boot::runCodeIgniter(Object(CodeIgniter\CodeIgniter))
 6 FCPATH\index.php(59): CodeIgniter\Boot::bootWeb(Object(Config\Paths))
WARNING - 2025-11-29 22:28:33 --> [DEPRECATED] Function utf8_decode() is deprecated in APPPATH\Controllers\Productos.php on line 323.
 1 SYSTEMPATH\CodeIgniter.php(933): App\Controllers\Productos->generaMinimos()
 2 SYSTEMPATH\CodeIgniter.php(507): CodeIgniter\CodeIgniter->runController(Object(App\Controllers\Productos))
 3 SYSTEMPATH\CodeIgniter.php(354): CodeIgniter\CodeIgniter->handleRequest(null, Object(Config\Cache), false)
 4 SYSTEMPATH\Boot.php(363): CodeIgniter\CodeIgniter->run()
 5 SYSTEMPATH\Boot.php(68): CodeIgniter\Boot::runCodeIgniter(Object(CodeIgniter\CodeIgniter))
 6 FCPATH\index.php(59): CodeIgniter\Boot::bootWeb(Object(Config\Paths))
WARNING - 2025-11-29 22:28:33 --> [DEPRECATED] Function utf8_decode() is deprecated in APPPATH\Controllers\Productos.php on line 326.
 1 SYSTEMPATH\CodeIgniter.php(933): App\Controllers\Productos->generaMinimos()
 2 SYSTEMPATH\CodeIgniter.php(507): CodeIgniter\CodeIgniter->runController(Object(App\Controllers\Productos))
 3 SYSTEMPATH\CodeIgniter.php(354): CodeIgniter\CodeIgniter->handleRequest(null, Object(Config\Cache), false)
 4 SYSTEMPATH\Boot.php(363): CodeIgniter\CodeIgniter->run()
 5 SYSTEMPATH\Boot.php(68): CodeIgniter\Boot::runCodeIgniter(Object(CodeIgniter\CodeIgniter))
 6 FCPATH\index.php(59): CodeIgniter\Boot::bootWeb(Object(Config\Paths))
WARNING - 2025-11-29 22:28:33 --> [DEPRECATED] Function utf8_decode() is deprecated in APPPATH\Controllers\Productos.php on line 327.
 1 SYSTEMPATH\CodeIgniter.php(933): App\Controllers\Productos->generaMinimos()
 2 SYSTEMPATH\CodeIgniter.php(507): CodeIgniter\CodeIgniter->runController(Object(App\Controllers\Productos))
 3 SYSTEMPATH\CodeIgniter.php(354): CodeIgniter\CodeIgniter->handleRequest(null, Object(Config\Cache), false)
 4 SYSTEMPATH\Boot.php(363): CodeIgniter\CodeIgniter->run()
 5 SYSTEMPATH\Boot.php(68): CodeIgniter\Boot::runCodeIgniter(Object(CodeIgniter\CodeIgniter))
 6 FCPATH\index.php(59): CodeIgniter\Boot::bootWeb(Object(Config\Paths))
WARNING - 2025-11-29 22:28:33 --> [DEPRECATED] Function utf8_decode() is deprecated in APPPATH\Controllers\Productos.php on line 328.
 1 SYSTEMPATH\CodeIgniter.php(933): App\Controllers\Productos->generaMinimos()
 2 SYSTEMPATH\CodeIgniter.php(507): CodeIgniter\CodeIgniter->runController(Object(App\Controllers\Productos))
 3 SYSTEMPATH\CodeIgniter.php(354): CodeIgniter\CodeIgniter->handleRequest(null, Object(Config\Cache), false)
 4 SYSTEMPATH\Boot.php(363): CodeIgniter\CodeIgniter->run()
 5 SYSTEMPATH\Boot.php(68): CodeIgniter\Boot::runCodeIgniter(Object(CodeIgniter\CodeIgniter))
 6 FCPATH\index.php(59): CodeIgniter\Boot::bootWeb(Object(Config\Paths))
WARNING - 2025-11-29 22:28:33 --> [DEPRECATED] Function utf8_decode() is deprecated in APPPATH\Controllers\Productos.php on line 329.
 1 SYSTEMPATH\CodeIgniter.php(933): App\Controllers\Productos->generaMinimos()
 2 SYSTEMPATH\CodeIgniter.php(507): CodeIgniter\CodeIgniter->runController(Object(App\Controllers\Productos))
 3 SYSTEMPATH\CodeIgniter.php(354): CodeIgniter\CodeIgniter->handleRequest(null, Object(Config\Cache), false)
 4 SYSTEMPATH\Boot.php(363): CodeIgniter\CodeIgniter->run()
 5 SYSTEMPATH\Boot.php(68): CodeIgniter\Boot::runCodeIgniter(Object(CodeIgniter\CodeIgniter))
 6 FCPATH\index.php(59): CodeIgniter\Boot::bootWeb(Object(Config\Paths))
DEBUG - 2025-11-29 22:28:43 --> Session: Class initialized using 'CodeIgniter\Session\Handlers\FileHandler' driver.
WARNING - 2025-11-29 22:28:43 --> [DEPRECATED] Function utf8_decode() is deprecated in APPPATH\Controllers\Productos.php on line 319.
 1 SYSTEMPATH\CodeIgniter.php(933): App\Controllers\Productos->generaMinimos()
 2 SYSTEMPATH\CodeIgniter.php(507): CodeIgniter\CodeIgniter->runController(Object(App\Controllers\Productos))
 3 SYSTEMPATH\CodeIgniter.php(354): CodeIgniter\CodeIgniter->handleRequest(null, Object(Config\Cache), false)
 4 SYSTEMPATH\Boot.php(363): CodeIgniter\CodeIgniter->run()
 5 SYSTEMPATH\Boot.php(68): CodeIgniter\Boot::runCodeIgniter(Object(CodeIgniter\CodeIgniter))
 6 FCPATH\index.php(59): CodeIgniter\Boot::bootWeb(Object(Config\Paths))
WARNING - 2025-11-29 22:28:44 --> [DEPRECATED] Function utf8_decode() is deprecated in APPPATH\Controllers\Productos.php on line 323.
 1 SYSTEMPATH\CodeIgniter.php(933): App\Controllers\Productos->generaMinimos()
 2 SYSTEMPATH\CodeIgniter.php(507): CodeIgniter\CodeIgniter->runController(Object(App\Controllers\Productos))
 3 SYSTEMPATH\CodeIgniter.php(354): CodeIgniter\CodeIgniter->handleRequest(null, Object(Config\Cache), false)
 4 SYSTEMPATH\Boot.php(363): CodeIgniter\CodeIgniter->run()
 5 SYSTEMPATH\Boot.php(68): CodeIgniter\Boot::runCodeIgniter(Object(CodeIgniter\CodeIgniter))
 6 FCPATH\index.php(59): CodeIgniter\Boot::bootWeb(Object(Config\Paths))
WARNING - 2025-11-29 22:28:44 --> [DEPRECATED] Function utf8_decode() is deprecated in APPPATH\Controllers\Productos.php on line 326.
 1 SYSTEMPATH\CodeIgniter.php(933): App\Controllers\Productos->generaMinimos()
 2 SYSTEMPATH\CodeIgniter.php(507): CodeIgniter\CodeIgniter->runController(Object(App\Controllers\Productos))
 3 SYSTEMPATH\CodeIgniter.php(354): CodeIgniter\CodeIgniter->handleRequest(null, Object(Config\Cache), false)
 4 SYSTEMPATH\Boot.php(363): CodeIgniter\CodeIgniter->run()
 5 SYSTEMPATH\Boot.php(68): CodeIgniter\Boot::runCodeIgniter(Object(CodeIgniter\CodeIgniter))
 6 FCPATH\index.php(59): CodeIgniter\Boot::bootWeb(Object(Config\Paths))
WARNING - 2025-11-29 22:28:44 --> [DEPRECATED] Function utf8_decode() is deprecated in APPPATH\Controllers\Productos.php on line 327.
 1 SYSTEMPATH\CodeIgniter.php(933): App\Controllers\Productos->generaMinimos()
 2 SYSTEMPATH\CodeIgniter.php(507): CodeIgniter\CodeIgniter->runController(Object(App\Controllers\Productos))
 3 SYSTEMPATH\CodeIgniter.php(354): CodeIgniter\CodeIgniter->handleRequest(null, Object(Config\Cache), false)
 4 SYSTEMPATH\Boot.php(363): CodeIgniter\CodeIgniter->run()
 5 SYSTEMPATH\Boot.php(68): CodeIgniter\Boot::runCodeIgniter(Object(CodeIgniter\CodeIgniter))
 6 FCPATH\index.php(59): CodeIgniter\Boot::bootWeb(Object(Config\Paths))
WARNING - 2025-11-29 22:28:44 --> [DEPRECATED] Function utf8_decode() is deprecated in APPPATH\Controllers\Productos.php on line 328.
 1 SYSTEMPATH\CodeIgniter.php(933): App\Controllers\Productos->generaMinimos()
 2 SYSTEMPATH\CodeIgniter.php(507): CodeIgniter\CodeIgniter->runController(Object(App\Controllers\Productos))
 3 SYSTEMPATH\CodeIgniter.php(354): CodeIgniter\CodeIgniter->handleRequest(null, Object(Config\Cache), false)
 4 SYSTEMPATH\Boot.php(363): CodeIgniter\CodeIgniter->run()
 5 SYSTEMPATH\Boot.php(68): CodeIgniter\Boot::runCodeIgniter(Object(CodeIgniter\CodeIgniter))
 6 FCPATH\index.php(59): CodeIgniter\Boot::bootWeb(Object(Config\Paths))
WARNING - 2025-11-29 22:28:44 --> [DEPRECATED] Function utf8_decode() is deprecated in APPPATH\Controllers\Productos.php on line 329.
 1 SYSTEMPATH\CodeIgniter.php(933): App\Controllers\Productos->generaMinimos()
 2 SYSTEMPATH\CodeIgniter.php(507): CodeIgniter\CodeIgniter->runController(Object(App\Controllers\Productos))
 3 SYSTEMPATH\CodeIgniter.php(354): CodeIgniter\CodeIgniter->handleRequest(null, Object(Config\Cache), false)
 4 SYSTEMPATH\Boot.php(363): CodeIgniter\CodeIgniter->run()
 5 SYSTEMPATH\Boot.php(68): CodeIgniter\Boot::runCodeIgniter(Object(CodeIgniter\CodeIgniter))
 6 FCPATH\index.php(59): CodeIgniter\Boot::bootWeb(Object(Config\Paths))
DEBUG - 2025-11-29 22:28:48 --> Session: Class initialized using 'CodeIgniter\Session\Handlers\FileHandler' driver.
DEBUG - 2025-11-29 22:28:52 --> Session: Class initialized using 'CodeIgniter\Session\Handlers\FileHandler' driver.
DEBUG - 2025-11-29 22:28:56 --> Session: Class initialized using 'CodeIgniter\Session\Handlers\FileHandler' driver.
DEBUG - 2025-11-29 22:29:01 --> Session: Class initialized using 'CodeIgniter\Session\Handlers\FileHandler' driver.
DEBUG - 2025-11-29 22:29:49 --> Session: Class initialized using 'CodeIgniter\Session\Handlers\FileHandler' driver.
DEBUG - 2025-11-29 22:29:50 --> Session: Class initialized using 'CodeIgniter\Session\Handlers\FileHandler' driver.
WARNING - 2025-11-29 22:29:50 --> [DEPRECATED] Function utf8_decode() is deprecated in APPPATH\Controllers\Ventas.php on line 160.
 1 SYSTEMPATH\CodeIgniter.php(933): App\Controllers\Ventas->generarTicketPdf('14')
 2 SYSTEMPATH\CodeIgniter.php(507): CodeIgniter\CodeIgniter->runController(Object(App\Controllers\Ventas))
 3 SYSTEMPATH\CodeIgniter.php(354): CodeIgniter\CodeIgniter->handleRequest(null, Object(Config\Cache), false)
 4 SYSTEMPATH\Boot.php(363): CodeIgniter\CodeIgniter->run()
 5 SYSTEMPATH\Boot.php(68): CodeIgniter\Boot::runCodeIgniter(Object(CodeIgniter\CodeIgniter))
 6 FCPATH\index.php(59): CodeIgniter\Boot::bootWeb(Object(Config\Paths))
WARNING - 2025-11-29 22:29:50 --> [DEPRECATED] Function utf8_decode() is deprecated in APPPATH\Controllers\Ventas.php on line 165.
 1 SYSTEMPATH\CodeIgniter.php(933): App\Controllers\Ventas->generarTicketPdf('14')
 2 SYSTEMPATH\CodeIgniter.php(507): CodeIgniter\CodeIgniter->runController(Object(App\Controllers\Ventas))
 3 SYSTEMPATH\CodeIgniter.php(354): CodeIgniter\CodeIgniter->handleRequest(null, Object(Config\Cache), false)
 4 SYSTEMPATH\Boot.php(363): CodeIgniter\CodeIgniter->run()
 5 SYSTEMPATH\Boot.php(68): CodeIgniter\Boot::runCodeIgniter(Object(CodeIgniter\CodeIgniter))
 6 FCPATH\index.php(59): CodeIgniter\Boot::bootWeb(Object(Config\Paths))
DEBUG - 2025-11-29 22:30:01 --> Session: Class initialized using 'CodeIgniter\Session\Handlers\FileHandler' driver.
DEBUG - 2025-11-29 22:30:10 --> Session: Class initialized using 'CodeIgniter\Session\Handlers\FileHandler' driver.
DEBUG - 2025-11-29 22:30:14 --> Session: Class initialized using 'CodeIgniter\Session\Handlers\FileHandler' driver.
DEBUG - 2025-11-29 22:30:17 --> Session: Class initialized using 'CodeIgniter\Session\Handlers\FileHandler' driver.
DEBUG - 2025-11-29 22:30:21 --> Session: Class initialized using 'CodeIgniter\Session\Handlers\FileHandler' driver.
DEBUG - 2025-11-29 22:30:30 --> Session: Class initialized using 'CodeIgniter\Session\Handlers\FileHandler' driver.
DEBUG - 2025-11-29 22:30:35 --> Session: Class initialized using 'CodeIgniter\Session\Handlers\FileHandler' driver.
DEBUG - 2025-11-29 22:30:52 --> Session: Class initialized using 'CodeIgniter\Session\Handlers\FileHandler' driver.
DEBUG - 2025-11-29 22:30:53 --> Session: Class initialized using 'CodeIgniter\Session\Handlers\FileHandler' driver.
WARNING - 2025-11-29 22:30:53 --> [DEPRECATED] Function utf8_decode() is deprecated in APPPATH\Controllers\Compras.php on line 136.
 1 SYSTEMPATH\CodeIgniter.php(933): App\Controllers\Compras->generarCompraPdf('17')
 2 SYSTEMPATH\CodeIgniter.php(507): CodeIgniter\CodeIgniter->runController(Object(App\Controllers\Compras))
 3 SYSTEMPATH\CodeIgniter.php(354): CodeIgniter\CodeIgniter->handleRequest(null, Object(Config\Cache), false)
 4 SYSTEMPATH\Boot.php(363): CodeIgniter\CodeIgniter->run()
 5 SYSTEMPATH\Boot.php(68): CodeIgniter\Boot::runCodeIgniter(Object(CodeIgniter\CodeIgniter))
 6 FCPATH\index.php(59): CodeIgniter\Boot::bootWeb(Object(Config\Paths))
WARNING - 2025-11-29 22:30:53 --> [DEPRECATED] Function utf8_decode() is deprecated in APPPATH\Controllers\Compras.php on line 140.
 1 SYSTEMPATH\CodeIgniter.php(933): App\Controllers\Compras->generarCompraPdf('17')
 2 SYSTEMPATH\CodeIgniter.php(507): CodeIgniter\CodeIgniter->runController(Object(App\Controllers\Compras))
 3 SYSTEMPATH\CodeIgniter.php(354): CodeIgniter\CodeIgniter->handleRequest(null, Object(Config\Cache), false)
 4 SYSTEMPATH\Boot.php(363): CodeIgniter\CodeIgniter->run()
 5 SYSTEMPATH\Boot.php(68): CodeIgniter\Boot::runCodeIgniter(Object(CodeIgniter\CodeIgniter))
 6 FCPATH\index.php(59): CodeIgniter\Boot::bootWeb(Object(Config\Paths))
DEBUG - 2025-11-29 22:31:02 --> Session: Class initialized using 'CodeIgniter\Session\Handlers\FileHandler' driver.
DEBUG - 2025-11-29 22:31:05 --> Session: Class initialized using 'CodeIgniter\Session\Handlers\FileHandler' driver.
DEBUG - 2025-11-29 22:31:10 --> Session: Class initialized using 'CodeIgniter\Session\Handlers\FileHandler' driver.
DEBUG - 2025-11-29 22:31:22 --> Session: Class initialized using 'CodeIgniter\Session\Handlers\FileHandler' driver.
DEBUG - 2025-11-29 22:33:36 --> Session: Class initialized using 'CodeIgniter\Session\Handlers\FileHandler' driver.
DEBUG - 2025-11-29 22:33:39 --> Session: Class initialized using 'CodeIgniter\Session\Handlers\FileHandler' driver.
DEBUG - 2025-11-29 22:33:49 --> Session: Class initialized using 'CodeIgniter\Session\Handlers\FileHandler' driver.
DEBUG - 2025-11-29 22:34:02 --> Session: Class initialized using 'CodeIgniter\Session\Handlers\FileHandler' driver.
DEBUG - 2025-11-29 22:34:05 --> Session: Class initialized using 'CodeIgniter\Session\Handlers\FileHandler' driver.
DEBUG - 2025-11-29 22:34:12 --> Session: Class initialized using 'CodeIgniter\Session\Handlers\FileHandler' driver.
DEBUG - 2025-11-29 22:35:01 --> Session: Class initialized using 'CodeIgniter\Session\Handlers\FileHandler' driver.
DEBUG - 2025-11-29 22:35:05 --> Session: Class initialized using 'CodeIgniter\Session\Handlers\FileHandler' driver.
DEBUG - 2025-11-29 22:35:12 --> Session: Class initialized using 'CodeIgniter\Session\Handlers\FileHandler' driver.
DEBUG - 2025-11-29 22:35:16 --> Session: Class initialized using 'CodeIgniter\Session\Handlers\FileHandler' driver.
DEBUG - 2025-11-29 22:35:19 --> Session: Class initialized using 'CodeIgniter\Session\Handlers\FileHandler' driver.
DEBUG - 2025-11-29 22:35:22 --> Session: Class initialized using 'CodeIgniter\Session\Handlers\FileHandler' driver.
DEBUG - 2025-11-29 22:35:25 --> Session: Class initialized using 'CodeIgniter\Session\Handlers\FileHandler' driver.
DEBUG - 2025-11-29 22:35:28 --> Session: Class initialized using 'CodeIgniter\Session\Handlers\FileHandler' driver.
DEBUG - 2025-11-29 22:35:36 --> Session: Class initialized using 'CodeIgniter\Session\Handlers\FileHandler' driver.
WARNING - 2025-11-29 22:35:37 --> [DEPRECATED] Function utf8_decode() is deprecated in APPPATH\Controllers\Compras.php on line 136.
 1 SYSTEMPATH\CodeIgniter.php(933): App\Controllers\Compras->generarCompraPdf('17')
 2 SYSTEMPATH\CodeIgniter.php(507): CodeIgniter\CodeIgniter->runController(Object(App\Controllers\Compras))
 3 SYSTEMPATH\CodeIgniter.php(354): CodeIgniter\CodeIgniter->handleRequest(null, Object(Config\Cache), false)
 4 SYSTEMPATH\Boot.php(363): CodeIgniter\CodeIgniter->run()
 5 SYSTEMPATH\Boot.php(68): CodeIgniter\Boot::runCodeIgniter(Object(CodeIgniter\CodeIgniter))
 6 FCPATH\index.php(59): CodeIgniter\Boot::bootWeb(Object(Config\Paths))
WARNING - 2025-11-29 22:35:37 --> [DEPRECATED] Function utf8_decode() is deprecated in APPPATH\Controllers\Compras.php on line 140.
 1 SYSTEMPATH\CodeIgniter.php(933): App\Controllers\Compras->generarCompraPdf('17')
 2 SYSTEMPATH\CodeIgniter.php(507): CodeIgniter\CodeIgniter->runController(Object(App\Controllers\Compras))
 3 SYSTEMPATH\CodeIgniter.php(354): CodeIgniter\CodeIgniter->handleRequest(null, Object(Config\Cache), false)
 4 SYSTEMPATH\Boot.php(363): CodeIgniter\CodeIgniter->run()
 5 SYSTEMPATH\Boot.php(68): CodeIgniter\Boot::runCodeIgniter(Object(CodeIgniter\CodeIgniter))
 6 FCPATH\index.php(59): CodeIgniter\Boot::bootWeb(Object(Config\Paths))
DEBUG - 2025-11-29 22:35:48 --> Session: Class initialized using 'CodeIgniter\Session\Handlers\FileHandler' driver.
DEBUG - 2025-11-29 22:35:52 --> Session: Class initialized using 'CodeIgniter\Session\Handlers\FileHandler' driver.
DEBUG - 2025-11-29 22:35:57 --> Session: Class initialized using 'CodeIgniter\Session\Handlers\FileHandler' driver.
DEBUG - 2025-11-29 22:36:06 --> Session: Class initialized using 'CodeIgniter\Session\Handlers\FileHandler' driver.
DEBUG - 2025-11-29 22:36:48 --> Session: Class initialized using 'CodeIgniter\Session\Handlers\FileHandler' driver.
WARNING - 2025-11-29 22:36:49 --> [DEPRECATED] Function utf8_decode() is deprecated in APPPATH\Controllers\Compras.php on line 136.
 1 SYSTEMPATH\CodeIgniter.php(933): App\Controllers\Compras->generarCompraPdf('17')
 2 SYSTEMPATH\CodeIgniter.php(507): CodeIgniter\CodeIgniter->runController(Object(App\Controllers\Compras))
 3 SYSTEMPATH\CodeIgniter.php(354): CodeIgniter\CodeIgniter->handleRequest(null, Object(Config\Cache), false)
 4 SYSTEMPATH\Boot.php(363): CodeIgniter\CodeIgniter->run()
 5 SYSTEMPATH\Boot.php(68): CodeIgniter\Boot::runCodeIgniter(Object(CodeIgniter\CodeIgniter))
 6 FCPATH\index.php(59): CodeIgniter\Boot::bootWeb(Object(Config\Paths))
WARNING - 2025-11-29 22:36:49 --> [DEPRECATED] Function utf8_decode() is deprecated in APPPATH\Controllers\Compras.php on line 140.
 1 SYSTEMPATH\CodeIgniter.php(933): App\Controllers\Compras->generarCompraPdf('17')
 2 SYSTEMPATH\CodeIgniter.php(507): CodeIgniter\CodeIgniter->runController(Object(App\Controllers\Compras))
 3 SYSTEMPATH\CodeIgniter.php(354): CodeIgniter\CodeIgniter->handleRequest(null, Object(Config\Cache), false)
 4 SYSTEMPATH\Boot.php(363): CodeIgniter\CodeIgniter->run()
 5 SYSTEMPATH\Boot.php(68): CodeIgniter\Boot::runCodeIgniter(Object(CodeIgniter\CodeIgniter))
 6 FCPATH\index.php(59): CodeIgniter\Boot::bootWeb(Object(Config\Paths))
DEBUG - 2025-11-29 22:38:29 --> Session: Class initialized using 'CodeIgniter\Session\Handlers\FileHandler' driver.
DEBUG - 2025-11-29 22:39:23 --> Session: Class initialized using 'CodeIgniter\Session\Handlers\FileHandler' driver.
DEBUG - 2025-11-29 22:39:25 --> Session: Class initialized using 'CodeIgniter\Session\Handlers\FileHandler' driver.
DEBUG - 2025-11-29 22:40:37 --> Session: Class initialized using 'CodeIgniter\Session\Handlers\FileHandler' driver.
DEBUG - 2025-11-29 22:40:39 --> Session: Class initialized using 'CodeIgniter\Session\Handlers\FileHandler' driver.
DEBUG - 2025-11-29 22:41:35 --> Session: Class initialized using 'CodeIgniter\Session\Handlers\FileHandler' driver.
DEBUG - 2025-11-29 22:41:39 --> Session: Class initialized using 'CodeIgniter\Session\Handlers\FileHandler' driver.
DEBUG - 2025-11-29 22:41:41 --> Session: Class initialized using 'CodeIgniter\Session\Handlers\FileHandler' driver.
DEBUG - 2025-11-29 22:41:46 --> Session: Class initialized using 'CodeIgniter\Session\Handlers\FileHandler' driver.
WARNING - 2025-11-29 22:41:47 --> [DEPRECATED] Function utf8_decode() is deprecated in APPPATH\Controllers\Productos.php on line 319.
 1 SYSTEMPATH\CodeIgniter.php(933): App\Controllers\Productos->generaMinimos()
 2 SYSTEMPATH\CodeIgniter.php(507): CodeIgniter\CodeIgniter->runController(Object(App\Controllers\Productos))
 3 SYSTEMPATH\CodeIgniter.php(354): CodeIgniter\CodeIgniter->handleRequest(null, Object(Config\Cache), false)
 4 SYSTEMPATH\Boot.php(363): CodeIgniter\CodeIgniter->run()
 5 SYSTEMPATH\Boot.php(68): CodeIgniter\Boot::runCodeIgniter(Object(CodeIgniter\CodeIgniter))
 6 FCPATH\index.php(59): CodeIgniter\Boot::bootWeb(Object(Config\Paths))
WARNING - 2025-11-29 22:41:48 --> [DEPRECATED] Function utf8_decode() is deprecated in APPPATH\Controllers\Productos.php on line 323.
 1 SYSTEMPATH\CodeIgniter.php(933): App\Controllers\Productos->generaMinimos()
 2 SYSTEMPATH\CodeIgniter.php(507): CodeIgniter\CodeIgniter->runController(Object(App\Controllers\Productos))
 3 SYSTEMPATH\CodeIgniter.php(354): CodeIgniter\CodeIgniter->handleRequest(null, Object(Config\Cache), false)
 4 SYSTEMPATH\Boot.php(363): CodeIgniter\CodeIgniter->run()
 5 SYSTEMPATH\Boot.php(68): CodeIgniter\Boot::runCodeIgniter(Object(CodeIgniter\CodeIgniter))
 6 FCPATH\index.php(59): CodeIgniter\Boot::bootWeb(Object(Config\Paths))
WARNING - 2025-11-29 22:41:48 --> [DEPRECATED] Function utf8_decode() is deprecated in APPPATH\Controllers\Productos.php on line 326.
 1 SYSTEMPATH\CodeIgniter.php(933): App\Controllers\Productos->generaMinimos()
 2 SYSTEMPATH\CodeIgniter.php(507): CodeIgniter\CodeIgniter->runController(Object(App\Controllers\Productos))
 3 SYSTEMPATH\CodeIgniter.php(354): CodeIgniter\CodeIgniter->handleRequest(null, Object(Config\Cache), false)
 4 SYSTEMPATH\Boot.php(363): CodeIgniter\CodeIgniter->run()
 5 SYSTEMPATH\Boot.php(68): CodeIgniter\Boot::runCodeIgniter(Object(CodeIgniter\CodeIgniter))
 6 FCPATH\index.php(59): CodeIgniter\Boot::bootWeb(Object(Config\Paths))
WARNING - 2025-11-29 22:41:48 --> [DEPRECATED] Function utf8_decode() is deprecated in APPPATH\Controllers\Productos.php on line 327.
 1 SYSTEMPATH\CodeIgniter.php(933): App\Controllers\Productos->generaMinimos()
 2 SYSTEMPATH\CodeIgniter.php(507): CodeIgniter\CodeIgniter->runController(Object(App\Controllers\Productos))
 3 SYSTEMPATH\CodeIgniter.php(354): CodeIgniter\CodeIgniter->handleRequest(null, Object(Config\Cache), false)
 4 SYSTEMPATH\Boot.php(363): CodeIgniter\CodeIgniter->run()
 5 SYSTEMPATH\Boot.php(68): CodeIgniter\Boot::runCodeIgniter(Object(CodeIgniter\CodeIgniter))
 6 FCPATH\index.php(59): CodeIgniter\Boot::bootWeb(Object(Config\Paths))
WARNING - 2025-11-29 22:41:48 --> [DEPRECATED] Function utf8_decode() is deprecated in APPPATH\Controllers\Productos.php on line 328.
 1 SYSTEMPATH\CodeIgniter.php(933): App\Controllers\Productos->generaMinimos()
 2 SYSTEMPATH\CodeIgniter.php(507): CodeIgniter\CodeIgniter->runController(Object(App\Controllers\Productos))
 3 SYSTEMPATH\CodeIgniter.php(354): CodeIgniter\CodeIgniter->handleRequest(null, Object(Config\Cache), false)
 4 SYSTEMPATH\Boot.php(363): CodeIgniter\CodeIgniter->run()
 5 SYSTEMPATH\Boot.php(68): CodeIgniter\Boot::runCodeIgniter(Object(CodeIgniter\CodeIgniter))
 6 FCPATH\index.php(59): CodeIgniter\Boot::bootWeb(Object(Config\Paths))
WARNING - 2025-11-29 22:41:48 --> [DEPRECATED] Function utf8_decode() is deprecated in APPPATH\Controllers\Productos.php on line 329.
 1 SYSTEMPATH\CodeIgniter.php(933): App\Controllers\Productos->generaMinimos()
 2 SYSTEMPATH\CodeIgniter.php(507): CodeIgniter\CodeIgniter->runController(Object(App\Controllers\Productos))
 3 SYSTEMPATH\CodeIgniter.php(354): CodeIgniter\CodeIgniter->handleRequest(null, Object(Config\Cache), false)
 4 SYSTEMPATH\Boot.php(363): CodeIgniter\CodeIgniter->run()
 5 SYSTEMPATH\Boot.php(68): CodeIgniter\Boot::runCodeIgniter(Object(CodeIgniter\CodeIgniter))
 6 FCPATH\index.php(59): CodeIgniter\Boot::bootWeb(Object(Config\Paths))
DEBUG - 2025-11-29 22:42:04 --> Session: Class initialized using 'CodeIgniter\Session\Handlers\FileHandler' driver.
DEBUG - 2025-11-29 22:42:15 --> Session: Class initialized using 'CodeIgniter\Session\Handlers\FileHandler' driver.
DEBUG - 2025-11-29 22:42:30 --> Session: Class initialized using 'CodeIgniter\Session\Handlers\FileHandler' driver.
DEBUG - 2025-11-29 22:42:34 --> Session: Class initialized using 'CodeIgniter\Session\Handlers\FileHandler' driver.
WARNING - 2025-11-29 22:42:34 --> [DEPRECATED] Function utf8_decode() is deprecated in APPPATH\Controllers\Productos.php on line 319.
 1 SYSTEMPATH\CodeIgniter.php(933): App\Controllers\Productos->generaMinimos()
 2 SYSTEMPATH\CodeIgniter.php(507): CodeIgniter\CodeIgniter->runController(Object(App\Controllers\Productos))
 3 SYSTEMPATH\CodeIgniter.php(354): CodeIgniter\CodeIgniter->handleRequest(null, Object(Config\Cache), false)
 4 SYSTEMPATH\Boot.php(363): CodeIgniter\CodeIgniter->run()
 5 SYSTEMPATH\Boot.php(68): CodeIgniter\Boot::runCodeIgniter(Object(CodeIgniter\CodeIgniter))
 6 FCPATH\index.php(59): CodeIgniter\Boot::bootWeb(Object(Config\Paths))
WARNING - 2025-11-29 22:42:35 --> [DEPRECATED] Function utf8_decode() is deprecated in APPPATH\Controllers\Productos.php on line 323.
 1 SYSTEMPATH\CodeIgniter.php(933): App\Controllers\Productos->generaMinimos()
 2 SYSTEMPATH\CodeIgniter.php(507): CodeIgniter\CodeIgniter->runController(Object(App\Controllers\Productos))
 3 SYSTEMPATH\CodeIgniter.php(354): CodeIgniter\CodeIgniter->handleRequest(null, Object(Config\Cache), false)
 4 SYSTEMPATH\Boot.php(363): CodeIgniter\CodeIgniter->run()
 5 SYSTEMPATH\Boot.php(68): CodeIgniter\Boot::runCodeIgniter(Object(CodeIgniter\CodeIgniter))
 6 FCPATH\index.php(59): CodeIgniter\Boot::bootWeb(Object(Config\Paths))
WARNING - 2025-11-29 22:42:35 --> [DEPRECATED] Function utf8_decode() is deprecated in APPPATH\Controllers\Productos.php on line 326.
 1 SYSTEMPATH\CodeIgniter.php(933): App\Controllers\Productos->generaMinimos()
 2 SYSTEMPATH\CodeIgniter.php(507): CodeIgniter\CodeIgniter->runController(Object(App\Controllers\Productos))
 3 SYSTEMPATH\CodeIgniter.php(354): CodeIgniter\CodeIgniter->handleRequest(null, Object(Config\Cache), false)
 4 SYSTEMPATH\Boot.php(363): CodeIgniter\CodeIgniter->run()
 5 SYSTEMPATH\Boot.php(68): CodeIgniter\Boot::runCodeIgniter(Object(CodeIgniter\CodeIgniter))
 6 FCPATH\index.php(59): CodeIgniter\Boot::bootWeb(Object(Config\Paths))
WARNING - 2025-11-29 22:42:35 --> [DEPRECATED] Function utf8_decode() is deprecated in APPPATH\Controllers\Productos.php on line 327.
 1 SYSTEMPATH\CodeIgniter.php(933): App\Controllers\Productos->generaMinimos()
 2 SYSTEMPATH\CodeIgniter.php(507): CodeIgniter\CodeIgniter->runController(Object(App\Controllers\Productos))
 3 SYSTEMPATH\CodeIgniter.php(354): CodeIgniter\CodeIgniter->handleRequest(null, Object(Config\Cache), false)
 4 SYSTEMPATH\Boot.php(363): CodeIgniter\CodeIgniter->run()
 5 SYSTEMPATH\Boot.php(68): CodeIgniter\Boot::runCodeIgniter(Object(CodeIgniter\CodeIgniter))
 6 FCPATH\index.php(59): CodeIgniter\Boot::bootWeb(Object(Config\Paths))
WARNING - 2025-11-29 22:42:35 --> [DEPRECATED] Function utf8_decode() is deprecated in APPPATH\Controllers\Productos.php on line 328.
 1 SYSTEMPATH\CodeIgniter.php(933): App\Controllers\Productos->generaMinimos()
 2 SYSTEMPATH\CodeIgniter.php(507): CodeIgniter\CodeIgniter->runController(Object(App\Controllers\Productos))
 3 SYSTEMPATH\CodeIgniter.php(354): CodeIgniter\CodeIgniter->handleRequest(null, Object(Config\Cache), false)
 4 SYSTEMPATH\Boot.php(363): CodeIgniter\CodeIgniter->run()
 5 SYSTEMPATH\Boot.php(68): CodeIgniter\Boot::runCodeIgniter(Object(CodeIgniter\CodeIgniter))
 6 FCPATH\index.php(59): CodeIgniter\Boot::bootWeb(Object(Config\Paths))
WARNING - 2025-11-29 22:42:35 --> [DEPRECATED] Function utf8_decode() is deprecated in APPPATH\Controllers\Productos.php on line 329.
 1 SYSTEMPATH\CodeIgniter.php(933): App\Controllers\Productos->generaMinimos()
 2 SYSTEMPATH\CodeIgniter.php(507): CodeIgniter\CodeIgniter->runController(Object(App\Controllers\Productos))
 3 SYSTEMPATH\CodeIgniter.php(354): CodeIgniter\CodeIgniter->handleRequest(null, Object(Config\Cache), false)
 4 SYSTEMPATH\Boot.php(363): CodeIgniter\CodeIgniter->run()
 5 SYSTEMPATH\Boot.php(68): CodeIgniter\Boot::runCodeIgniter(Object(CodeIgniter\CodeIgniter))
 6 FCPATH\index.php(59): CodeIgniter\Boot::bootWeb(Object(Config\Paths))
DEBUG - 2025-11-29 22:42:52 --> Session: Class initialized using 'CodeIgniter\Session\Handlers\FileHandler' driver.
DEBUG - 2025-11-29 22:42:54 --> Session: Class initialized using 'CodeIgniter\Session\Handlers\FileHandler' driver.
DEBUG - 2025-11-29 22:42:58 --> Session: Class initialized using 'CodeIgniter\Session\Handlers\FileHandler' driver.
DEBUG - 2025-11-29 22:43:01 --> Session: Class initialized using 'CodeIgniter\Session\Handlers\FileHandler' driver.
DEBUG - 2025-11-29 22:43:03 --> Session: Class initialized using 'CodeIgniter\Session\Handlers\FileHandler' driver.
