DEBUG - 2025-11-26 01:23:25 --> Session: Class initialized using 'CodeIgniter\Session\Handlers\FileHandler' driver.
DEBUG - 2025-11-26 01:23:29 --> Session: Class initialized using 'CodeIgniter\Session\Handlers\FileHandler' driver.
DEBUG - 2025-11-26 01:36:23 --> Session: Class initialized using 'CodeIgniter\Session\Handlers\FileHandler' driver.
DEBUG - 2025-11-26 01:38:23 --> Session: Class initialized using 'CodeIgniter\Session\Handlers\FileHandler' driver.
DEBUG - 2025-11-26 01:38:34 --> Session: Class initialized using 'CodeIgniter\Session\Handlers\FileHandler' driver.
DEBUG - 2025-11-26 01:41:30 --> Session: Class initialized using 'CodeIgniter\Session\Handlers\FileHandler' driver.
DEBUG - 2025-11-26 01:42:30 --> Session: Class initialized using 'CodeIgniter\Session\Handlers\FileHandler' driver.
DEBUG - 2025-11-26 01:44:38 --> Session: Class initialized using 'CodeIgniter\Session\Handlers\FileHandler' driver.
DEBUG - 2025-11-26 01:44:41 --> Session: Class initialized using 'CodeIgniter\Session\Handlers\FileHandler' driver.
WARNING - 2025-11-26 01:44:41 --> [DEPRECATED] Function utf8_decode() is deprecated in APPPATH\Controllers\Compras.php on line 136.
 1 SYSTEMPATH\CodeIgniter.php(933): App\Controllers\Compras->generarCompraPdf('4')
 2 SYSTEMPATH\CodeIgniter.php(507): CodeIgniter\CodeIgniter->runController(Object(App\Controllers\Compras))
 3 SYSTEMPATH\CodeIgniter.php(354): CodeIgniter\CodeIgniter->handleRequest(null, Object(Config\Cache), false)
 4 SYSTEMPATH\Boot.php(363): CodeIgniter\CodeIgniter->run()
 5 SYSTEMPATH\Boot.php(68): CodeIgniter\Boot::runCodeIgniter(Object(CodeIgniter\CodeIgniter))
 6 FCPATH\index.php(59): CodeIgniter\Boot::bootWeb(Object(Config\Paths))
WARNING - 2025-11-26 01:44:41 --> [DEPRECATED] Function utf8_decode() is deprecated in APPPATH\Controllers\Compras.php on line 140.
 1 SYSTEMPATH\CodeIgniter.php(933): App\Controllers\Compras->generarCompraPdf('4')
 2 SYSTEMPATH\CodeIgniter.php(507): CodeIgniter\CodeIgniter->runController(Object(App\Controllers\Compras))
 3 SYSTEMPATH\CodeIgniter.php(354): CodeIgniter\CodeIgniter->handleRequest(null, Object(Config\Cache), false)
 4 SYSTEMPATH\Boot.php(363): CodeIgniter\CodeIgniter->run()
 5 SYSTEMPATH\Boot.php(68): CodeIgniter\Boot::runCodeIgniter(Object(CodeIgniter\CodeIgniter))
 6 FCPATH\index.php(59): CodeIgniter\Boot::bootWeb(Object(Config\Paths))
DEBUG - 2025-11-26 01:45:14 --> Session: Class initialized using 'CodeIgniter\Session\Handlers\FileHandler' driver.
DEBUG - 2025-11-26 01:45:23 --> Session: Class initialized using 'CodeIgniter\Session\Handlers\FileHandler' driver.
WARNING - 2025-11-26 01:45:24 --> [DEPRECATED] Function utf8_decode() is deprecated in APPPATH\Controllers\Compras.php on line 136.
 1 SYSTEMPATH\CodeIgniter.php(933): App\Controllers\Compras->generarCompraPdf('8')
 2 SYSTEMPATH\CodeIgniter.php(507): CodeIgniter\CodeIgniter->runController(Object(App\Controllers\Compras))
 3 SYSTEMPATH\CodeIgniter.php(354): CodeIgniter\CodeIgniter->handleRequest(null, Object(Config\Cache), false)
 4 SYSTEMPATH\Boot.php(363): CodeIgniter\CodeIgniter->run()
 5 SYSTEMPATH\Boot.php(68): CodeIgniter\Boot::runCodeIgniter(Object(CodeIgniter\CodeIgniter))
 6 FCPATH\index.php(59): CodeIgniter\Boot::bootWeb(Object(Config\Paths))
WARNING - 2025-11-26 01:45:24 --> [DEPRECATED] Function utf8_decode() is deprecated in APPPATH\Controllers\Compras.php on line 140.
 1 SYSTEMPATH\CodeIgniter.php(933): App\Controllers\Compras->generarCompraPdf('8')
 2 SYSTEMPATH\CodeIgniter.php(507): CodeIgniter\CodeIgniter->runController(Object(App\Controllers\Compras))
 3 SYSTEMPATH\CodeIgniter.php(354): CodeIgniter\CodeIgniter->handleRequest(null, Object(Config\Cache), false)
 4 SYSTEMPATH\Boot.php(363): CodeIgniter\CodeIgniter->run()
 5 SYSTEMPATH\Boot.php(68): CodeIgniter\Boot::runCodeIgniter(Object(CodeIgniter\CodeIgniter))
 6 FCPATH\index.php(59): CodeIgniter\Boot::bootWeb(Object(Config\Paths))
DEBUG - 2025-11-26 01:47:10 --> Session: Class initialized using 'CodeIgniter\Session\Handlers\FileHandler' driver.
DEBUG - 2025-11-26 01:47:24 --> Session: Class initialized using 'CodeIgniter\Session\Handlers\FileHandler' driver.
WARNING - 2025-11-26 01:47:25 --> [DEPRECATED] Function utf8_decode() is deprecated in APPPATH\Controllers\Compras.php on line 136.
 1 SYSTEMPATH\CodeIgniter.php(933): App\Controllers\Compras->generarCompraPdf('13')
 2 SYSTEMPATH\CodeIgniter.php(507): CodeIgniter\CodeIgniter->runController(Object(App\Controllers\Compras))
 3 SYSTEMPATH\CodeIgniter.php(354): CodeIgniter\CodeIgniter->handleRequest(null, Object(Config\Cache), false)
 4 SYSTEMPATH\Boot.php(363): CodeIgniter\CodeIgniter->run()
 5 SYSTEMPATH\Boot.php(68): CodeIgniter\Boot::runCodeIgniter(Object(CodeIgniter\CodeIgniter))
 6 FCPATH\index.php(59): CodeIgniter\Boot::bootWeb(Object(Config\Paths))
WARNING - 2025-11-26 01:47:25 --> [DEPRECATED] Function utf8_decode() is deprecated in APPPATH\Controllers\Compras.php on line 140.
 1 SYSTEMPATH\CodeIgniter.php(933): App\Controllers\Compras->generarCompraPdf('13')
 2 SYSTEMPATH\CodeIgniter.php(507): CodeIgniter\CodeIgniter->runController(Object(App\Controllers\Compras))
 3 SYSTEMPATH\CodeIgniter.php(354): CodeIgniter\CodeIgniter->handleRequest(null, Object(Config\Cache), false)
 4 SYSTEMPATH\Boot.php(363): CodeIgniter\CodeIgniter->run()
 5 SYSTEMPATH\Boot.php(68): CodeIgniter\Boot::runCodeIgniter(Object(CodeIgniter\CodeIgniter))
 6 FCPATH\index.php(59): CodeIgniter\Boot::bootWeb(Object(Config\Paths))
DEBUG - 2025-11-26 01:47:35 --> Session: Class initialized using 'CodeIgniter\Session\Handlers\FileHandler' driver.
DEBUG - 2025-11-26 01:47:51 --> Session: Class initialized using 'CodeIgniter\Session\Handlers\FileHandler' driver.
WARNING - 2025-11-26 01:47:52 --> [DEPRECATED] Function utf8_decode() is deprecated in APPPATH\Controllers\Compras.php on line 136.
 1 SYSTEMPATH\CodeIgniter.php(933): App\Controllers\Compras->generarCompraPdf('14')
 2 SYSTEMPATH\CodeIgniter.php(507): CodeIgniter\CodeIgniter->runController(Object(App\Controllers\Compras))
 3 SYSTEMPATH\CodeIgniter.php(354): CodeIgniter\CodeIgniter->handleRequest(null, Object(Config\Cache), false)
 4 SYSTEMPATH\Boot.php(363): CodeIgniter\CodeIgniter->run()
 5 SYSTEMPATH\Boot.php(68): CodeIgniter\Boot::runCodeIgniter(Object(CodeIgniter\CodeIgniter))
 6 FCPATH\index.php(59): CodeIgniter\Boot::bootWeb(Object(Config\Paths))
WARNING - 2025-11-26 01:47:52 --> [DEPRECATED] Function utf8_decode() is deprecated in APPPATH\Controllers\Compras.php on line 140.
 1 SYSTEMPATH\CodeIgniter.php(933): App\Controllers\Compras->generarCompraPdf('14')
 2 SYSTEMPATH\CodeIgniter.php(507): CodeIgniter\CodeIgniter->runController(Object(App\Controllers\Compras))
 3 SYSTEMPATH\CodeIgniter.php(354): CodeIgniter\CodeIgniter->handleRequest(null, Object(Config\Cache), false)
 4 SYSTEMPATH\Boot.php(363): CodeIgniter\CodeIgniter->run()
 5 SYSTEMPATH\Boot.php(68): CodeIgniter\Boot::runCodeIgniter(Object(CodeIgniter\CodeIgniter))
 6 FCPATH\index.php(59): CodeIgniter\Boot::bootWeb(Object(Config\Paths))
DEBUG - 2025-11-26 01:49:24 --> Session: Class initialized using 'CodeIgniter\Session\Handlers\FileHandler' driver.
DEBUG - 2025-11-26 01:54:01 --> Session: Class initialized using 'CodeIgniter\Session\Handlers\FileHandler' driver.
DEBUG - 2025-11-26 13:33:27 --> Session: Class initialized using 'CodeIgniter\Session\Handlers\FileHandler' driver.
DEBUG - 2025-11-26 13:33:35 --> Session: Class initialized using 'CodeIgniter\Session\Handlers\FileHandler' driver.
DEBUG - 2025-11-26 13:33:35 --> Session: Class initialized using 'CodeIgniter\Session\Handlers\FileHandler' driver.
DEBUG - 2025-11-26 13:38:48 --> Session: Class initialized using 'CodeIgniter\Session\Handlers\FileHandler' driver.
DEBUG - 2025-11-26 14:26:04 --> Session: Class initialized using 'CodeIgniter\Session\Handlers\FileHandler' driver.
CRITICAL - 2025-11-26 14:26:09 --> Error: Class "App\Models\DetalleVentaModel" not found
[Method: GET, Route: ventas/venta]
in APPPATH\Controllers\Ventas.php on line 19.
 1 SYSTEMPATH\CodeIgniter.php(903): App\Controllers\Ventas->__construct()
 2 SYSTEMPATH\CodeIgniter.php(498): CodeIgniter\CodeIgniter->createController()
 3 SYSTEMPATH\CodeIgniter.php(354): CodeIgniter\CodeIgniter->handleRequest(null, Object(Config\Cache), false)
 4 SYSTEMPATH\Boot.php(363): CodeIgniter\CodeIgniter->run()
 5 SYSTEMPATH\Boot.php(68): CodeIgniter\Boot::runCodeIgniter(Object(CodeIgniter\CodeIgniter))
 6 FCPATH\index.php(59): CodeIgniter\Boot::bootWeb(Object(Config\Paths))
CRITICAL - 2025-11-26 14:26:11 --> Error: Class "App\Models\DetalleVentaModel" not found
[Method: GET, Route: ventas/venta]
in APPPATH\Controllers\Ventas.php on line 19.
 1 SYSTEMPATH\CodeIgniter.php(903): App\Controllers\Ventas->__construct()
 2 SYSTEMPATH\CodeIgniter.php(498): CodeIgniter\CodeIgniter->createController()
 3 SYSTEMPATH\CodeIgniter.php(354): CodeIgniter\CodeIgniter->handleRequest(null, Object(Config\Cache), false)
 4 SYSTEMPATH\Boot.php(363): CodeIgniter\CodeIgniter->run()
 5 SYSTEMPATH\Boot.php(68): CodeIgniter\Boot::runCodeIgniter(Object(CodeIgniter\CodeIgniter))
 6 FCPATH\index.php(59): CodeIgniter\Boot::bootWeb(Object(Config\Paths))
CRITICAL - 2025-11-26 14:28:56 --> Error: Class "App\Models\DetalleVentaModel" not found
[Method: GET, Route: ventas/venta]
in APPPATH\Controllers\Ventas.php on line 19.
 1 SYSTEMPATH\CodeIgniter.php(903): App\Controllers\Ventas->__construct()
 2 SYSTEMPATH\CodeIgniter.php(498): CodeIgniter\CodeIgniter->createController()
 3 SYSTEMPATH\CodeIgniter.php(354): CodeIgniter\CodeIgniter->handleRequest(null, Object(Config\Cache), false)
 4 SYSTEMPATH\Boot.php(363): CodeIgniter\CodeIgniter->run()
 5 SYSTEMPATH\Boot.php(68): CodeIgniter\Boot::runCodeIgniter(Object(CodeIgniter\CodeIgniter))
 6 FCPATH\index.php(59): CodeIgniter\Boot::bootWeb(Object(Config\Paths))
DEBUG - 2025-11-26 14:34:49 --> Session: Class initialized using 'CodeIgniter\Session\Handlers\FileHandler' driver.
DEBUG - 2025-11-26 14:46:11 --> Session: Class initialized using 'CodeIgniter\Session\Handlers\FileHandler' driver.
DEBUG - 2025-11-26 15:12:55 --> Session: Class initialized using 'CodeIgniter\Session\Handlers\FileHandler' driver.
DEBUG - 2025-11-26 16:01:53 --> Session: Class initialized using 'CodeIgniter\Session\Handlers\FileHandler' driver.
DEBUG - 2025-11-26 16:12:45 --> Session: Class initialized using 'CodeIgniter\Session\Handlers\FileHandler' driver.
DEBUG - 2025-11-26 16:12:50 --> Session: Class initialized using 'CodeIgniter\Session\Handlers\FileHandler' driver.
DEBUG - 2025-11-26 16:12:53 --> Session: Class initialized using 'CodeIgniter\Session\Handlers\FileHandler' driver.
DEBUG - 2025-11-26 16:15:11 --> Session: Class initialized using 'CodeIgniter\Session\Handlers\FileHandler' driver.
DEBUG - 2025-11-26 16:15:16 --> Session: Class initialized using 'CodeIgniter\Session\Handlers\FileHandler' driver.
CRITICAL - 2025-11-26 16:15:16 --> ErrorException: Undefined variable $id_compra
[Method: GET, Route: ventas/venta]
in APPPATH\Views\ventas\caja.php on line 82.
 1 APPPATH\Views\ventas\caja.php(82): CodeIgniter\Debug\Exceptions->errorHandler(2, 'Undefined variable $id_compra', 'C:\\xampp\\htdocs\\pos\\app\\Views\\ventas\\caja.php', 82)
 2 SYSTEMPATH\View\View.php(226): include('C:\\xampp\\htdocs\\pos\\app\\Views\\ventas\\caja.php')
 3 SYSTEMPATH\View\View.php(229): CodeIgniter\View\View->CodeIgniter\View\{closure}()
 4 SYSTEMPATH\Common.php(1167): CodeIgniter\View\View->render('ventas/caja', [], true)
 5 APPPATH\Controllers\Ventas.php(41): view('ventas/caja')
 6 SYSTEMPATH\CodeIgniter.php(933): App\Controllers\Ventas->venta()
 7 SYSTEMPATH\CodeIgniter.php(507): CodeIgniter\CodeIgniter->runController(Object(App\Controllers\Ventas))
 8 SYSTEMPATH\CodeIgniter.php(354): CodeIgniter\CodeIgniter->handleRequest(null, Object(Config\Cache), false)
 9 SYSTEMPATH\Boot.php(363): CodeIgniter\CodeIgniter->run()
10 SYSTEMPATH\Boot.php(68): CodeIgniter\Boot::runCodeIgniter(Object(CodeIgniter\CodeIgniter))
11 FCPATH\index.php(59): CodeIgniter\Boot::bootWeb(Object(Config\Paths))
DEBUG - 2025-11-26 16:15:18 --> Session: Class initialized using 'CodeIgniter\Session\Handlers\FileHandler' driver.
CRITICAL - 2025-11-26 16:15:18 --> ErrorException: Undefined variable $id_compra
[Method: GET, Route: ventas/venta]
in APPPATH\Views\ventas\caja.php on line 82.
 1 APPPATH\Views\ventas\caja.php(82): CodeIgniter\Debug\Exceptions->errorHandler(2, 'Undefined variable $id_compra', 'C:\\xampp\\htdocs\\pos\\app\\Views\\ventas\\caja.php', 82)
 2 SYSTEMPATH\View\View.php(226): include('C:\\xampp\\htdocs\\pos\\app\\Views\\ventas\\caja.php')
 3 SYSTEMPATH\View\View.php(229): CodeIgniter\View\View->CodeIgniter\View\{closure}()
 4 SYSTEMPATH\Common.php(1167): CodeIgniter\View\View->render('ventas/caja', [], true)
 5 APPPATH\Controllers\Ventas.php(41): view('ventas/caja')
 6 SYSTEMPATH\CodeIgniter.php(933): App\Controllers\Ventas->venta()
 7 SYSTEMPATH\CodeIgniter.php(507): CodeIgniter\CodeIgniter->runController(Object(App\Controllers\Ventas))
 8 SYSTEMPATH\CodeIgniter.php(354): CodeIgniter\CodeIgniter->handleRequest(null, Object(Config\Cache), false)
 9 SYSTEMPATH\Boot.php(363): CodeIgniter\CodeIgniter->run()
10 SYSTEMPATH\Boot.php(68): CodeIgniter\Boot::runCodeIgniter(Object(CodeIgniter\CodeIgniter))
11 FCPATH\index.php(59): CodeIgniter\Boot::bootWeb(Object(Config\Paths))
DEBUG - 2025-11-26 16:16:29 --> Session: Class initialized using 'CodeIgniter\Session\Handlers\FileHandler' driver.
DEBUG - 2025-11-26 16:26:54 --> Session: Class initialized using 'CodeIgniter\Session\Handlers\FileHandler' driver.
DEBUG - 2025-11-26 16:39:11 --> Session: Class initialized using 'CodeIgniter\Session\Handlers\FileHandler' driver.
DEBUG - 2025-11-26 16:42:07 --> Session: Class initialized using 'CodeIgniter\Session\Handlers\FileHandler' driver.
DEBUG - 2025-11-26 16:42:53 --> Session: Class initialized using 'CodeIgniter\Session\Handlers\FileHandler' driver.
DEBUG - 2025-11-26 16:42:54 --> Session: Class initialized using 'CodeIgniter\Session\Handlers\FileHandler' driver.
DEBUG - 2025-11-26 16:46:52 --> Session: Class initialized using 'CodeIgniter\Session\Handlers\FileHandler' driver.
DEBUG - 2025-11-26 16:47:44 --> Session: Class initialized using 'CodeIgniter\Session\Handlers\FileHandler' driver.
DEBUG - 2025-11-26 16:48:23 --> Session: Class initialized using 'CodeIgniter\Session\Handlers\FileHandler' driver.
DEBUG - 2025-11-26 16:48:25 --> Session: Class initialized using 'CodeIgniter\Session\Handlers\FileHandler' driver.
DEBUG - 2025-11-26 16:49:38 --> Session: Class initialized using 'CodeIgniter\Session\Handlers\FileHandler' driver.
DEBUG - 2025-11-26 16:49:41 --> Session: Class initialized using 'CodeIgniter\Session\Handlers\FileHandler' driver.
DEBUG - 2025-11-26 16:49:43 --> Session: Class initialized using 'CodeIgniter\Session\Handlers\FileHandler' driver.
DEBUG - 2025-11-26 16:50:29 --> Session: Class initialized using 'CodeIgniter\Session\Handlers\FileHandler' driver.
DEBUG - 2025-11-26 16:50:40 --> Session: Class initialized using 'CodeIgniter\Session\Handlers\FileHandler' driver.
DEBUG - 2025-11-26 16:51:15 --> Session: Class initialized using 'CodeIgniter\Session\Handlers\FileHandler' driver.
DEBUG - 2025-11-26 16:51:39 --> Session: Class initialized using 'CodeIgniter\Session\Handlers\FileHandler' driver.
DEBUG - 2025-11-26 16:52:56 --> Session: Class initialized using 'CodeIgniter\Session\Handlers\FileHandler' driver.
DEBUG - 2025-11-26 16:53:30 --> Session: Class initialized using 'CodeIgniter\Session\Handlers\FileHandler' driver.
DEBUG - 2025-11-26 16:53:46 --> Session: Class initialized using 'CodeIgniter\Session\Handlers\FileHandler' driver.
DEBUG - 2025-11-26 16:54:25 --> Session: Class initialized using 'CodeIgniter\Session\Handlers\FileHandler' driver.
DEBUG - 2025-11-26 16:54:35 --> Session: Class initialized using 'CodeIgniter\Session\Handlers\FileHandler' driver.
DEBUG - 2025-11-26 17:16:10 --> Session: Class initialized using 'CodeIgniter\Session\Handlers\FileHandler' driver.
DEBUG - 2025-11-26 17:16:20 --> Session: Class initialized using 'CodeIgniter\Session\Handlers\FileHandler' driver.
DEBUG - 2025-11-26 17:16:22 --> Session: Class initialized using 'CodeIgniter\Session\Handlers\FileHandler' driver.
DEBUG - 2025-11-26 17:18:22 --> Session: Class initialized using 'CodeIgniter\Session\Handlers\FileHandler' driver.
DEBUG - 2025-11-26 17:18:25 --> Session: Class initialized using 'CodeIgniter\Session\Handlers\FileHandler' driver.
DEBUG - 2025-11-26 17:23:47 --> Session: Class initialized using 'CodeIgniter\Session\Handlers\FileHandler' driver.
DEBUG - 2025-11-26 17:23:51 --> Session: Class initialized using 'CodeIgniter\Session\Handlers\FileHandler' driver.
DEBUG - 2025-11-26 17:23:54 --> Session: Class initialized using 'CodeIgniter\Session\Handlers\FileHandler' driver.
DEBUG - 2025-11-26 17:24:11 --> Session: Class initialized using 'CodeIgniter\Session\Handlers\FileHandler' driver.
DEBUG - 2025-11-26 17:24:16 --> Session: Class initialized using 'CodeIgniter\Session\Handlers\FileHandler' driver.
DEBUG - 2025-11-26 17:26:26 --> Session: Class initialized using 'CodeIgniter\Session\Handlers\FileHandler' driver.
DEBUG - 2025-11-26 17:28:28 --> Session: Class initialized using 'CodeIgniter\Session\Handlers\FileHandler' driver.
DEBUG - 2025-11-26 17:54:18 --> Session: Class initialized using 'CodeIgniter\Session\Handlers\FileHandler' driver.
DEBUG - 2025-11-26 17:56:01 --> Session: Class initialized using 'CodeIgniter\Session\Handlers\FileHandler' driver.
DEBUG - 2025-11-26 18:10:57 --> Session: Class initialized using 'CodeIgniter\Session\Handlers\FileHandler' driver.
DEBUG - 2025-11-26 18:11:05 --> Session: Class initialized using 'CodeIgniter\Session\Handlers\FileHandler' driver.
DEBUG - 2025-11-26 18:11:05 --> Session: Class initialized using 'CodeIgniter\Session\Handlers\FileHandler' driver.
DEBUG - 2025-11-26 18:11:08 --> Session: Class initialized using 'CodeIgniter\Session\Handlers\FileHandler' driver.
DEBUG - 2025-11-26 18:11:20 --> Session: Class initialized using 'CodeIgniter\Session\Handlers\FileHandler' driver.
DEBUG - 2025-11-26 18:11:36 --> Session: Class initialized using 'CodeIgniter\Session\Handlers\FileHandler' driver.
DEBUG - 2025-11-26 18:12:20 --> Session: Class initialized using 'CodeIgniter\Session\Handlers\FileHandler' driver.
DEBUG - 2025-11-26 18:12:26 --> Session: Class initialized using 'CodeIgniter\Session\Handlers\FileHandler' driver.
DEBUG - 2025-11-26 18:13:25 --> Session: Class initialized using 'CodeIgniter\Session\Handlers\FileHandler' driver.
DEBUG - 2025-11-26 18:14:25 --> Session: Class initialized using 'CodeIgniter\Session\Handlers\FileHandler' driver.
DEBUG - 2025-11-26 18:15:44 --> Session: Class initialized using 'CodeIgniter\Session\Handlers\FileHandler' driver.
DEBUG - 2025-11-26 18:15:55 --> Session: Class initialized using 'CodeIgniter\Session\Handlers\FileHandler' driver.
DEBUG - 2025-11-26 18:16:11 --> Session: Class initialized using 'CodeIgniter\Session\Handlers\FileHandler' driver.
DEBUG - 2025-11-26 18:17:50 --> Session: Class initialized using 'CodeIgniter\Session\Handlers\FileHandler' driver.
DEBUG - 2025-11-26 18:20:35 --> Session: Class initialized using 'CodeIgniter\Session\Handlers\FileHandler' driver.
DEBUG - 2025-11-26 18:26:37 --> Session: Class initialized using 'CodeIgniter\Session\Handlers\FileHandler' driver.
DEBUG - 2025-11-26 18:26:45 --> Session: Class initialized using 'CodeIgniter\Session\Handlers\FileHandler' driver.
DEBUG - 2025-11-26 18:28:06 --> Session: Class initialized using 'CodeIgniter\Session\Handlers\FileHandler' driver.
DEBUG - 2025-11-26 18:28:08 --> Session: Class initialized using 'CodeIgniter\Session\Handlers\FileHandler' driver.
DEBUG - 2025-11-26 18:30:37 --> Session: Class initialized using 'CodeIgniter\Session\Handlers\FileHandler' driver.
DEBUG - 2025-11-26 18:33:58 --> Session: Class initialized using 'CodeIgniter\Session\Handlers\FileHandler' driver.
DEBUG - 2025-11-26 18:34:01 --> Session: Class initialized using 'CodeIgniter\Session\Handlers\FileHandler' driver.
DEBUG - 2025-11-26 18:37:55 --> Session: Class initialized using 'CodeIgniter\Session\Handlers\FileHandler' driver.
DEBUG - 2025-11-26 19:18:20 --> Session: Class initialized using 'CodeIgniter\Session\Handlers\FileHandler' driver.
DEBUG - 2025-11-26 19:25:56 --> Session: Class initialized using 'CodeIgniter\Session\Handlers\FileHandler' driver.
DEBUG - 2025-11-26 19:26:31 --> Session: Class initialized using 'CodeIgniter\Session\Handlers\FileHandler' driver.
DEBUG - 2025-11-26 19:30:36 --> Session: Class initialized using 'CodeIgniter\Session\Handlers\FileHandler' driver.
DEBUG - 2025-11-26 19:30:39 --> Session: Class initialized using 'CodeIgniter\Session\Handlers\FileHandler' driver.
DEBUG - 2025-11-26 19:32:43 --> Session: Class initialized using 'CodeIgniter\Session\Handlers\FileHandler' driver.
DEBUG - 2025-11-26 19:34:16 --> Session: Class initialized using 'CodeIgniter\Session\Handlers\FileHandler' driver.
DEBUG - 2025-11-26 19:34:56 --> Session: Class initialized using 'CodeIgniter\Session\Handlers\FileHandler' driver.
DEBUG - 2025-11-26 19:35:41 --> Session: Class initialized using 'CodeIgniter\Session\Handlers\FileHandler' driver.
DEBUG - 2025-11-26 19:35:43 --> Session: Class initialized using 'CodeIgniter\Session\Handlers\FileHandler' driver.
DEBUG - 2025-11-26 19:35:50 --> Session: Class initialized using 'CodeIgniter\Session\Handlers\FileHandler' driver.
CRITICAL - 2025-11-26 19:35:50 --> CodeIgniter\Exceptions\BadMethodCallException: Call to undefined method App\Models\VentasModel::insertaCompra
[Method: POST, Route: ventas/guarda]
in SYSTEMPATH\Model.php on line 927.
 1 APPPATH\Controllers\Ventas.php(62): CodeIgniter\Model->__call('insertaCompra', [...])
 2 SYSTEMPATH\CodeIgniter.php(933): App\Controllers\Ventas->guarda()
 3 SYSTEMPATH\CodeIgniter.php(507): CodeIgniter\CodeIgniter->runController(Object(App\Controllers\Ventas))
 4 SYSTEMPATH\CodeIgniter.php(354): CodeIgniter\CodeIgniter->handleRequest(null, Object(Config\Cache), false)
 5 SYSTEMPATH\Boot.php(363): CodeIgniter\CodeIgniter->run()
 6 SYSTEMPATH\Boot.php(68): CodeIgniter\Boot::runCodeIgniter(Object(CodeIgniter\CodeIgniter))
 7 FCPATH\index.php(59): CodeIgniter\Boot::bootWeb(Object(Config\Paths))
DEBUG - 2025-11-26 20:01:36 --> Session: Class initialized using 'CodeIgniter\Session\Handlers\FileHandler' driver.
CRITICAL - 2025-11-26 20:01:36 --> Error: Call to a member function insertaVenta() on null
[Method: POST, Route: ventas/guarda]
in APPPATH\Controllers\Ventas.php on line 67.
 1 SYSTEMPATH\CodeIgniter.php(933): App\Controllers\Ventas->guarda()
 2 SYSTEMPATH\CodeIgniter.php(507): CodeIgniter\CodeIgniter->runController(Object(App\Controllers\Ventas))
 3 SYSTEMPATH\CodeIgniter.php(354): CodeIgniter\CodeIgniter->handleRequest(null, Object(Config\Cache), false)
 4 SYSTEMPATH\Boot.php(363): CodeIgniter\CodeIgniter->run()
 5 SYSTEMPATH\Boot.php(68): CodeIgniter\Boot::runCodeIgniter(Object(CodeIgniter\CodeIgniter))
 6 FCPATH\index.php(59): CodeIgniter\Boot::bootWeb(Object(Config\Paths))
DEBUG - 2025-11-26 20:01:46 --> Session: Class initialized using 'CodeIgniter\Session\Handlers\FileHandler' driver.
CRITICAL - 2025-11-26 20:01:46 --> Error: Call to a member function insertaVenta() on null
[Method: POST, Route: ventas/guarda]
in APPPATH\Controllers\Ventas.php on line 67.
 1 SYSTEMPATH\CodeIgniter.php(933): App\Controllers\Ventas->guarda()
 2 SYSTEMPATH\CodeIgniter.php(507): CodeIgniter\CodeIgniter->runController(Object(App\Controllers\Ventas))
 3 SYSTEMPATH\CodeIgniter.php(354): CodeIgniter\CodeIgniter->handleRequest(null, Object(Config\Cache), false)
 4 SYSTEMPATH\Boot.php(363): CodeIgniter\CodeIgniter->run()
 5 SYSTEMPATH\Boot.php(68): CodeIgniter\Boot::runCodeIgniter(Object(CodeIgniter\CodeIgniter))
 6 FCPATH\index.php(59): CodeIgniter\Boot::bootWeb(Object(Config\Paths))
DEBUG - 2025-11-26 20:08:48 --> Session: Class initialized using 'CodeIgniter\Session\Handlers\FileHandler' driver.
CRITICAL - 2025-11-26 20:08:48 --> Error: Call to a member function insertaVenta() on null
[Method: POST, Route: ventas/guarda]
in APPPATH\Controllers\Ventas.php on line 67.
 1 SYSTEMPATH\CodeIgniter.php(933): App\Controllers\Ventas->guarda()
 2 SYSTEMPATH\CodeIgniter.php(507): CodeIgniter\CodeIgniter->runController(Object(App\Controllers\Ventas))
 3 SYSTEMPATH\CodeIgniter.php(354): CodeIgniter\CodeIgniter->handleRequest(null, Object(Config\Cache), false)
 4 SYSTEMPATH\Boot.php(363): CodeIgniter\CodeIgniter->run()
 5 SYSTEMPATH\Boot.php(68): CodeIgniter\Boot::runCodeIgniter(Object(CodeIgniter\CodeIgniter))
 6 FCPATH\index.php(59): CodeIgniter\Boot::bootWeb(Object(Config\Paths))
DEBUG - 2025-11-26 20:12:09 --> Session: Class initialized using 'CodeIgniter\Session\Handlers\FileHandler' driver.
CRITICAL - 2025-11-26 20:12:09 --> Error: Call to a member function insertaVenta() on null
[Method: POST, Route: ventas/guarda]
in APPPATH\Controllers\Ventas.php on line 67.
 1 SYSTEMPATH\CodeIgniter.php(933): App\Controllers\Ventas->guarda()
 2 SYSTEMPATH\CodeIgniter.php(507): CodeIgniter\CodeIgniter->runController(Object(App\Controllers\Ventas))
 3 SYSTEMPATH\CodeIgniter.php(354): CodeIgniter\CodeIgniter->handleRequest(null, Object(Config\Cache), false)
 4 SYSTEMPATH\Boot.php(363): CodeIgniter\CodeIgniter->run()
 5 SYSTEMPATH\Boot.php(68): CodeIgniter\Boot::runCodeIgniter(Object(CodeIgniter\CodeIgniter))
 6 FCPATH\index.php(59): CodeIgniter\Boot::bootWeb(Object(Config\Paths))
DEBUG - 2025-11-26 20:15:20 --> Session: Class initialized using 'CodeIgniter\Session\Handlers\FileHandler' driver.
ERROR - 2025-11-26 20:15:20 --> mysqli_sql_exception: Column 'folio' cannot be null in C:\xampp\htdocs\pos\system\Database\MySQLi\Connection.php:327
Stack trace:
#0 C:\xampp\htdocs\pos\system\Database\MySQLi\Connection.php(327): mysqli->query('INSERT INTO `ve...', 0)
#1 C:\xampp\htdocs\pos\system\Database\BaseConnection.php(729): CodeIgniter\Database\MySQLi\Connection->execute('INSERT INTO `ve...')
#2 C:\xampp\htdocs\pos\system\Database\BaseConnection.php(646): CodeIgniter\Database\BaseConnection->simpleQuery('INSERT INTO `ve...')
#3 C:\xampp\htdocs\pos\system\Database\BaseBuilder.php(2345): CodeIgniter\Database\BaseConnection->query('INSERT INTO `ve...', Array, false)
#4 C:\xampp\htdocs\pos\system\Model.php(394): CodeIgniter\Database\BaseBuilder->insert()
#5 C:\xampp\htdocs\pos\system\BaseModel.php(838): CodeIgniter\Model->doInsert(Array)
#6 C:\xampp\htdocs\pos\system\Model.php(797): CodeIgniter\BaseModel->insert(Array, true)
#7 C:\xampp\htdocs\pos\app\Models\VentasModel.php(35): CodeIgniter\Model->insert(Array)
#8 C:\xampp\htdocs\pos\app\Controllers\Ventas.php(65): App\Models\VentasModel->insertaVenta(NULL, 112.08, '2', '1', '1', '001')
#9 C:\xampp\htdocs\pos\system\CodeIgniter.php(933): App\Controllers\Ventas->guarda()
#10 C:\xampp\htdocs\pos\system\CodeIgniter.php(507): CodeIgniter\CodeIgniter->runController(Object(App\Controllers\Ventas))
#11 C:\xampp\htdocs\pos\system\CodeIgniter.php(354): CodeIgniter\CodeIgniter->handleRequest(NULL, Object(Config\Cache), false)
#12 C:\xampp\htdocs\pos\system\Boot.php(363): CodeIgniter\CodeIgniter->run()
#13 C:\xampp\htdocs\pos\system\Boot.php(68): CodeIgniter\Boot::runCodeIgniter(Object(CodeIgniter\CodeIgniter))
#14 C:\xampp\htdocs\pos\public\index.php(59): CodeIgniter\Boot::bootWeb(Object(Config\Paths))
#15 {main}
CRITICAL - 2025-11-26 20:15:20 --> CodeIgniter\Database\Exceptions\DatabaseException: Column 'folio' cannot be null
[Method: POST, Route: ventas/guarda]
in SYSTEMPATH\Database\BaseConnection.php on line 684.
 1 SYSTEMPATH\Database\BaseBuilder.php(2345): CodeIgniter\Database\BaseConnection->query('INSERT INTO `ventas` (`folio`, `total`, `id_usuario`, `id_caja`, `id_cliente`, `fecha_alta`) VALUES (:folio:, :total:, :id_usuario:, :id_caja:, :id_cliente:, :fecha_alta:)', [...], false)
 2 SYSTEMPATH\Model.php(394): CodeIgniter\Database\BaseBuilder->insert()
 3 SYSTEMPATH\BaseModel.php(838): CodeIgniter\Model->doInsert([...])
 4 SYSTEMPATH\Model.php(797): CodeIgniter\BaseModel->insert([...], true)
 5 APPPATH\Models\VentasModel.php(35): CodeIgniter\Model->insert([...])
 6 APPPATH\Controllers\Ventas.php(65): App\Models\VentasModel->insertaVenta(null, 112.08, '2', '1', '1', '001')
 7 SYSTEMPATH\CodeIgniter.php(933): App\Controllers\Ventas->guarda()
 8 SYSTEMPATH\CodeIgniter.php(507): CodeIgniter\CodeIgniter->runController(Object(App\Controllers\Ventas))
 9 SYSTEMPATH\CodeIgniter.php(354): CodeIgniter\CodeIgniter->handleRequest(null, Object(Config\Cache), false)
10 SYSTEMPATH\Boot.php(363): CodeIgniter\CodeIgniter->run()
11 SYSTEMPATH\Boot.php(68): CodeIgniter\Boot::runCodeIgniter(Object(CodeIgniter\CodeIgniter))
12 FCPATH\index.php(59): CodeIgniter\Boot::bootWeb(Object(Config\Paths))
CRITICAL - 2025-11-26 20:15:20 --> [Caused by] CodeIgniter\Database\Exceptions\DatabaseException: Column 'folio' cannot be null
in SYSTEMPATH\Database\MySQLi\Connection.php on line 332.
 1 SYSTEMPATH\Database\BaseConnection.php(729): CodeIgniter\Database\MySQLi\Connection->execute('INSERT INTO `ventas` (`folio`, `total`, `id_usuario`, `id_caja`, `id_cliente`, `fecha_alta`) VALUES (NULL, 112.08, \'2\', \'1\', \'1\', \'2025-11-26 20:15:20\')')
 2 SYSTEMPATH\Database\BaseConnection.php(646): CodeIgniter\Database\BaseConnection->simpleQuery('INSERT INTO `ventas` (`folio`, `total`, `id_usuario`, `id_caja`, `id_cliente`, `fecha_alta`) VALUES (NULL, 112.08, \'2\', \'1\', \'1\', \'2025-11-26 20:15:20\')')
 3 SYSTEMPATH\Database\BaseBuilder.php(2345): CodeIgniter\Database\BaseConnection->query('INSERT INTO `ventas` (`folio`, `total`, `id_usuario`, `id_caja`, `id_cliente`, `fecha_alta`) VALUES (:folio:, :total:, :id_usuario:, :id_caja:, :id_cliente:, :fecha_alta:)', [...], false)
 4 SYSTEMPATH\Model.php(394): CodeIgniter\Database\BaseBuilder->insert()
 5 SYSTEMPATH\BaseModel.php(838): CodeIgniter\Model->doInsert([...])
 6 SYSTEMPATH\Model.php(797): CodeIgniter\BaseModel->insert([...], true)
 7 APPPATH\Models\VentasModel.php(35): CodeIgniter\Model->insert([...])
 8 APPPATH\Controllers\Ventas.php(65): App\Models\VentasModel->insertaVenta(null, 112.08, '2', '1', '1', '001')
 9 SYSTEMPATH\CodeIgniter.php(933): App\Controllers\Ventas->guarda()
10 SYSTEMPATH\CodeIgniter.php(507): CodeIgniter\CodeIgniter->runController(Object(App\Controllers\Ventas))
11 SYSTEMPATH\CodeIgniter.php(354): CodeIgniter\CodeIgniter->handleRequest(null, Object(Config\Cache), false)
12 SYSTEMPATH\Boot.php(363): CodeIgniter\CodeIgniter->run()
13 SYSTEMPATH\Boot.php(68): CodeIgniter\Boot::runCodeIgniter(Object(CodeIgniter\CodeIgniter))
14 FCPATH\index.php(59): CodeIgniter\Boot::bootWeb(Object(Config\Paths))
CRITICAL - 2025-11-26 20:15:20 --> [Caused by] mysqli_sql_exception: Column 'folio' cannot be null
in SYSTEMPATH\Database\MySQLi\Connection.php on line 327.
 1 SYSTEMPATH\Database\MySQLi\Connection.php(327): mysqli->query('INSERT INTO `ventas` (`folio`, `total`, `id_usuario`, `id_caja`, `id_cliente`, `fecha_alta`) VALUES (NULL, 112.08, \'2\', \'1\', \'1\', \'2025-11-26 20:15:20\')', 0)
 2 SYSTEMPATH\Database\BaseConnection.php(729): CodeIgniter\Database\MySQLi\Connection->execute('INSERT INTO `ventas` (`folio`, `total`, `id_usuario`, `id_caja`, `id_cliente`, `fecha_alta`) VALUES (NULL, 112.08, \'2\', \'1\', \'1\', \'2025-11-26 20:15:20\')')
 3 SYSTEMPATH\Database\BaseConnection.php(646): CodeIgniter\Database\BaseConnection->simpleQuery('INSERT INTO `ventas` (`folio`, `total`, `id_usuario`, `id_caja`, `id_cliente`, `fecha_alta`) VALUES (NULL, 112.08, \'2\', \'1\', \'1\', \'2025-11-26 20:15:20\')')
 4 SYSTEMPATH\Database\BaseBuilder.php(2345): CodeIgniter\Database\BaseConnection->query('INSERT INTO `ventas` (`folio`, `total`, `id_usuario`, `id_caja`, `id_cliente`, `fecha_alta`) VALUES (:folio:, :total:, :id_usuario:, :id_caja:, :id_cliente:, :fecha_alta:)', [...], false)
 5 SYSTEMPATH\Model.php(394): CodeIgniter\Database\BaseBuilder->insert()
 6 SYSTEMPATH\BaseModel.php(838): CodeIgniter\Model->doInsert([...])
 7 SYSTEMPATH\Model.php(797): CodeIgniter\BaseModel->insert([...], true)
 8 APPPATH\Models\VentasModel.php(35): CodeIgniter\Model->insert([...])
 9 APPPATH\Controllers\Ventas.php(65): App\Models\VentasModel->insertaVenta(null, 112.08, '2', '1', '1', '001')
10 SYSTEMPATH\CodeIgniter.php(933): App\Controllers\Ventas->guarda()
11 SYSTEMPATH\CodeIgniter.php(507): CodeIgniter\CodeIgniter->runController(Object(App\Controllers\Ventas))
12 SYSTEMPATH\CodeIgniter.php(354): CodeIgniter\CodeIgniter->handleRequest(null, Object(Config\Cache), false)
13 SYSTEMPATH\Boot.php(363): CodeIgniter\CodeIgniter->run()
14 SYSTEMPATH\Boot.php(68): CodeIgniter\Boot::runCodeIgniter(Object(CodeIgniter\CodeIgniter))
15 FCPATH\index.php(59): CodeIgniter\Boot::bootWeb(Object(Config\Paths))
DEBUG - 2025-11-26 20:19:34 --> Session: Class initialized using 'CodeIgniter\Session\Handlers\FileHandler' driver.
ERROR - 2025-11-26 20:19:34 --> mysqli_sql_exception: Column 'folio' cannot be null in C:\xampp\htdocs\pos\system\Database\MySQLi\Connection.php:327
Stack trace:
#0 C:\xampp\htdocs\pos\system\Database\MySQLi\Connection.php(327): mysqli->query('INSERT INTO `ve...', 0)
#1 C:\xampp\htdocs\pos\system\Database\BaseConnection.php(729): CodeIgniter\Database\MySQLi\Connection->execute('INSERT INTO `ve...')
#2 C:\xampp\htdocs\pos\system\Database\BaseConnection.php(646): CodeIgniter\Database\BaseConnection->simpleQuery('INSERT INTO `ve...')
#3 C:\xampp\htdocs\pos\system\Database\BaseBuilder.php(2345): CodeIgniter\Database\BaseConnection->query('INSERT INTO `ve...', Array, false)
#4 C:\xampp\htdocs\pos\system\Model.php(394): CodeIgniter\Database\BaseBuilder->insert()
#5 C:\xampp\htdocs\pos\system\BaseModel.php(838): CodeIgniter\Model->doInsert(Array)
#6 C:\xampp\htdocs\pos\system\Model.php(797): CodeIgniter\BaseModel->insert(Array, true)
#7 C:\xampp\htdocs\pos\app\Models\VentasModel.php(35): CodeIgniter\Model->insert(Array)
#8 C:\xampp\htdocs\pos\app\Controllers\Ventas.php(64): App\Models\VentasModel->insertaVenta(NULL, 112.08, '2', '1', '1', '001')
#9 C:\xampp\htdocs\pos\system\CodeIgniter.php(933): App\Controllers\Ventas->guarda()
#10 C:\xampp\htdocs\pos\system\CodeIgniter.php(507): CodeIgniter\CodeIgniter->runController(Object(App\Controllers\Ventas))
#11 C:\xampp\htdocs\pos\system\CodeIgniter.php(354): CodeIgniter\CodeIgniter->handleRequest(NULL, Object(Config\Cache), false)
#12 C:\xampp\htdocs\pos\system\Boot.php(363): CodeIgniter\CodeIgniter->run()
#13 C:\xampp\htdocs\pos\system\Boot.php(68): CodeIgniter\Boot::runCodeIgniter(Object(CodeIgniter\CodeIgniter))
#14 C:\xampp\htdocs\pos\public\index.php(59): CodeIgniter\Boot::bootWeb(Object(Config\Paths))
#15 {main}
CRITICAL - 2025-11-26 20:19:34 --> CodeIgniter\Database\Exceptions\DatabaseException: Column 'folio' cannot be null
[Method: POST, Route: ventas/guarda]
in SYSTEMPATH\Database\BaseConnection.php on line 684.
 1 SYSTEMPATH\Database\BaseBuilder.php(2345): CodeIgniter\Database\BaseConnection->query('INSERT INTO `ventas` (`folio`, `total`, `id_usuario`, `id_caja`, `id_cliente`, `forma_pago`, `fecha_alta`) VALUES (:folio:, :total:, :id_usuario:, :id_caja:, :id_cliente:, :forma_pago:, :fecha_alta:)', [...], false)
 2 SYSTEMPATH\Model.php(394): CodeIgniter\Database\BaseBuilder->insert()
 3 SYSTEMPATH\BaseModel.php(838): CodeIgniter\Model->doInsert([...])
 4 SYSTEMPATH\Model.php(797): CodeIgniter\BaseModel->insert([...], true)
 5 APPPATH\Models\VentasModel.php(35): CodeIgniter\Model->insert([...])
 6 APPPATH\Controllers\Ventas.php(64): App\Models\VentasModel->insertaVenta(null, 112.08, '2', '1', '1', '001')
 7 SYSTEMPATH\CodeIgniter.php(933): App\Controllers\Ventas->guarda()
 8 SYSTEMPATH\CodeIgniter.php(507): CodeIgniter\CodeIgniter->runController(Object(App\Controllers\Ventas))
 9 SYSTEMPATH\CodeIgniter.php(354): CodeIgniter\CodeIgniter->handleRequest(null, Object(Config\Cache), false)
10 SYSTEMPATH\Boot.php(363): CodeIgniter\CodeIgniter->run()
11 SYSTEMPATH\Boot.php(68): CodeIgniter\Boot::runCodeIgniter(Object(CodeIgniter\CodeIgniter))
12 FCPATH\index.php(59): CodeIgniter\Boot::bootWeb(Object(Config\Paths))
CRITICAL - 2025-11-26 20:19:34 --> [Caused by] CodeIgniter\Database\Exceptions\DatabaseException: Column 'folio' cannot be null
in SYSTEMPATH\Database\MySQLi\Connection.php on line 332.
 1 SYSTEMPATH\Database\BaseConnection.php(729): CodeIgniter\Database\MySQLi\Connection->execute('INSERT INTO `ventas` (`folio`, `total`, `id_usuario`, `id_caja`, `id_cliente`, `forma_pago`, `fecha_alta`) VALUES (NULL, 112.08, \'2\', \'1\', \'1\', \'001\', \'2025-11-26 20:19:34\')')
 2 SYSTEMPATH\Database\BaseConnection.php(646): CodeIgniter\Database\BaseConnection->simpleQuery('INSERT INTO `ventas` (`folio`, `total`, `id_usuario`, `id_caja`, `id_cliente`, `forma_pago`, `fecha_alta`) VALUES (NULL, 112.08, \'2\', \'1\', \'1\', \'001\', \'2025-11-26 20:19:34\')')
 3 SYSTEMPATH\Database\BaseBuilder.php(2345): CodeIgniter\Database\BaseConnection->query('INSERT INTO `ventas` (`folio`, `total`, `id_usuario`, `id_caja`, `id_cliente`, `forma_pago`, `fecha_alta`) VALUES (:folio:, :total:, :id_usuario:, :id_caja:, :id_cliente:, :forma_pago:, :fecha_alta:)', [...], false)
 4 SYSTEMPATH\Model.php(394): CodeIgniter\Database\BaseBuilder->insert()
 5 SYSTEMPATH\BaseModel.php(838): CodeIgniter\Model->doInsert([...])
 6 SYSTEMPATH\Model.php(797): CodeIgniter\BaseModel->insert([...], true)
 7 APPPATH\Models\VentasModel.php(35): CodeIgniter\Model->insert([...])
 8 APPPATH\Controllers\Ventas.php(64): App\Models\VentasModel->insertaVenta(null, 112.08, '2', '1', '1', '001')
 9 SYSTEMPATH\CodeIgniter.php(933): App\Controllers\Ventas->guarda()
10 SYSTEMPATH\CodeIgniter.php(507): CodeIgniter\CodeIgniter->runController(Object(App\Controllers\Ventas))
11 SYSTEMPATH\CodeIgniter.php(354): CodeIgniter\CodeIgniter->handleRequest(null, Object(Config\Cache), false)
12 SYSTEMPATH\Boot.php(363): CodeIgniter\CodeIgniter->run()
13 SYSTEMPATH\Boot.php(68): CodeIgniter\Boot::runCodeIgniter(Object(CodeIgniter\CodeIgniter))
14 FCPATH\index.php(59): CodeIgniter\Boot::bootWeb(Object(Config\Paths))
CRITICAL - 2025-11-26 20:19:34 --> [Caused by] mysqli_sql_exception: Column 'folio' cannot be null
in SYSTEMPATH\Database\MySQLi\Connection.php on line 327.
 1 SYSTEMPATH\Database\MySQLi\Connection.php(327): mysqli->query('INSERT INTO `ventas` (`folio`, `total`, `id_usuario`, `id_caja`, `id_cliente`, `forma_pago`, `fecha_alta`) VALUES (NULL, 112.08, \'2\', \'1\', \'1\', \'001\', \'2025-11-26 20:19:34\')', 0)
 2 SYSTEMPATH\Database\BaseConnection.php(729): CodeIgniter\Database\MySQLi\Connection->execute('INSERT INTO `ventas` (`folio`, `total`, `id_usuario`, `id_caja`, `id_cliente`, `forma_pago`, `fecha_alta`) VALUES (NULL, 112.08, \'2\', \'1\', \'1\', \'001\', \'2025-11-26 20:19:34\')')
 3 SYSTEMPATH\Database\BaseConnection.php(646): CodeIgniter\Database\BaseConnection->simpleQuery('INSERT INTO `ventas` (`folio`, `total`, `id_usuario`, `id_caja`, `id_cliente`, `forma_pago`, `fecha_alta`) VALUES (NULL, 112.08, \'2\', \'1\', \'1\', \'001\', \'2025-11-26 20:19:34\')')
 4 SYSTEMPATH\Database\BaseBuilder.php(2345): CodeIgniter\Database\BaseConnection->query('INSERT INTO `ventas` (`folio`, `total`, `id_usuario`, `id_caja`, `id_cliente`, `forma_pago`, `fecha_alta`) VALUES (:folio:, :total:, :id_usuario:, :id_caja:, :id_cliente:, :forma_pago:, :fecha_alta:)', [...], false)
 5 SYSTEMPATH\Model.php(394): CodeIgniter\Database\BaseBuilder->insert()
 6 SYSTEMPATH\BaseModel.php(838): CodeIgniter\Model->doInsert([...])
 7 SYSTEMPATH\Model.php(797): CodeIgniter\BaseModel->insert([...], true)
 8 APPPATH\Models\VentasModel.php(35): CodeIgniter\Model->insert([...])
 9 APPPATH\Controllers\Ventas.php(64): App\Models\VentasModel->insertaVenta(null, 112.08, '2', '1', '1', '001')
10 SYSTEMPATH\CodeIgniter.php(933): App\Controllers\Ventas->guarda()
11 SYSTEMPATH\CodeIgniter.php(507): CodeIgniter\CodeIgniter->runController(Object(App\Controllers\Ventas))
12 SYSTEMPATH\CodeIgniter.php(354): CodeIgniter\CodeIgniter->handleRequest(null, Object(Config\Cache), false)
13 SYSTEMPATH\Boot.php(363): CodeIgniter\CodeIgniter->run()
14 SYSTEMPATH\Boot.php(68): CodeIgniter\Boot::runCodeIgniter(Object(CodeIgniter\CodeIgniter))
15 FCPATH\index.php(59): CodeIgniter\Boot::bootWeb(Object(Config\Paths))
DEBUG - 2025-11-26 20:19:40 --> Session: Class initialized using 'CodeIgniter\Session\Handlers\FileHandler' driver.
ERROR - 2025-11-26 20:19:40 --> mysqli_sql_exception: Column 'folio' cannot be null in C:\xampp\htdocs\pos\system\Database\MySQLi\Connection.php:327
Stack trace:
#0 C:\xampp\htdocs\pos\system\Database\MySQLi\Connection.php(327): mysqli->query('INSERT INTO `ve...', 0)
#1 C:\xampp\htdocs\pos\system\Database\BaseConnection.php(729): CodeIgniter\Database\MySQLi\Connection->execute('INSERT INTO `ve...')
#2 C:\xampp\htdocs\pos\system\Database\BaseConnection.php(646): CodeIgniter\Database\BaseConnection->simpleQuery('INSERT INTO `ve...')
#3 C:\xampp\htdocs\pos\system\Database\BaseBuilder.php(2345): CodeIgniter\Database\BaseConnection->query('INSERT INTO `ve...', Array, false)
#4 C:\xampp\htdocs\pos\system\Model.php(394): CodeIgniter\Database\BaseBuilder->insert()
#5 C:\xampp\htdocs\pos\system\BaseModel.php(838): CodeIgniter\Model->doInsert(Array)
#6 C:\xampp\htdocs\pos\system\Model.php(797): CodeIgniter\BaseModel->insert(Array, true)
#7 C:\xampp\htdocs\pos\app\Models\VentasModel.php(35): CodeIgniter\Model->insert(Array)
#8 C:\xampp\htdocs\pos\app\Controllers\Ventas.php(64): App\Models\VentasModel->insertaVenta(NULL, 112.08, '2', '1', '1', '001')
#9 C:\xampp\htdocs\pos\system\CodeIgniter.php(933): App\Controllers\Ventas->guarda()
#10 C:\xampp\htdocs\pos\system\CodeIgniter.php(507): CodeIgniter\CodeIgniter->runController(Object(App\Controllers\Ventas))
#11 C:\xampp\htdocs\pos\system\CodeIgniter.php(354): CodeIgniter\CodeIgniter->handleRequest(NULL, Object(Config\Cache), false)
#12 C:\xampp\htdocs\pos\system\Boot.php(363): CodeIgniter\CodeIgniter->run()
#13 C:\xampp\htdocs\pos\system\Boot.php(68): CodeIgniter\Boot::runCodeIgniter(Object(CodeIgniter\CodeIgniter))
#14 C:\xampp\htdocs\pos\public\index.php(59): CodeIgniter\Boot::bootWeb(Object(Config\Paths))
#15 {main}
CRITICAL - 2025-11-26 20:19:40 --> CodeIgniter\Database\Exceptions\DatabaseException: Column 'folio' cannot be null
[Method: POST, Route: ventas/guarda]
in SYSTEMPATH\Database\BaseConnection.php on line 684.
 1 SYSTEMPATH\Database\BaseBuilder.php(2345): CodeIgniter\Database\BaseConnection->query('INSERT INTO `ventas` (`folio`, `total`, `id_usuario`, `id_caja`, `id_cliente`, `forma_pago`, `fecha_alta`) VALUES (:folio:, :total:, :id_usuario:, :id_caja:, :id_cliente:, :forma_pago:, :fecha_alta:)', [...], false)
 2 SYSTEMPATH\Model.php(394): CodeIgniter\Database\BaseBuilder->insert()
 3 SYSTEMPATH\BaseModel.php(838): CodeIgniter\Model->doInsert([...])
 4 SYSTEMPATH\Model.php(797): CodeIgniter\BaseModel->insert([...], true)
 5 APPPATH\Models\VentasModel.php(35): CodeIgniter\Model->insert([...])
 6 APPPATH\Controllers\Ventas.php(64): App\Models\VentasModel->insertaVenta(null, 112.08, '2', '1', '1', '001')
 7 SYSTEMPATH\CodeIgniter.php(933): App\Controllers\Ventas->guarda()
 8 SYSTEMPATH\CodeIgniter.php(507): CodeIgniter\CodeIgniter->runController(Object(App\Controllers\Ventas))
 9 SYSTEMPATH\CodeIgniter.php(354): CodeIgniter\CodeIgniter->handleRequest(null, Object(Config\Cache), false)
10 SYSTEMPATH\Boot.php(363): CodeIgniter\CodeIgniter->run()
11 SYSTEMPATH\Boot.php(68): CodeIgniter\Boot::runCodeIgniter(Object(CodeIgniter\CodeIgniter))
12 FCPATH\index.php(59): CodeIgniter\Boot::bootWeb(Object(Config\Paths))
CRITICAL - 2025-11-26 20:19:40 --> [Caused by] CodeIgniter\Database\Exceptions\DatabaseException: Column 'folio' cannot be null
in SYSTEMPATH\Database\MySQLi\Connection.php on line 332.
 1 SYSTEMPATH\Database\BaseConnection.php(729): CodeIgniter\Database\MySQLi\Connection->execute('INSERT INTO `ventas` (`folio`, `total`, `id_usuario`, `id_caja`, `id_cliente`, `forma_pago`, `fecha_alta`) VALUES (NULL, 112.08, \'2\', \'1\', \'1\', \'001\', \'2025-11-26 20:19:40\')')
 2 SYSTEMPATH\Database\BaseConnection.php(646): CodeIgniter\Database\BaseConnection->simpleQuery('INSERT INTO `ventas` (`folio`, `total`, `id_usuario`, `id_caja`, `id_cliente`, `forma_pago`, `fecha_alta`) VALUES (NULL, 112.08, \'2\', \'1\', \'1\', \'001\', \'2025-11-26 20:19:40\')')
 3 SYSTEMPATH\Database\BaseBuilder.php(2345): CodeIgniter\Database\BaseConnection->query('INSERT INTO `ventas` (`folio`, `total`, `id_usuario`, `id_caja`, `id_cliente`, `forma_pago`, `fecha_alta`) VALUES (:folio:, :total:, :id_usuario:, :id_caja:, :id_cliente:, :forma_pago:, :fecha_alta:)', [...], false)
 4 SYSTEMPATH\Model.php(394): CodeIgniter\Database\BaseBuilder->insert()
 5 SYSTEMPATH\BaseModel.php(838): CodeIgniter\Model->doInsert([...])
 6 SYSTEMPATH\Model.php(797): CodeIgniter\BaseModel->insert([...], true)
 7 APPPATH\Models\VentasModel.php(35): CodeIgniter\Model->insert([...])
 8 APPPATH\Controllers\Ventas.php(64): App\Models\VentasModel->insertaVenta(null, 112.08, '2', '1', '1', '001')
 9 SYSTEMPATH\CodeIgniter.php(933): App\Controllers\Ventas->guarda()
10 SYSTEMPATH\CodeIgniter.php(507): CodeIgniter\CodeIgniter->runController(Object(App\Controllers\Ventas))
11 SYSTEMPATH\CodeIgniter.php(354): CodeIgniter\CodeIgniter->handleRequest(null, Object(Config\Cache), false)
12 SYSTEMPATH\Boot.php(363): CodeIgniter\CodeIgniter->run()
13 SYSTEMPATH\Boot.php(68): CodeIgniter\Boot::runCodeIgniter(Object(CodeIgniter\CodeIgniter))
14 FCPATH\index.php(59): CodeIgniter\Boot::bootWeb(Object(Config\Paths))
CRITICAL - 2025-11-26 20:19:40 --> [Caused by] mysqli_sql_exception: Column 'folio' cannot be null
in SYSTEMPATH\Database\MySQLi\Connection.php on line 327.
 1 SYSTEMPATH\Database\MySQLi\Connection.php(327): mysqli->query('INSERT INTO `ventas` (`folio`, `total`, `id_usuario`, `id_caja`, `id_cliente`, `forma_pago`, `fecha_alta`) VALUES (NULL, 112.08, \'2\', \'1\', \'1\', \'001\', \'2025-11-26 20:19:40\')', 0)
 2 SYSTEMPATH\Database\BaseConnection.php(729): CodeIgniter\Database\MySQLi\Connection->execute('INSERT INTO `ventas` (`folio`, `total`, `id_usuario`, `id_caja`, `id_cliente`, `forma_pago`, `fecha_alta`) VALUES (NULL, 112.08, \'2\', \'1\', \'1\', \'001\', \'2025-11-26 20:19:40\')')
 3 SYSTEMPATH\Database\BaseConnection.php(646): CodeIgniter\Database\BaseConnection->simpleQuery('INSERT INTO `ventas` (`folio`, `total`, `id_usuario`, `id_caja`, `id_cliente`, `forma_pago`, `fecha_alta`) VALUES (NULL, 112.08, \'2\', \'1\', \'1\', \'001\', \'2025-11-26 20:19:40\')')
 4 SYSTEMPATH\Database\BaseBuilder.php(2345): CodeIgniter\Database\BaseConnection->query('INSERT INTO `ventas` (`folio`, `total`, `id_usuario`, `id_caja`, `id_cliente`, `forma_pago`, `fecha_alta`) VALUES (:folio:, :total:, :id_usuario:, :id_caja:, :id_cliente:, :forma_pago:, :fecha_alta:)', [...], false)
 5 SYSTEMPATH\Model.php(394): CodeIgniter\Database\BaseBuilder->insert()
 6 SYSTEMPATH\BaseModel.php(838): CodeIgniter\Model->doInsert([...])
 7 SYSTEMPATH\Model.php(797): CodeIgniter\BaseModel->insert([...], true)
 8 APPPATH\Models\VentasModel.php(35): CodeIgniter\Model->insert([...])
 9 APPPATH\Controllers\Ventas.php(64): App\Models\VentasModel->insertaVenta(null, 112.08, '2', '1', '1', '001')
10 SYSTEMPATH\CodeIgniter.php(933): App\Controllers\Ventas->guarda()
11 SYSTEMPATH\CodeIgniter.php(507): CodeIgniter\CodeIgniter->runController(Object(App\Controllers\Ventas))
12 SYSTEMPATH\CodeIgniter.php(354): CodeIgniter\CodeIgniter->handleRequest(null, Object(Config\Cache), false)
13 SYSTEMPATH\Boot.php(363): CodeIgniter\CodeIgniter->run()
14 SYSTEMPATH\Boot.php(68): CodeIgniter\Boot::runCodeIgniter(Object(CodeIgniter\CodeIgniter))
15 FCPATH\index.php(59): CodeIgniter\Boot::bootWeb(Object(Config\Paths))
DEBUG - 2025-11-26 20:23:38 --> Session: Class initialized using 'CodeIgniter\Session\Handlers\FileHandler' driver.
ERROR - 2025-11-26 20:23:38 --> mysqli_sql_exception: Column 'folio' cannot be null in C:\xampp\htdocs\pos\system\Database\MySQLi\Connection.php:327
Stack trace:
#0 C:\xampp\htdocs\pos\system\Database\MySQLi\Connection.php(327): mysqli->query('INSERT INTO `ve...', 0)
#1 C:\xampp\htdocs\pos\system\Database\BaseConnection.php(729): CodeIgniter\Database\MySQLi\Connection->execute('INSERT INTO `ve...')
#2 C:\xampp\htdocs\pos\system\Database\BaseConnection.php(646): CodeIgniter\Database\BaseConnection->simpleQuery('INSERT INTO `ve...')
#3 C:\xampp\htdocs\pos\system\Database\BaseBuilder.php(2345): CodeIgniter\Database\BaseConnection->query('INSERT INTO `ve...', Array, false)
#4 C:\xampp\htdocs\pos\system\Model.php(394): CodeIgniter\Database\BaseBuilder->insert()
#5 C:\xampp\htdocs\pos\system\BaseModel.php(838): CodeIgniter\Model->doInsert(Array)
#6 C:\xampp\htdocs\pos\system\Model.php(797): CodeIgniter\BaseModel->insert(Array, true)
#7 C:\xampp\htdocs\pos\app\Models\VentasModel.php(35): CodeIgniter\Model->insert(Array)
#8 C:\xampp\htdocs\pos\app\Controllers\Ventas.php(64): App\Models\VentasModel->insertaVenta(NULL, 112.08, '2', '1', '1', '001')
#9 C:\xampp\htdocs\pos\system\CodeIgniter.php(933): App\Controllers\Ventas->guarda()
#10 C:\xampp\htdocs\pos\system\CodeIgniter.php(507): CodeIgniter\CodeIgniter->runController(Object(App\Controllers\Ventas))
#11 C:\xampp\htdocs\pos\system\CodeIgniter.php(354): CodeIgniter\CodeIgniter->handleRequest(NULL, Object(Config\Cache), false)
#12 C:\xampp\htdocs\pos\system\Boot.php(363): CodeIgniter\CodeIgniter->run()
#13 C:\xampp\htdocs\pos\system\Boot.php(68): CodeIgniter\Boot::runCodeIgniter(Object(CodeIgniter\CodeIgniter))
#14 C:\xampp\htdocs\pos\public\index.php(59): CodeIgniter\Boot::bootWeb(Object(Config\Paths))
#15 {main}
CRITICAL - 2025-11-26 20:23:38 --> CodeIgniter\Database\Exceptions\DatabaseException: Column 'folio' cannot be null
[Method: POST, Route: ventas/guarda]
in SYSTEMPATH\Database\BaseConnection.php on line 684.
 1 SYSTEMPATH\Database\BaseBuilder.php(2345): CodeIgniter\Database\BaseConnection->query('INSERT INTO `ventas` (`folio`, `total`, `id_usuario`, `id_caja`, `id_cliente`, `forma_pago`, `fecha_alta`) VALUES (:folio:, :total:, :id_usuario:, :id_caja:, :id_cliente:, :forma_pago:, :fecha_alta:)', [...], false)
 2 SYSTEMPATH\Model.php(394): CodeIgniter\Database\BaseBuilder->insert()
 3 SYSTEMPATH\BaseModel.php(838): CodeIgniter\Model->doInsert([...])
 4 SYSTEMPATH\Model.php(797): CodeIgniter\BaseModel->insert([...], true)
 5 APPPATH\Models\VentasModel.php(35): CodeIgniter\Model->insert([...])
 6 APPPATH\Controllers\Ventas.php(64): App\Models\VentasModel->insertaVenta(null, 112.08, '2', '1', '1', '001')
 7 SYSTEMPATH\CodeIgniter.php(933): App\Controllers\Ventas->guarda()
 8 SYSTEMPATH\CodeIgniter.php(507): CodeIgniter\CodeIgniter->runController(Object(App\Controllers\Ventas))
 9 SYSTEMPATH\CodeIgniter.php(354): CodeIgniter\CodeIgniter->handleRequest(null, Object(Config\Cache), false)
10 SYSTEMPATH\Boot.php(363): CodeIgniter\CodeIgniter->run()
11 SYSTEMPATH\Boot.php(68): CodeIgniter\Boot::runCodeIgniter(Object(CodeIgniter\CodeIgniter))
12 FCPATH\index.php(59): CodeIgniter\Boot::bootWeb(Object(Config\Paths))
CRITICAL - 2025-11-26 20:23:38 --> [Caused by] CodeIgniter\Database\Exceptions\DatabaseException: Column 'folio' cannot be null
in SYSTEMPATH\Database\MySQLi\Connection.php on line 332.
 1 SYSTEMPATH\Database\BaseConnection.php(729): CodeIgniter\Database\MySQLi\Connection->execute('INSERT INTO `ventas` (`folio`, `total`, `id_usuario`, `id_caja`, `id_cliente`, `forma_pago`, `fecha_alta`) VALUES (NULL, 112.08, \'2\', \'1\', \'1\', \'001\', \'2025-11-26 20:23:38\')')
 2 SYSTEMPATH\Database\BaseConnection.php(646): CodeIgniter\Database\BaseConnection->simpleQuery('INSERT INTO `ventas` (`folio`, `total`, `id_usuario`, `id_caja`, `id_cliente`, `forma_pago`, `fecha_alta`) VALUES (NULL, 112.08, \'2\', \'1\', \'1\', \'001\', \'2025-11-26 20:23:38\')')
 3 SYSTEMPATH\Database\BaseBuilder.php(2345): CodeIgniter\Database\BaseConnection->query('INSERT INTO `ventas` (`folio`, `total`, `id_usuario`, `id_caja`, `id_cliente`, `forma_pago`, `fecha_alta`) VALUES (:folio:, :total:, :id_usuario:, :id_caja:, :id_cliente:, :forma_pago:, :fecha_alta:)', [...], false)
 4 SYSTEMPATH\Model.php(394): CodeIgniter\Database\BaseBuilder->insert()
 5 SYSTEMPATH\BaseModel.php(838): CodeIgniter\Model->doInsert([...])
 6 SYSTEMPATH\Model.php(797): CodeIgniter\BaseModel->insert([...], true)
 7 APPPATH\Models\VentasModel.php(35): CodeIgniter\Model->insert([...])
 8 APPPATH\Controllers\Ventas.php(64): App\Models\VentasModel->insertaVenta(null, 112.08, '2', '1', '1', '001')
 9 SYSTEMPATH\CodeIgniter.php(933): App\Controllers\Ventas->guarda()
10 SYSTEMPATH\CodeIgniter.php(507): CodeIgniter\CodeIgniter->runController(Object(App\Controllers\Ventas))
11 SYSTEMPATH\CodeIgniter.php(354): CodeIgniter\CodeIgniter->handleRequest(null, Object(Config\Cache), false)
12 SYSTEMPATH\Boot.php(363): CodeIgniter\CodeIgniter->run()
13 SYSTEMPATH\Boot.php(68): CodeIgniter\Boot::runCodeIgniter(Object(CodeIgniter\CodeIgniter))
14 FCPATH\index.php(59): CodeIgniter\Boot::bootWeb(Object(Config\Paths))
CRITICAL - 2025-11-26 20:23:38 --> [Caused by] mysqli_sql_exception: Column 'folio' cannot be null
in SYSTEMPATH\Database\MySQLi\Connection.php on line 327.
 1 SYSTEMPATH\Database\MySQLi\Connection.php(327): mysqli->query('INSERT INTO `ventas` (`folio`, `total`, `id_usuario`, `id_caja`, `id_cliente`, `forma_pago`, `fecha_alta`) VALUES (NULL, 112.08, \'2\', \'1\', \'1\', \'001\', \'2025-11-26 20:23:38\')', 0)
 2 SYSTEMPATH\Database\BaseConnection.php(729): CodeIgniter\Database\MySQLi\Connection->execute('INSERT INTO `ventas` (`folio`, `total`, `id_usuario`, `id_caja`, `id_cliente`, `forma_pago`, `fecha_alta`) VALUES (NULL, 112.08, \'2\', \'1\', \'1\', \'001\', \'2025-11-26 20:23:38\')')
 3 SYSTEMPATH\Database\BaseConnection.php(646): CodeIgniter\Database\BaseConnection->simpleQuery('INSERT INTO `ventas` (`folio`, `total`, `id_usuario`, `id_caja`, `id_cliente`, `forma_pago`, `fecha_alta`) VALUES (NULL, 112.08, \'2\', \'1\', \'1\', \'001\', \'2025-11-26 20:23:38\')')
 4 SYSTEMPATH\Database\BaseBuilder.php(2345): CodeIgniter\Database\BaseConnection->query('INSERT INTO `ventas` (`folio`, `total`, `id_usuario`, `id_caja`, `id_cliente`, `forma_pago`, `fecha_alta`) VALUES (:folio:, :total:, :id_usuario:, :id_caja:, :id_cliente:, :forma_pago:, :fecha_alta:)', [...], false)
 5 SYSTEMPATH\Model.php(394): CodeIgniter\Database\BaseBuilder->insert()
 6 SYSTEMPATH\BaseModel.php(838): CodeIgniter\Model->doInsert([...])
 7 SYSTEMPATH\Model.php(797): CodeIgniter\BaseModel->insert([...], true)
 8 APPPATH\Models\VentasModel.php(35): CodeIgniter\Model->insert([...])
 9 APPPATH\Controllers\Ventas.php(64): App\Models\VentasModel->insertaVenta(null, 112.08, '2', '1', '1', '001')
10 SYSTEMPATH\CodeIgniter.php(933): App\Controllers\Ventas->guarda()
11 SYSTEMPATH\CodeIgniter.php(507): CodeIgniter\CodeIgniter->runController(Object(App\Controllers\Ventas))
12 SYSTEMPATH\CodeIgniter.php(354): CodeIgniter\CodeIgniter->handleRequest(null, Object(Config\Cache), false)
13 SYSTEMPATH\Boot.php(363): CodeIgniter\CodeIgniter->run()
14 SYSTEMPATH\Boot.php(68): CodeIgniter\Boot::runCodeIgniter(Object(CodeIgniter\CodeIgniter))
15 FCPATH\index.php(59): CodeIgniter\Boot::bootWeb(Object(Config\Paths))
DEBUG - 2025-11-26 20:24:07 --> Session: Class initialized using 'CodeIgniter\Session\Handlers\FileHandler' driver.
DEBUG - 2025-11-26 20:28:32 --> Session: Class initialized using 'CodeIgniter\Session\Handlers\FileHandler' driver.
ERROR - 2025-11-26 20:28:32 --> mysqli_sql_exception: Column 'folio' cannot be null in C:\xampp\htdocs\pos\system\Database\MySQLi\Connection.php:327
Stack trace:
#0 C:\xampp\htdocs\pos\system\Database\MySQLi\Connection.php(327): mysqli->query('INSERT INTO `ve...', 0)
#1 C:\xampp\htdocs\pos\system\Database\BaseConnection.php(729): CodeIgniter\Database\MySQLi\Connection->execute('INSERT INTO `ve...')
#2 C:\xampp\htdocs\pos\system\Database\BaseConnection.php(646): CodeIgniter\Database\BaseConnection->simpleQuery('INSERT INTO `ve...')
#3 C:\xampp\htdocs\pos\system\Database\BaseBuilder.php(2345): CodeIgniter\Database\BaseConnection->query('INSERT INTO `ve...', Array, false)
#4 C:\xampp\htdocs\pos\system\Model.php(394): CodeIgniter\Database\BaseBuilder->insert()
#5 C:\xampp\htdocs\pos\system\BaseModel.php(838): CodeIgniter\Model->doInsert(Array)
#6 C:\xampp\htdocs\pos\system\Model.php(797): CodeIgniter\BaseModel->insert(Array, true)
#7 C:\xampp\htdocs\pos\app\Models\VentasModel.php(35): CodeIgniter\Model->insert(Array)
#8 C:\xampp\htdocs\pos\app\Controllers\Ventas.php(64): App\Models\VentasModel->insertaVenta(NULL, 112.08, '2', '1', '1', '001')
#9 C:\xampp\htdocs\pos\system\CodeIgniter.php(933): App\Controllers\Ventas->guarda()
#10 C:\xampp\htdocs\pos\system\CodeIgniter.php(507): CodeIgniter\CodeIgniter->runController(Object(App\Controllers\Ventas))
#11 C:\xampp\htdocs\pos\system\CodeIgniter.php(354): CodeIgniter\CodeIgniter->handleRequest(NULL, Object(Config\Cache), false)
#12 C:\xampp\htdocs\pos\system\Boot.php(363): CodeIgniter\CodeIgniter->run()
#13 C:\xampp\htdocs\pos\system\Boot.php(68): CodeIgniter\Boot::runCodeIgniter(Object(CodeIgniter\CodeIgniter))
#14 C:\xampp\htdocs\pos\public\index.php(59): CodeIgniter\Boot::bootWeb(Object(Config\Paths))
#15 {main}
CRITICAL - 2025-11-26 20:28:32 --> CodeIgniter\Database\Exceptions\DatabaseException: Column 'folio' cannot be null
[Method: POST, Route: ventas/guarda]
in SYSTEMPATH\Database\BaseConnection.php on line 684.
 1 SYSTEMPATH\Database\BaseBuilder.php(2345): CodeIgniter\Database\BaseConnection->query('INSERT INTO `ventas` (`folio`, `total`, `id_usuario`, `id_caja`, `id_cliente`, `forma_pago`, `fecha_alta`) VALUES (:folio:, :total:, :id_usuario:, :id_caja:, :id_cliente:, :forma_pago:, :fecha_alta:)', [...], false)
 2 SYSTEMPATH\Model.php(394): CodeIgniter\Database\BaseBuilder->insert()
 3 SYSTEMPATH\BaseModel.php(838): CodeIgniter\Model->doInsert([...])
 4 SYSTEMPATH\Model.php(797): CodeIgniter\BaseModel->insert([...], true)
 5 APPPATH\Models\VentasModel.php(35): CodeIgniter\Model->insert([...])
 6 APPPATH\Controllers\Ventas.php(64): App\Models\VentasModel->insertaVenta(null, 112.08, '2', '1', '1', '001')
 7 SYSTEMPATH\CodeIgniter.php(933): App\Controllers\Ventas->guarda()
 8 SYSTEMPATH\CodeIgniter.php(507): CodeIgniter\CodeIgniter->runController(Object(App\Controllers\Ventas))
 9 SYSTEMPATH\CodeIgniter.php(354): CodeIgniter\CodeIgniter->handleRequest(null, Object(Config\Cache), false)
10 SYSTEMPATH\Boot.php(363): CodeIgniter\CodeIgniter->run()
11 SYSTEMPATH\Boot.php(68): CodeIgniter\Boot::runCodeIgniter(Object(CodeIgniter\CodeIgniter))
12 FCPATH\index.php(59): CodeIgniter\Boot::bootWeb(Object(Config\Paths))
CRITICAL - 2025-11-26 20:28:32 --> [Caused by] CodeIgniter\Database\Exceptions\DatabaseException: Column 'folio' cannot be null
in SYSTEMPATH\Database\MySQLi\Connection.php on line 332.
 1 SYSTEMPATH\Database\BaseConnection.php(729): CodeIgniter\Database\MySQLi\Connection->execute('INSERT INTO `ventas` (`folio`, `total`, `id_usuario`, `id_caja`, `id_cliente`, `forma_pago`, `fecha_alta`) VALUES (NULL, 112.08, \'2\', \'1\', \'1\', \'001\', \'2025-11-26 20:28:32\')')
 2 SYSTEMPATH\Database\BaseConnection.php(646): CodeIgniter\Database\BaseConnection->simpleQuery('INSERT INTO `ventas` (`folio`, `total`, `id_usuario`, `id_caja`, `id_cliente`, `forma_pago`, `fecha_alta`) VALUES (NULL, 112.08, \'2\', \'1\', \'1\', \'001\', \'2025-11-26 20:28:32\')')
 3 SYSTEMPATH\Database\BaseBuilder.php(2345): CodeIgniter\Database\BaseConnection->query('INSERT INTO `ventas` (`folio`, `total`, `id_usuario`, `id_caja`, `id_cliente`, `forma_pago`, `fecha_alta`) VALUES (:folio:, :total:, :id_usuario:, :id_caja:, :id_cliente:, :forma_pago:, :fecha_alta:)', [...], false)
 4 SYSTEMPATH\Model.php(394): CodeIgniter\Database\BaseBuilder->insert()
 5 SYSTEMPATH\BaseModel.php(838): CodeIgniter\Model->doInsert([...])
 6 SYSTEMPATH\Model.php(797): CodeIgniter\BaseModel->insert([...], true)
 7 APPPATH\Models\VentasModel.php(35): CodeIgniter\Model->insert([...])
 8 APPPATH\Controllers\Ventas.php(64): App\Models\VentasModel->insertaVenta(null, 112.08, '2', '1', '1', '001')
 9 SYSTEMPATH\CodeIgniter.php(933): App\Controllers\Ventas->guarda()
10 SYSTEMPATH\CodeIgniter.php(507): CodeIgniter\CodeIgniter->runController(Object(App\Controllers\Ventas))
11 SYSTEMPATH\CodeIgniter.php(354): CodeIgniter\CodeIgniter->handleRequest(null, Object(Config\Cache), false)
12 SYSTEMPATH\Boot.php(363): CodeIgniter\CodeIgniter->run()
13 SYSTEMPATH\Boot.php(68): CodeIgniter\Boot::runCodeIgniter(Object(CodeIgniter\CodeIgniter))
14 FCPATH\index.php(59): CodeIgniter\Boot::bootWeb(Object(Config\Paths))
CRITICAL - 2025-11-26 20:28:32 --> [Caused by] mysqli_sql_exception: Column 'folio' cannot be null
in SYSTEMPATH\Database\MySQLi\Connection.php on line 327.
 1 SYSTEMPATH\Database\MySQLi\Connection.php(327): mysqli->query('INSERT INTO `ventas` (`folio`, `total`, `id_usuario`, `id_caja`, `id_cliente`, `forma_pago`, `fecha_alta`) VALUES (NULL, 112.08, \'2\', \'1\', \'1\', \'001\', \'2025-11-26 20:28:32\')', 0)
 2 SYSTEMPATH\Database\BaseConnection.php(729): CodeIgniter\Database\MySQLi\Connection->execute('INSERT INTO `ventas` (`folio`, `total`, `id_usuario`, `id_caja`, `id_cliente`, `forma_pago`, `fecha_alta`) VALUES (NULL, 112.08, \'2\', \'1\', \'1\', \'001\', \'2025-11-26 20:28:32\')')
 3 SYSTEMPATH\Database\BaseConnection.php(646): CodeIgniter\Database\BaseConnection->simpleQuery('INSERT INTO `ventas` (`folio`, `total`, `id_usuario`, `id_caja`, `id_cliente`, `forma_pago`, `fecha_alta`) VALUES (NULL, 112.08, \'2\', \'1\', \'1\', \'001\', \'2025-11-26 20:28:32\')')
 4 SYSTEMPATH\Database\BaseBuilder.php(2345): CodeIgniter\Database\BaseConnection->query('INSERT INTO `ventas` (`folio`, `total`, `id_usuario`, `id_caja`, `id_cliente`, `forma_pago`, `fecha_alta`) VALUES (:folio:, :total:, :id_usuario:, :id_caja:, :id_cliente:, :forma_pago:, :fecha_alta:)', [...], false)
 5 SYSTEMPATH\Model.php(394): CodeIgniter\Database\BaseBuilder->insert()
 6 SYSTEMPATH\BaseModel.php(838): CodeIgniter\Model->doInsert([...])
 7 SYSTEMPATH\Model.php(797): CodeIgniter\BaseModel->insert([...], true)
 8 APPPATH\Models\VentasModel.php(35): CodeIgniter\Model->insert([...])
 9 APPPATH\Controllers\Ventas.php(64): App\Models\VentasModel->insertaVenta(null, 112.08, '2', '1', '1', '001')
10 SYSTEMPATH\CodeIgniter.php(933): App\Controllers\Ventas->guarda()
11 SYSTEMPATH\CodeIgniter.php(507): CodeIgniter\CodeIgniter->runController(Object(App\Controllers\Ventas))
12 SYSTEMPATH\CodeIgniter.php(354): CodeIgniter\CodeIgniter->handleRequest(null, Object(Config\Cache), false)
13 SYSTEMPATH\Boot.php(363): CodeIgniter\CodeIgniter->run()
14 SYSTEMPATH\Boot.php(68): CodeIgniter\Boot::runCodeIgniter(Object(CodeIgniter\CodeIgniter))
15 FCPATH\index.php(59): CodeIgniter\Boot::bootWeb(Object(Config\Paths))
DEBUG - 2025-11-26 20:29:36 --> Session: Class initialized using 'CodeIgniter\Session\Handlers\FileHandler' driver.
ERROR - 2025-11-26 20:29:36 --> mysqli_sql_exception: Column 'folio' cannot be null in C:\xampp\htdocs\pos\system\Database\MySQLi\Connection.php:327
Stack trace:
#0 C:\xampp\htdocs\pos\system\Database\MySQLi\Connection.php(327): mysqli->query('INSERT INTO `ve...', 0)
#1 C:\xampp\htdocs\pos\system\Database\BaseConnection.php(729): CodeIgniter\Database\MySQLi\Connection->execute('INSERT INTO `ve...')
#2 C:\xampp\htdocs\pos\system\Database\BaseConnection.php(646): CodeIgniter\Database\BaseConnection->simpleQuery('INSERT INTO `ve...')
#3 C:\xampp\htdocs\pos\system\Database\BaseBuilder.php(2345): CodeIgniter\Database\BaseConnection->query('INSERT INTO `ve...', Array, false)
#4 C:\xampp\htdocs\pos\system\Model.php(394): CodeIgniter\Database\BaseBuilder->insert()
#5 C:\xampp\htdocs\pos\system\BaseModel.php(838): CodeIgniter\Model->doInsert(Array)
#6 C:\xampp\htdocs\pos\system\Model.php(797): CodeIgniter\BaseModel->insert(Array, true)
#7 C:\xampp\htdocs\pos\app\Models\VentasModel.php(35): CodeIgniter\Model->insert(Array)
#8 C:\xampp\htdocs\pos\app\Controllers\Ventas.php(64): App\Models\VentasModel->insertaVenta(NULL, 112.08, '2', '1', '1', '001')
#9 C:\xampp\htdocs\pos\system\CodeIgniter.php(933): App\Controllers\Ventas->guarda()
#10 C:\xampp\htdocs\pos\system\CodeIgniter.php(507): CodeIgniter\CodeIgniter->runController(Object(App\Controllers\Ventas))
#11 C:\xampp\htdocs\pos\system\CodeIgniter.php(354): CodeIgniter\CodeIgniter->handleRequest(NULL, Object(Config\Cache), false)
#12 C:\xampp\htdocs\pos\system\Boot.php(363): CodeIgniter\CodeIgniter->run()
#13 C:\xampp\htdocs\pos\system\Boot.php(68): CodeIgniter\Boot::runCodeIgniter(Object(CodeIgniter\CodeIgniter))
#14 C:\xampp\htdocs\pos\public\index.php(59): CodeIgniter\Boot::bootWeb(Object(Config\Paths))
#15 {main}
CRITICAL - 2025-11-26 20:29:36 --> CodeIgniter\Database\Exceptions\DatabaseException: Column 'folio' cannot be null
[Method: POST, Route: ventas/guarda]
in SYSTEMPATH\Database\BaseConnection.php on line 684.
 1 SYSTEMPATH\Database\BaseBuilder.php(2345): CodeIgniter\Database\BaseConnection->query('INSERT INTO `ventas` (`folio`, `total`, `id_usuario`, `id_caja`, `id_cliente`, `forma_pago`, `fecha_alta`) VALUES (:folio:, :total:, :id_usuario:, :id_caja:, :id_cliente:, :forma_pago:, :fecha_alta:)', [...], false)
 2 SYSTEMPATH\Model.php(394): CodeIgniter\Database\BaseBuilder->insert()
 3 SYSTEMPATH\BaseModel.php(838): CodeIgniter\Model->doInsert([...])
 4 SYSTEMPATH\Model.php(797): CodeIgniter\BaseModel->insert([...], true)
 5 APPPATH\Models\VentasModel.php(35): CodeIgniter\Model->insert([...])
 6 APPPATH\Controllers\Ventas.php(64): App\Models\VentasModel->insertaVenta(null, 112.08, '2', '1', '1', '001')
 7 SYSTEMPATH\CodeIgniter.php(933): App\Controllers\Ventas->guarda()
 8 SYSTEMPATH\CodeIgniter.php(507): CodeIgniter\CodeIgniter->runController(Object(App\Controllers\Ventas))
 9 SYSTEMPATH\CodeIgniter.php(354): CodeIgniter\CodeIgniter->handleRequest(null, Object(Config\Cache), false)
10 SYSTEMPATH\Boot.php(363): CodeIgniter\CodeIgniter->run()
11 SYSTEMPATH\Boot.php(68): CodeIgniter\Boot::runCodeIgniter(Object(CodeIgniter\CodeIgniter))
12 FCPATH\index.php(59): CodeIgniter\Boot::bootWeb(Object(Config\Paths))
CRITICAL - 2025-11-26 20:29:36 --> [Caused by] CodeIgniter\Database\Exceptions\DatabaseException: Column 'folio' cannot be null
in SYSTEMPATH\Database\MySQLi\Connection.php on line 332.
 1 SYSTEMPATH\Database\BaseConnection.php(729): CodeIgniter\Database\MySQLi\Connection->execute('INSERT INTO `ventas` (`folio`, `total`, `id_usuario`, `id_caja`, `id_cliente`, `forma_pago`, `fecha_alta`) VALUES (NULL, 112.08, \'2\', \'1\', \'1\', \'001\', \'2025-11-26 20:29:36\')')
 2 SYSTEMPATH\Database\BaseConnection.php(646): CodeIgniter\Database\BaseConnection->simpleQuery('INSERT INTO `ventas` (`folio`, `total`, `id_usuario`, `id_caja`, `id_cliente`, `forma_pago`, `fecha_alta`) VALUES (NULL, 112.08, \'2\', \'1\', \'1\', \'001\', \'2025-11-26 20:29:36\')')
 3 SYSTEMPATH\Database\BaseBuilder.php(2345): CodeIgniter\Database\BaseConnection->query('INSERT INTO `ventas` (`folio`, `total`, `id_usuario`, `id_caja`, `id_cliente`, `forma_pago`, `fecha_alta`) VALUES (:folio:, :total:, :id_usuario:, :id_caja:, :id_cliente:, :forma_pago:, :fecha_alta:)', [...], false)
 4 SYSTEMPATH\Model.php(394): CodeIgniter\Database\BaseBuilder->insert()
 5 SYSTEMPATH\BaseModel.php(838): CodeIgniter\Model->doInsert([...])
 6 SYSTEMPATH\Model.php(797): CodeIgniter\BaseModel->insert([...], true)
 7 APPPATH\Models\VentasModel.php(35): CodeIgniter\Model->insert([...])
 8 APPPATH\Controllers\Ventas.php(64): App\Models\VentasModel->insertaVenta(null, 112.08, '2', '1', '1', '001')
 9 SYSTEMPATH\CodeIgniter.php(933): App\Controllers\Ventas->guarda()
10 SYSTEMPATH\CodeIgniter.php(507): CodeIgniter\CodeIgniter->runController(Object(App\Controllers\Ventas))
11 SYSTEMPATH\CodeIgniter.php(354): CodeIgniter\CodeIgniter->handleRequest(null, Object(Config\Cache), false)
12 SYSTEMPATH\Boot.php(363): CodeIgniter\CodeIgniter->run()
13 SYSTEMPATH\Boot.php(68): CodeIgniter\Boot::runCodeIgniter(Object(CodeIgniter\CodeIgniter))
14 FCPATH\index.php(59): CodeIgniter\Boot::bootWeb(Object(Config\Paths))
CRITICAL - 2025-11-26 20:29:36 --> [Caused by] mysqli_sql_exception: Column 'folio' cannot be null
in SYSTEMPATH\Database\MySQLi\Connection.php on line 327.
 1 SYSTEMPATH\Database\MySQLi\Connection.php(327): mysqli->query('INSERT INTO `ventas` (`folio`, `total`, `id_usuario`, `id_caja`, `id_cliente`, `forma_pago`, `fecha_alta`) VALUES (NULL, 112.08, \'2\', \'1\', \'1\', \'001\', \'2025-11-26 20:29:36\')', 0)
 2 SYSTEMPATH\Database\BaseConnection.php(729): CodeIgniter\Database\MySQLi\Connection->execute('INSERT INTO `ventas` (`folio`, `total`, `id_usuario`, `id_caja`, `id_cliente`, `forma_pago`, `fecha_alta`) VALUES (NULL, 112.08, \'2\', \'1\', \'1\', \'001\', \'2025-11-26 20:29:36\')')
 3 SYSTEMPATH\Database\BaseConnection.php(646): CodeIgniter\Database\BaseConnection->simpleQuery('INSERT INTO `ventas` (`folio`, `total`, `id_usuario`, `id_caja`, `id_cliente`, `forma_pago`, `fecha_alta`) VALUES (NULL, 112.08, \'2\', \'1\', \'1\', \'001\', \'2025-11-26 20:29:36\')')
 4 SYSTEMPATH\Database\BaseBuilder.php(2345): CodeIgniter\Database\BaseConnection->query('INSERT INTO `ventas` (`folio`, `total`, `id_usuario`, `id_caja`, `id_cliente`, `forma_pago`, `fecha_alta`) VALUES (:folio:, :total:, :id_usuario:, :id_caja:, :id_cliente:, :forma_pago:, :fecha_alta:)', [...], false)
 5 SYSTEMPATH\Model.php(394): CodeIgniter\Database\BaseBuilder->insert()
 6 SYSTEMPATH\BaseModel.php(838): CodeIgniter\Model->doInsert([...])
 7 SYSTEMPATH\Model.php(797): CodeIgniter\BaseModel->insert([...], true)
 8 APPPATH\Models\VentasModel.php(35): CodeIgniter\Model->insert([...])
 9 APPPATH\Controllers\Ventas.php(64): App\Models\VentasModel->insertaVenta(null, 112.08, '2', '1', '1', '001')
10 SYSTEMPATH\CodeIgniter.php(933): App\Controllers\Ventas->guarda()
11 SYSTEMPATH\CodeIgniter.php(507): CodeIgniter\CodeIgniter->runController(Object(App\Controllers\Ventas))
12 SYSTEMPATH\CodeIgniter.php(354): CodeIgniter\CodeIgniter->handleRequest(null, Object(Config\Cache), false)
13 SYSTEMPATH\Boot.php(363): CodeIgniter\CodeIgniter->run()
14 SYSTEMPATH\Boot.php(68): CodeIgniter\Boot::runCodeIgniter(Object(CodeIgniter\CodeIgniter))
15 FCPATH\index.php(59): CodeIgniter\Boot::bootWeb(Object(Config\Paths))
DEBUG - 2025-11-26 20:29:40 --> Session: Class initialized using 'CodeIgniter\Session\Handlers\FileHandler' driver.
ERROR - 2025-11-26 20:29:40 --> mysqli_sql_exception: Column 'folio' cannot be null in C:\xampp\htdocs\pos\system\Database\MySQLi\Connection.php:327
Stack trace:
#0 C:\xampp\htdocs\pos\system\Database\MySQLi\Connection.php(327): mysqli->query('INSERT INTO `ve...', 0)
#1 C:\xampp\htdocs\pos\system\Database\BaseConnection.php(729): CodeIgniter\Database\MySQLi\Connection->execute('INSERT INTO `ve...')
#2 C:\xampp\htdocs\pos\system\Database\BaseConnection.php(646): CodeIgniter\Database\BaseConnection->simpleQuery('INSERT INTO `ve...')
#3 C:\xampp\htdocs\pos\system\Database\BaseBuilder.php(2345): CodeIgniter\Database\BaseConnection->query('INSERT INTO `ve...', Array, false)
#4 C:\xampp\htdocs\pos\system\Model.php(394): CodeIgniter\Database\BaseBuilder->insert()
#5 C:\xampp\htdocs\pos\system\BaseModel.php(838): CodeIgniter\Model->doInsert(Array)
#6 C:\xampp\htdocs\pos\system\Model.php(797): CodeIgniter\BaseModel->insert(Array, true)
#7 C:\xampp\htdocs\pos\app\Models\VentasModel.php(35): CodeIgniter\Model->insert(Array)
#8 C:\xampp\htdocs\pos\app\Controllers\Ventas.php(64): App\Models\VentasModel->insertaVenta(NULL, 112.08, '2', '1', '1', '001')
#9 C:\xampp\htdocs\pos\system\CodeIgniter.php(933): App\Controllers\Ventas->guarda()
#10 C:\xampp\htdocs\pos\system\CodeIgniter.php(507): CodeIgniter\CodeIgniter->runController(Object(App\Controllers\Ventas))
#11 C:\xampp\htdocs\pos\system\CodeIgniter.php(354): CodeIgniter\CodeIgniter->handleRequest(NULL, Object(Config\Cache), false)
#12 C:\xampp\htdocs\pos\system\Boot.php(363): CodeIgniter\CodeIgniter->run()
#13 C:\xampp\htdocs\pos\system\Boot.php(68): CodeIgniter\Boot::runCodeIgniter(Object(CodeIgniter\CodeIgniter))
#14 C:\xampp\htdocs\pos\public\index.php(59): CodeIgniter\Boot::bootWeb(Object(Config\Paths))
#15 {main}
CRITICAL - 2025-11-26 20:29:40 --> CodeIgniter\Database\Exceptions\DatabaseException: Column 'folio' cannot be null
[Method: POST, Route: ventas/guarda]
in SYSTEMPATH\Database\BaseConnection.php on line 684.
 1 SYSTEMPATH\Database\BaseBuilder.php(2345): CodeIgniter\Database\BaseConnection->query('INSERT INTO `ventas` (`folio`, `total`, `id_usuario`, `id_caja`, `id_cliente`, `forma_pago`, `fecha_alta`) VALUES (:folio:, :total:, :id_usuario:, :id_caja:, :id_cliente:, :forma_pago:, :fecha_alta:)', [...], false)
 2 SYSTEMPATH\Model.php(394): CodeIgniter\Database\BaseBuilder->insert()
 3 SYSTEMPATH\BaseModel.php(838): CodeIgniter\Model->doInsert([...])
 4 SYSTEMPATH\Model.php(797): CodeIgniter\BaseModel->insert([...], true)
 5 APPPATH\Models\VentasModel.php(35): CodeIgniter\Model->insert([...])
 6 APPPATH\Controllers\Ventas.php(64): App\Models\VentasModel->insertaVenta(null, 112.08, '2', '1', '1', '001')
 7 SYSTEMPATH\CodeIgniter.php(933): App\Controllers\Ventas->guarda()
 8 SYSTEMPATH\CodeIgniter.php(507): CodeIgniter\CodeIgniter->runController(Object(App\Controllers\Ventas))
 9 SYSTEMPATH\CodeIgniter.php(354): CodeIgniter\CodeIgniter->handleRequest(null, Object(Config\Cache), false)
10 SYSTEMPATH\Boot.php(363): CodeIgniter\CodeIgniter->run()
11 SYSTEMPATH\Boot.php(68): CodeIgniter\Boot::runCodeIgniter(Object(CodeIgniter\CodeIgniter))
12 FCPATH\index.php(59): CodeIgniter\Boot::bootWeb(Object(Config\Paths))
CRITICAL - 2025-11-26 20:29:40 --> [Caused by] CodeIgniter\Database\Exceptions\DatabaseException: Column 'folio' cannot be null
in SYSTEMPATH\Database\MySQLi\Connection.php on line 332.
 1 SYSTEMPATH\Database\BaseConnection.php(729): CodeIgniter\Database\MySQLi\Connection->execute('INSERT INTO `ventas` (`folio`, `total`, `id_usuario`, `id_caja`, `id_cliente`, `forma_pago`, `fecha_alta`) VALUES (NULL, 112.08, \'2\', \'1\', \'1\', \'001\', \'2025-11-26 20:29:40\')')
 2 SYSTEMPATH\Database\BaseConnection.php(646): CodeIgniter\Database\BaseConnection->simpleQuery('INSERT INTO `ventas` (`folio`, `total`, `id_usuario`, `id_caja`, `id_cliente`, `forma_pago`, `fecha_alta`) VALUES (NULL, 112.08, \'2\', \'1\', \'1\', \'001\', \'2025-11-26 20:29:40\')')
 3 SYSTEMPATH\Database\BaseBuilder.php(2345): CodeIgniter\Database\BaseConnection->query('INSERT INTO `ventas` (`folio`, `total`, `id_usuario`, `id_caja`, `id_cliente`, `forma_pago`, `fecha_alta`) VALUES (:folio:, :total:, :id_usuario:, :id_caja:, :id_cliente:, :forma_pago:, :fecha_alta:)', [...], false)
 4 SYSTEMPATH\Model.php(394): CodeIgniter\Database\BaseBuilder->insert()
 5 SYSTEMPATH\BaseModel.php(838): CodeIgniter\Model->doInsert([...])
 6 SYSTEMPATH\Model.php(797): CodeIgniter\BaseModel->insert([...], true)
 7 APPPATH\Models\VentasModel.php(35): CodeIgniter\Model->insert([...])
 8 APPPATH\Controllers\Ventas.php(64): App\Models\VentasModel->insertaVenta(null, 112.08, '2', '1', '1', '001')
 9 SYSTEMPATH\CodeIgniter.php(933): App\Controllers\Ventas->guarda()
10 SYSTEMPATH\CodeIgniter.php(507): CodeIgniter\CodeIgniter->runController(Object(App\Controllers\Ventas))
11 SYSTEMPATH\CodeIgniter.php(354): CodeIgniter\CodeIgniter->handleRequest(null, Object(Config\Cache), false)
12 SYSTEMPATH\Boot.php(363): CodeIgniter\CodeIgniter->run()
13 SYSTEMPATH\Boot.php(68): CodeIgniter\Boot::runCodeIgniter(Object(CodeIgniter\CodeIgniter))
14 FCPATH\index.php(59): CodeIgniter\Boot::bootWeb(Object(Config\Paths))
CRITICAL - 2025-11-26 20:29:40 --> [Caused by] mysqli_sql_exception: Column 'folio' cannot be null
in SYSTEMPATH\Database\MySQLi\Connection.php on line 327.
 1 SYSTEMPATH\Database\MySQLi\Connection.php(327): mysqli->query('INSERT INTO `ventas` (`folio`, `total`, `id_usuario`, `id_caja`, `id_cliente`, `forma_pago`, `fecha_alta`) VALUES (NULL, 112.08, \'2\', \'1\', \'1\', \'001\', \'2025-11-26 20:29:40\')', 0)
 2 SYSTEMPATH\Database\BaseConnection.php(729): CodeIgniter\Database\MySQLi\Connection->execute('INSERT INTO `ventas` (`folio`, `total`, `id_usuario`, `id_caja`, `id_cliente`, `forma_pago`, `fecha_alta`) VALUES (NULL, 112.08, \'2\', \'1\', \'1\', \'001\', \'2025-11-26 20:29:40\')')
 3 SYSTEMPATH\Database\BaseConnection.php(646): CodeIgniter\Database\BaseConnection->simpleQuery('INSERT INTO `ventas` (`folio`, `total`, `id_usuario`, `id_caja`, `id_cliente`, `forma_pago`, `fecha_alta`) VALUES (NULL, 112.08, \'2\', \'1\', \'1\', \'001\', \'2025-11-26 20:29:40\')')
 4 SYSTEMPATH\Database\BaseBuilder.php(2345): CodeIgniter\Database\BaseConnection->query('INSERT INTO `ventas` (`folio`, `total`, `id_usuario`, `id_caja`, `id_cliente`, `forma_pago`, `fecha_alta`) VALUES (:folio:, :total:, :id_usuario:, :id_caja:, :id_cliente:, :forma_pago:, :fecha_alta:)', [...], false)
 5 SYSTEMPATH\Model.php(394): CodeIgniter\Database\BaseBuilder->insert()
 6 SYSTEMPATH\BaseModel.php(838): CodeIgniter\Model->doInsert([...])
 7 SYSTEMPATH\Model.php(797): CodeIgniter\BaseModel->insert([...], true)
 8 APPPATH\Models\VentasModel.php(35): CodeIgniter\Model->insert([...])
 9 APPPATH\Controllers\Ventas.php(64): App\Models\VentasModel->insertaVenta(null, 112.08, '2', '1', '1', '001')
10 SYSTEMPATH\CodeIgniter.php(933): App\Controllers\Ventas->guarda()
11 SYSTEMPATH\CodeIgniter.php(507): CodeIgniter\CodeIgniter->runController(Object(App\Controllers\Ventas))
12 SYSTEMPATH\CodeIgniter.php(354): CodeIgniter\CodeIgniter->handleRequest(null, Object(Config\Cache), false)
13 SYSTEMPATH\Boot.php(363): CodeIgniter\CodeIgniter->run()
14 SYSTEMPATH\Boot.php(68): CodeIgniter\Boot::runCodeIgniter(Object(CodeIgniter\CodeIgniter))
15 FCPATH\index.php(59): CodeIgniter\Boot::bootWeb(Object(Config\Paths))
DEBUG - 2025-11-26 20:35:27 --> Session: Class initialized using 'CodeIgniter\Session\Handlers\FileHandler' driver.
ERROR - 2025-11-26 20:35:27 --> mysqli_sql_exception: Column 'folio' cannot be null in C:\xampp\htdocs\pos\system\Database\MySQLi\Connection.php:327
Stack trace:
#0 C:\xampp\htdocs\pos\system\Database\MySQLi\Connection.php(327): mysqli->query('INSERT INTO `ve...', 0)
#1 C:\xampp\htdocs\pos\system\Database\BaseConnection.php(729): CodeIgniter\Database\MySQLi\Connection->execute('INSERT INTO `ve...')
#2 C:\xampp\htdocs\pos\system\Database\BaseConnection.php(646): CodeIgniter\Database\BaseConnection->simpleQuery('INSERT INTO `ve...')
#3 C:\xampp\htdocs\pos\system\Database\BaseBuilder.php(2345): CodeIgniter\Database\BaseConnection->query('INSERT INTO `ve...', Array, false)
#4 C:\xampp\htdocs\pos\system\Model.php(394): CodeIgniter\Database\BaseBuilder->insert()
#5 C:\xampp\htdocs\pos\system\BaseModel.php(838): CodeIgniter\Model->doInsert(Array)
#6 C:\xampp\htdocs\pos\system\Model.php(797): CodeIgniter\BaseModel->insert(Array, true)
#7 C:\xampp\htdocs\pos\app\Models\VentasModel.php(35): CodeIgniter\Model->insert(Array)
#8 C:\xampp\htdocs\pos\app\Controllers\Ventas.php(65): App\Models\VentasModel->insertaVenta(NULL, 112.08, '2', '1', '1', '001')
#9 C:\xampp\htdocs\pos\system\CodeIgniter.php(933): App\Controllers\Ventas->guarda()
#10 C:\xampp\htdocs\pos\system\CodeIgniter.php(507): CodeIgniter\CodeIgniter->runController(Object(App\Controllers\Ventas))
#11 C:\xampp\htdocs\pos\system\CodeIgniter.php(354): CodeIgniter\CodeIgniter->handleRequest(NULL, Object(Config\Cache), false)
#12 C:\xampp\htdocs\pos\system\Boot.php(363): CodeIgniter\CodeIgniter->run()
#13 C:\xampp\htdocs\pos\system\Boot.php(68): CodeIgniter\Boot::runCodeIgniter(Object(CodeIgniter\CodeIgniter))
#14 C:\xampp\htdocs\pos\public\index.php(59): CodeIgniter\Boot::bootWeb(Object(Config\Paths))
#15 {main}
CRITICAL - 2025-11-26 20:35:27 --> CodeIgniter\Database\Exceptions\DatabaseException: Column 'folio' cannot be null
[Method: POST, Route: ventas/guarda]
in SYSTEMPATH\Database\BaseConnection.php on line 684.
 1 SYSTEMPATH\Database\BaseBuilder.php(2345): CodeIgniter\Database\BaseConnection->query('INSERT INTO `ventas` (`folio`, `total`, `id_usuario`, `id_caja`, `id_cliente`, `forma_pago`, `fecha_alta`) VALUES (:folio:, :total:, :id_usuario:, :id_caja:, :id_cliente:, :forma_pago:, :fecha_alta:)', [...], false)
 2 SYSTEMPATH\Model.php(394): CodeIgniter\Database\BaseBuilder->insert()
 3 SYSTEMPATH\BaseModel.php(838): CodeIgniter\Model->doInsert([...])
 4 SYSTEMPATH\Model.php(797): CodeIgniter\BaseModel->insert([...], true)
 5 APPPATH\Models\VentasModel.php(35): CodeIgniter\Model->insert([...])
 6 APPPATH\Controllers\Ventas.php(65): App\Models\VentasModel->insertaVenta(null, 112.08, '2', '1', '1', '001')
 7 SYSTEMPATH\CodeIgniter.php(933): App\Controllers\Ventas->guarda()
 8 SYSTEMPATH\CodeIgniter.php(507): CodeIgniter\CodeIgniter->runController(Object(App\Controllers\Ventas))
 9 SYSTEMPATH\CodeIgniter.php(354): CodeIgniter\CodeIgniter->handleRequest(null, Object(Config\Cache), false)
10 SYSTEMPATH\Boot.php(363): CodeIgniter\CodeIgniter->run()
11 SYSTEMPATH\Boot.php(68): CodeIgniter\Boot::runCodeIgniter(Object(CodeIgniter\CodeIgniter))
12 FCPATH\index.php(59): CodeIgniter\Boot::bootWeb(Object(Config\Paths))
CRITICAL - 2025-11-26 20:35:27 --> [Caused by] CodeIgniter\Database\Exceptions\DatabaseException: Column 'folio' cannot be null
in SYSTEMPATH\Database\MySQLi\Connection.php on line 332.
 1 SYSTEMPATH\Database\BaseConnection.php(729): CodeIgniter\Database\MySQLi\Connection->execute('INSERT INTO `ventas` (`folio`, `total`, `id_usuario`, `id_caja`, `id_cliente`, `forma_pago`, `fecha_alta`) VALUES (NULL, 112.08, \'2\', \'1\', \'1\', \'001\', \'2025-11-26 20:35:27\')')
 2 SYSTEMPATH\Database\BaseConnection.php(646): CodeIgniter\Database\BaseConnection->simpleQuery('INSERT INTO `ventas` (`folio`, `total`, `id_usuario`, `id_caja`, `id_cliente`, `forma_pago`, `fecha_alta`) VALUES (NULL, 112.08, \'2\', \'1\', \'1\', \'001\', \'2025-11-26 20:35:27\')')
 3 SYSTEMPATH\Database\BaseBuilder.php(2345): CodeIgniter\Database\BaseConnection->query('INSERT INTO `ventas` (`folio`, `total`, `id_usuario`, `id_caja`, `id_cliente`, `forma_pago`, `fecha_alta`) VALUES (:folio:, :total:, :id_usuario:, :id_caja:, :id_cliente:, :forma_pago:, :fecha_alta:)', [...], false)
 4 SYSTEMPATH\Model.php(394): CodeIgniter\Database\BaseBuilder->insert()
 5 SYSTEMPATH\BaseModel.php(838): CodeIgniter\Model->doInsert([...])
 6 SYSTEMPATH\Model.php(797): CodeIgniter\BaseModel->insert([...], true)
 7 APPPATH\Models\VentasModel.php(35): CodeIgniter\Model->insert([...])
 8 APPPATH\Controllers\Ventas.php(65): App\Models\VentasModel->insertaVenta(null, 112.08, '2', '1', '1', '001')
 9 SYSTEMPATH\CodeIgniter.php(933): App\Controllers\Ventas->guarda()
10 SYSTEMPATH\CodeIgniter.php(507): CodeIgniter\CodeIgniter->runController(Object(App\Controllers\Ventas))
11 SYSTEMPATH\CodeIgniter.php(354): CodeIgniter\CodeIgniter->handleRequest(null, Object(Config\Cache), false)
12 SYSTEMPATH\Boot.php(363): CodeIgniter\CodeIgniter->run()
13 SYSTEMPATH\Boot.php(68): CodeIgniter\Boot::runCodeIgniter(Object(CodeIgniter\CodeIgniter))
14 FCPATH\index.php(59): CodeIgniter\Boot::bootWeb(Object(Config\Paths))
CRITICAL - 2025-11-26 20:35:27 --> [Caused by] mysqli_sql_exception: Column 'folio' cannot be null
in SYSTEMPATH\Database\MySQLi\Connection.php on line 327.
 1 SYSTEMPATH\Database\MySQLi\Connection.php(327): mysqli->query('INSERT INTO `ventas` (`folio`, `total`, `id_usuario`, `id_caja`, `id_cliente`, `forma_pago`, `fecha_alta`) VALUES (NULL, 112.08, \'2\', \'1\', \'1\', \'001\', \'2025-11-26 20:35:27\')', 0)
 2 SYSTEMPATH\Database\BaseConnection.php(729): CodeIgniter\Database\MySQLi\Connection->execute('INSERT INTO `ventas` (`folio`, `total`, `id_usuario`, `id_caja`, `id_cliente`, `forma_pago`, `fecha_alta`) VALUES (NULL, 112.08, \'2\', \'1\', \'1\', \'001\', \'2025-11-26 20:35:27\')')
 3 SYSTEMPATH\Database\BaseConnection.php(646): CodeIgniter\Database\BaseConnection->simpleQuery('INSERT INTO `ventas` (`folio`, `total`, `id_usuario`, `id_caja`, `id_cliente`, `forma_pago`, `fecha_alta`) VALUES (NULL, 112.08, \'2\', \'1\', \'1\', \'001\', \'2025-11-26 20:35:27\')')
 4 SYSTEMPATH\Database\BaseBuilder.php(2345): CodeIgniter\Database\BaseConnection->query('INSERT INTO `ventas` (`folio`, `total`, `id_usuario`, `id_caja`, `id_cliente`, `forma_pago`, `fecha_alta`) VALUES (:folio:, :total:, :id_usuario:, :id_caja:, :id_cliente:, :forma_pago:, :fecha_alta:)', [...], false)
 5 SYSTEMPATH\Model.php(394): CodeIgniter\Database\BaseBuilder->insert()
 6 SYSTEMPATH\BaseModel.php(838): CodeIgniter\Model->doInsert([...])
 7 SYSTEMPATH\Model.php(797): CodeIgniter\BaseModel->insert([...], true)
 8 APPPATH\Models\VentasModel.php(35): CodeIgniter\Model->insert([...])
 9 APPPATH\Controllers\Ventas.php(65): App\Models\VentasModel->insertaVenta(null, 112.08, '2', '1', '1', '001')
10 SYSTEMPATH\CodeIgniter.php(933): App\Controllers\Ventas->guarda()
11 SYSTEMPATH\CodeIgniter.php(507): CodeIgniter\CodeIgniter->runController(Object(App\Controllers\Ventas))
12 SYSTEMPATH\CodeIgniter.php(354): CodeIgniter\CodeIgniter->handleRequest(null, Object(Config\Cache), false)
13 SYSTEMPATH\Boot.php(363): CodeIgniter\CodeIgniter->run()
14 SYSTEMPATH\Boot.php(68): CodeIgniter\Boot::runCodeIgniter(Object(CodeIgniter\CodeIgniter))
15 FCPATH\index.php(59): CodeIgniter\Boot::bootWeb(Object(Config\Paths))
DEBUG - 2025-11-26 20:41:44 --> Session: Class initialized using 'CodeIgniter\Session\Handlers\FileHandler' driver.
ERROR - 2025-11-26 20:41:44 --> mysqli_sql_exception: Column 'folio' cannot be null in C:\xampp\htdocs\pos\system\Database\MySQLi\Connection.php:327
Stack trace:
#0 C:\xampp\htdocs\pos\system\Database\MySQLi\Connection.php(327): mysqli->query('INSERT INTO `ve...', 0)
#1 C:\xampp\htdocs\pos\system\Database\BaseConnection.php(729): CodeIgniter\Database\MySQLi\Connection->execute('INSERT INTO `ve...')
#2 C:\xampp\htdocs\pos\system\Database\BaseConnection.php(646): CodeIgniter\Database\BaseConnection->simpleQuery('INSERT INTO `ve...')
#3 C:\xampp\htdocs\pos\system\Database\BaseBuilder.php(2345): CodeIgniter\Database\BaseConnection->query('INSERT INTO `ve...', Array, false)
#4 C:\xampp\htdocs\pos\system\Model.php(394): CodeIgniter\Database\BaseBuilder->insert()
#5 C:\xampp\htdocs\pos\system\BaseModel.php(838): CodeIgniter\Model->doInsert(Array)
#6 C:\xampp\htdocs\pos\system\Model.php(797): CodeIgniter\BaseModel->insert(Array, true)
#7 C:\xampp\htdocs\pos\app\Models\VentasModel.php(34): CodeIgniter\Model->insert(Array)
#8 C:\xampp\htdocs\pos\app\Controllers\Ventas.php(63): App\Models\VentasModel->insertaVenta(NULL, 112.08, '2', '1', '1', '001')
#9 C:\xampp\htdocs\pos\system\CodeIgniter.php(933): App\Controllers\Ventas->guarda()
#10 C:\xampp\htdocs\pos\system\CodeIgniter.php(507): CodeIgniter\CodeIgniter->runController(Object(App\Controllers\Ventas))
#11 C:\xampp\htdocs\pos\system\CodeIgniter.php(354): CodeIgniter\CodeIgniter->handleRequest(NULL, Object(Config\Cache), false)
#12 C:\xampp\htdocs\pos\system\Boot.php(363): CodeIgniter\CodeIgniter->run()
#13 C:\xampp\htdocs\pos\system\Boot.php(68): CodeIgniter\Boot::runCodeIgniter(Object(CodeIgniter\CodeIgniter))
#14 C:\xampp\htdocs\pos\public\index.php(59): CodeIgniter\Boot::bootWeb(Object(Config\Paths))
#15 {main}
CRITICAL - 2025-11-26 20:41:44 --> CodeIgniter\Database\Exceptions\DatabaseException: Column 'folio' cannot be null
[Method: POST, Route: ventas/guarda]
in SYSTEMPATH\Database\BaseConnection.php on line 684.
 1 SYSTEMPATH\Database\BaseBuilder.php(2345): CodeIgniter\Database\BaseConnection->query('INSERT INTO `ventas` (`folio`, `total`, `id_usuario`, `id_caja`, `id_cliente`, `forma_pago`, `fecha_alta`) VALUES (:folio:, :total:, :id_usuario:, :id_caja:, :id_cliente:, :forma_pago:, :fecha_alta:)', [...], false)
 2 SYSTEMPATH\Model.php(394): CodeIgniter\Database\BaseBuilder->insert()
 3 SYSTEMPATH\BaseModel.php(838): CodeIgniter\Model->doInsert([...])
 4 SYSTEMPATH\Model.php(797): CodeIgniter\BaseModel->insert([...], true)
 5 APPPATH\Models\VentasModel.php(34): CodeIgniter\Model->insert([...])
 6 APPPATH\Controllers\Ventas.php(63): App\Models\VentasModel->insertaVenta(null, 112.08, '2', '1', '1', '001')
 7 SYSTEMPATH\CodeIgniter.php(933): App\Controllers\Ventas->guarda()
 8 SYSTEMPATH\CodeIgniter.php(507): CodeIgniter\CodeIgniter->runController(Object(App\Controllers\Ventas))
 9 SYSTEMPATH\CodeIgniter.php(354): CodeIgniter\CodeIgniter->handleRequest(null, Object(Config\Cache), false)
10 SYSTEMPATH\Boot.php(363): CodeIgniter\CodeIgniter->run()
11 SYSTEMPATH\Boot.php(68): CodeIgniter\Boot::runCodeIgniter(Object(CodeIgniter\CodeIgniter))
12 FCPATH\index.php(59): CodeIgniter\Boot::bootWeb(Object(Config\Paths))
CRITICAL - 2025-11-26 20:41:44 --> [Caused by] CodeIgniter\Database\Exceptions\DatabaseException: Column 'folio' cannot be null
in SYSTEMPATH\Database\MySQLi\Connection.php on line 332.
 1 SYSTEMPATH\Database\BaseConnection.php(729): CodeIgniter\Database\MySQLi\Connection->execute('INSERT INTO `ventas` (`folio`, `total`, `id_usuario`, `id_caja`, `id_cliente`, `forma_pago`, `fecha_alta`) VALUES (NULL, 112.08, \'2\', \'1\', \'1\', \'001\', \'2025-11-26 20:41:44\')')
 2 SYSTEMPATH\Database\BaseConnection.php(646): CodeIgniter\Database\BaseConnection->simpleQuery('INSERT INTO `ventas` (`folio`, `total`, `id_usuario`, `id_caja`, `id_cliente`, `forma_pago`, `fecha_alta`) VALUES (NULL, 112.08, \'2\', \'1\', \'1\', \'001\', \'2025-11-26 20:41:44\')')
 3 SYSTEMPATH\Database\BaseBuilder.php(2345): CodeIgniter\Database\BaseConnection->query('INSERT INTO `ventas` (`folio`, `total`, `id_usuario`, `id_caja`, `id_cliente`, `forma_pago`, `fecha_alta`) VALUES (:folio:, :total:, :id_usuario:, :id_caja:, :id_cliente:, :forma_pago:, :fecha_alta:)', [...], false)
 4 SYSTEMPATH\Model.php(394): CodeIgniter\Database\BaseBuilder->insert()
 5 SYSTEMPATH\BaseModel.php(838): CodeIgniter\Model->doInsert([...])
 6 SYSTEMPATH\Model.php(797): CodeIgniter\BaseModel->insert([...], true)
 7 APPPATH\Models\VentasModel.php(34): CodeIgniter\Model->insert([...])
 8 APPPATH\Controllers\Ventas.php(63): App\Models\VentasModel->insertaVenta(null, 112.08, '2', '1', '1', '001')
 9 SYSTEMPATH\CodeIgniter.php(933): App\Controllers\Ventas->guarda()
10 SYSTEMPATH\CodeIgniter.php(507): CodeIgniter\CodeIgniter->runController(Object(App\Controllers\Ventas))
11 SYSTEMPATH\CodeIgniter.php(354): CodeIgniter\CodeIgniter->handleRequest(null, Object(Config\Cache), false)
12 SYSTEMPATH\Boot.php(363): CodeIgniter\CodeIgniter->run()
13 SYSTEMPATH\Boot.php(68): CodeIgniter\Boot::runCodeIgniter(Object(CodeIgniter\CodeIgniter))
14 FCPATH\index.php(59): CodeIgniter\Boot::bootWeb(Object(Config\Paths))
CRITICAL - 2025-11-26 20:41:44 --> [Caused by] mysqli_sql_exception: Column 'folio' cannot be null
in SYSTEMPATH\Database\MySQLi\Connection.php on line 327.
 1 SYSTEMPATH\Database\MySQLi\Connection.php(327): mysqli->query('INSERT INTO `ventas` (`folio`, `total`, `id_usuario`, `id_caja`, `id_cliente`, `forma_pago`, `fecha_alta`) VALUES (NULL, 112.08, \'2\', \'1\', \'1\', \'001\', \'2025-11-26 20:41:44\')', 0)
 2 SYSTEMPATH\Database\BaseConnection.php(729): CodeIgniter\Database\MySQLi\Connection->execute('INSERT INTO `ventas` (`folio`, `total`, `id_usuario`, `id_caja`, `id_cliente`, `forma_pago`, `fecha_alta`) VALUES (NULL, 112.08, \'2\', \'1\', \'1\', \'001\', \'2025-11-26 20:41:44\')')
 3 SYSTEMPATH\Database\BaseConnection.php(646): CodeIgniter\Database\BaseConnection->simpleQuery('INSERT INTO `ventas` (`folio`, `total`, `id_usuario`, `id_caja`, `id_cliente`, `forma_pago`, `fecha_alta`) VALUES (NULL, 112.08, \'2\', \'1\', \'1\', \'001\', \'2025-11-26 20:41:44\')')
 4 SYSTEMPATH\Database\BaseBuilder.php(2345): CodeIgniter\Database\BaseConnection->query('INSERT INTO `ventas` (`folio`, `total`, `id_usuario`, `id_caja`, `id_cliente`, `forma_pago`, `fecha_alta`) VALUES (:folio:, :total:, :id_usuario:, :id_caja:, :id_cliente:, :forma_pago:, :fecha_alta:)', [...], false)
 5 SYSTEMPATH\Model.php(394): CodeIgniter\Database\BaseBuilder->insert()
 6 SYSTEMPATH\BaseModel.php(838): CodeIgniter\Model->doInsert([...])
 7 SYSTEMPATH\Model.php(797): CodeIgniter\BaseModel->insert([...], true)
 8 APPPATH\Models\VentasModel.php(34): CodeIgniter\Model->insert([...])
 9 APPPATH\Controllers\Ventas.php(63): App\Models\VentasModel->insertaVenta(null, 112.08, '2', '1', '1', '001')
10 SYSTEMPATH\CodeIgniter.php(933): App\Controllers\Ventas->guarda()
11 SYSTEMPATH\CodeIgniter.php(507): CodeIgniter\CodeIgniter->runController(Object(App\Controllers\Ventas))
12 SYSTEMPATH\CodeIgniter.php(354): CodeIgniter\CodeIgniter->handleRequest(null, Object(Config\Cache), false)
13 SYSTEMPATH\Boot.php(363): CodeIgniter\CodeIgniter->run()
14 SYSTEMPATH\Boot.php(68): CodeIgniter\Boot::runCodeIgniter(Object(CodeIgniter\CodeIgniter))
15 FCPATH\index.php(59): CodeIgniter\Boot::bootWeb(Object(Config\Paths))
DEBUG - 2025-11-26 20:41:47 --> Session: Class initialized using 'CodeIgniter\Session\Handlers\FileHandler' driver.
ERROR - 2025-11-26 20:41:47 --> mysqli_sql_exception: Column 'folio' cannot be null in C:\xampp\htdocs\pos\system\Database\MySQLi\Connection.php:327
Stack trace:
#0 C:\xampp\htdocs\pos\system\Database\MySQLi\Connection.php(327): mysqli->query('INSERT INTO `ve...', 0)
#1 C:\xampp\htdocs\pos\system\Database\BaseConnection.php(729): CodeIgniter\Database\MySQLi\Connection->execute('INSERT INTO `ve...')
#2 C:\xampp\htdocs\pos\system\Database\BaseConnection.php(646): CodeIgniter\Database\BaseConnection->simpleQuery('INSERT INTO `ve...')
#3 C:\xampp\htdocs\pos\system\Database\BaseBuilder.php(2345): CodeIgniter\Database\BaseConnection->query('INSERT INTO `ve...', Array, false)
#4 C:\xampp\htdocs\pos\system\Model.php(394): CodeIgniter\Database\BaseBuilder->insert()
#5 C:\xampp\htdocs\pos\system\BaseModel.php(838): CodeIgniter\Model->doInsert(Array)
#6 C:\xampp\htdocs\pos\system\Model.php(797): CodeIgniter\BaseModel->insert(Array, true)
#7 C:\xampp\htdocs\pos\app\Models\VentasModel.php(34): CodeIgniter\Model->insert(Array)
#8 C:\xampp\htdocs\pos\app\Controllers\Ventas.php(63): App\Models\VentasModel->insertaVenta(NULL, 112.08, '2', '1', '1', '001')
#9 C:\xampp\htdocs\pos\system\CodeIgniter.php(933): App\Controllers\Ventas->guarda()
#10 C:\xampp\htdocs\pos\system\CodeIgniter.php(507): CodeIgniter\CodeIgniter->runController(Object(App\Controllers\Ventas))
#11 C:\xampp\htdocs\pos\system\CodeIgniter.php(354): CodeIgniter\CodeIgniter->handleRequest(NULL, Object(Config\Cache), false)
#12 C:\xampp\htdocs\pos\system\Boot.php(363): CodeIgniter\CodeIgniter->run()
#13 C:\xampp\htdocs\pos\system\Boot.php(68): CodeIgniter\Boot::runCodeIgniter(Object(CodeIgniter\CodeIgniter))
#14 C:\xampp\htdocs\pos\public\index.php(59): CodeIgniter\Boot::bootWeb(Object(Config\Paths))
#15 {main}
CRITICAL - 2025-11-26 20:41:47 --> CodeIgniter\Database\Exceptions\DatabaseException: Column 'folio' cannot be null
[Method: POST, Route: ventas/guarda]
in SYSTEMPATH\Database\BaseConnection.php on line 684.
 1 SYSTEMPATH\Database\BaseBuilder.php(2345): CodeIgniter\Database\BaseConnection->query('INSERT INTO `ventas` (`folio`, `total`, `id_usuario`, `id_caja`, `id_cliente`, `forma_pago`, `fecha_alta`) VALUES (:folio:, :total:, :id_usuario:, :id_caja:, :id_cliente:, :forma_pago:, :fecha_alta:)', [...], false)
 2 SYSTEMPATH\Model.php(394): CodeIgniter\Database\BaseBuilder->insert()
 3 SYSTEMPATH\BaseModel.php(838): CodeIgniter\Model->doInsert([...])
 4 SYSTEMPATH\Model.php(797): CodeIgniter\BaseModel->insert([...], true)
 5 APPPATH\Models\VentasModel.php(34): CodeIgniter\Model->insert([...])
 6 APPPATH\Controllers\Ventas.php(63): App\Models\VentasModel->insertaVenta(null, 112.08, '2', '1', '1', '001')
 7 SYSTEMPATH\CodeIgniter.php(933): App\Controllers\Ventas->guarda()
 8 SYSTEMPATH\CodeIgniter.php(507): CodeIgniter\CodeIgniter->runController(Object(App\Controllers\Ventas))
 9 SYSTEMPATH\CodeIgniter.php(354): CodeIgniter\CodeIgniter->handleRequest(null, Object(Config\Cache), false)
10 SYSTEMPATH\Boot.php(363): CodeIgniter\CodeIgniter->run()
11 SYSTEMPATH\Boot.php(68): CodeIgniter\Boot::runCodeIgniter(Object(CodeIgniter\CodeIgniter))
12 FCPATH\index.php(59): CodeIgniter\Boot::bootWeb(Object(Config\Paths))
CRITICAL - 2025-11-26 20:41:47 --> [Caused by] CodeIgniter\Database\Exceptions\DatabaseException: Column 'folio' cannot be null
in SYSTEMPATH\Database\MySQLi\Connection.php on line 332.
 1 SYSTEMPATH\Database\BaseConnection.php(729): CodeIgniter\Database\MySQLi\Connection->execute('INSERT INTO `ventas` (`folio`, `total`, `id_usuario`, `id_caja`, `id_cliente`, `forma_pago`, `fecha_alta`) VALUES (NULL, 112.08, \'2\', \'1\', \'1\', \'001\', \'2025-11-26 20:41:47\')')
 2 SYSTEMPATH\Database\BaseConnection.php(646): CodeIgniter\Database\BaseConnection->simpleQuery('INSERT INTO `ventas` (`folio`, `total`, `id_usuario`, `id_caja`, `id_cliente`, `forma_pago`, `fecha_alta`) VALUES (NULL, 112.08, \'2\', \'1\', \'1\', \'001\', \'2025-11-26 20:41:47\')')
 3 SYSTEMPATH\Database\BaseBuilder.php(2345): CodeIgniter\Database\BaseConnection->query('INSERT INTO `ventas` (`folio`, `total`, `id_usuario`, `id_caja`, `id_cliente`, `forma_pago`, `fecha_alta`) VALUES (:folio:, :total:, :id_usuario:, :id_caja:, :id_cliente:, :forma_pago:, :fecha_alta:)', [...], false)
 4 SYSTEMPATH\Model.php(394): CodeIgniter\Database\BaseBuilder->insert()
 5 SYSTEMPATH\BaseModel.php(838): CodeIgniter\Model->doInsert([...])
 6 SYSTEMPATH\Model.php(797): CodeIgniter\BaseModel->insert([...], true)
 7 APPPATH\Models\VentasModel.php(34): CodeIgniter\Model->insert([...])
 8 APPPATH\Controllers\Ventas.php(63): App\Models\VentasModel->insertaVenta(null, 112.08, '2', '1', '1', '001')
 9 SYSTEMPATH\CodeIgniter.php(933): App\Controllers\Ventas->guarda()
10 SYSTEMPATH\CodeIgniter.php(507): CodeIgniter\CodeIgniter->runController(Object(App\Controllers\Ventas))
11 SYSTEMPATH\CodeIgniter.php(354): CodeIgniter\CodeIgniter->handleRequest(null, Object(Config\Cache), false)
12 SYSTEMPATH\Boot.php(363): CodeIgniter\CodeIgniter->run()
13 SYSTEMPATH\Boot.php(68): CodeIgniter\Boot::runCodeIgniter(Object(CodeIgniter\CodeIgniter))
14 FCPATH\index.php(59): CodeIgniter\Boot::bootWeb(Object(Config\Paths))
CRITICAL - 2025-11-26 20:41:47 --> [Caused by] mysqli_sql_exception: Column 'folio' cannot be null
in SYSTEMPATH\Database\MySQLi\Connection.php on line 327.
 1 SYSTEMPATH\Database\MySQLi\Connection.php(327): mysqli->query('INSERT INTO `ventas` (`folio`, `total`, `id_usuario`, `id_caja`, `id_cliente`, `forma_pago`, `fecha_alta`) VALUES (NULL, 112.08, \'2\', \'1\', \'1\', \'001\', \'2025-11-26 20:41:47\')', 0)
 2 SYSTEMPATH\Database\BaseConnection.php(729): CodeIgniter\Database\MySQLi\Connection->execute('INSERT INTO `ventas` (`folio`, `total`, `id_usuario`, `id_caja`, `id_cliente`, `forma_pago`, `fecha_alta`) VALUES (NULL, 112.08, \'2\', \'1\', \'1\', \'001\', \'2025-11-26 20:41:47\')')
 3 SYSTEMPATH\Database\BaseConnection.php(646): CodeIgniter\Database\BaseConnection->simpleQuery('INSERT INTO `ventas` (`folio`, `total`, `id_usuario`, `id_caja`, `id_cliente`, `forma_pago`, `fecha_alta`) VALUES (NULL, 112.08, \'2\', \'1\', \'1\', \'001\', \'2025-11-26 20:41:47\')')
 4 SYSTEMPATH\Database\BaseBuilder.php(2345): CodeIgniter\Database\BaseConnection->query('INSERT INTO `ventas` (`folio`, `total`, `id_usuario`, `id_caja`, `id_cliente`, `forma_pago`, `fecha_alta`) VALUES (:folio:, :total:, :id_usuario:, :id_caja:, :id_cliente:, :forma_pago:, :fecha_alta:)', [...], false)
 5 SYSTEMPATH\Model.php(394): CodeIgniter\Database\BaseBuilder->insert()
 6 SYSTEMPATH\BaseModel.php(838): CodeIgniter\Model->doInsert([...])
 7 SYSTEMPATH\Model.php(797): CodeIgniter\BaseModel->insert([...], true)
 8 APPPATH\Models\VentasModel.php(34): CodeIgniter\Model->insert([...])
 9 APPPATH\Controllers\Ventas.php(63): App\Models\VentasModel->insertaVenta(null, 112.08, '2', '1', '1', '001')
10 SYSTEMPATH\CodeIgniter.php(933): App\Controllers\Ventas->guarda()
11 SYSTEMPATH\CodeIgniter.php(507): CodeIgniter\CodeIgniter->runController(Object(App\Controllers\Ventas))
12 SYSTEMPATH\CodeIgniter.php(354): CodeIgniter\CodeIgniter->handleRequest(null, Object(Config\Cache), false)
13 SYSTEMPATH\Boot.php(363): CodeIgniter\CodeIgniter->run()
14 SYSTEMPATH\Boot.php(68): CodeIgniter\Boot::runCodeIgniter(Object(CodeIgniter\CodeIgniter))
15 FCPATH\index.php(59): CodeIgniter\Boot::bootWeb(Object(Config\Paths))
DEBUG - 2025-11-26 20:41:53 --> Session: Class initialized using 'CodeIgniter\Session\Handlers\FileHandler' driver.
ERROR - 2025-11-26 20:41:53 --> mysqli_sql_exception: Column 'folio' cannot be null in C:\xampp\htdocs\pos\system\Database\MySQLi\Connection.php:327
Stack trace:
#0 C:\xampp\htdocs\pos\system\Database\MySQLi\Connection.php(327): mysqli->query('INSERT INTO `ve...', 0)
#1 C:\xampp\htdocs\pos\system\Database\BaseConnection.php(729): CodeIgniter\Database\MySQLi\Connection->execute('INSERT INTO `ve...')
#2 C:\xampp\htdocs\pos\system\Database\BaseConnection.php(646): CodeIgniter\Database\BaseConnection->simpleQuery('INSERT INTO `ve...')
#3 C:\xampp\htdocs\pos\system\Database\BaseBuilder.php(2345): CodeIgniter\Database\BaseConnection->query('INSERT INTO `ve...', Array, false)
#4 C:\xampp\htdocs\pos\system\Model.php(394): CodeIgniter\Database\BaseBuilder->insert()
#5 C:\xampp\htdocs\pos\system\BaseModel.php(838): CodeIgniter\Model->doInsert(Array)
#6 C:\xampp\htdocs\pos\system\Model.php(797): CodeIgniter\BaseModel->insert(Array, true)
#7 C:\xampp\htdocs\pos\app\Models\VentasModel.php(34): CodeIgniter\Model->insert(Array)
#8 C:\xampp\htdocs\pos\app\Controllers\Ventas.php(63): App\Models\VentasModel->insertaVenta(NULL, 112.08, '2', '1', '1', '001')
#9 C:\xampp\htdocs\pos\system\CodeIgniter.php(933): App\Controllers\Ventas->guarda()
#10 C:\xampp\htdocs\pos\system\CodeIgniter.php(507): CodeIgniter\CodeIgniter->runController(Object(App\Controllers\Ventas))
#11 C:\xampp\htdocs\pos\system\CodeIgniter.php(354): CodeIgniter\CodeIgniter->handleRequest(NULL, Object(Config\Cache), false)
#12 C:\xampp\htdocs\pos\system\Boot.php(363): CodeIgniter\CodeIgniter->run()
#13 C:\xampp\htdocs\pos\system\Boot.php(68): CodeIgniter\Boot::runCodeIgniter(Object(CodeIgniter\CodeIgniter))
#14 C:\xampp\htdocs\pos\public\index.php(59): CodeIgniter\Boot::bootWeb(Object(Config\Paths))
#15 {main}
CRITICAL - 2025-11-26 20:41:53 --> CodeIgniter\Database\Exceptions\DatabaseException: Column 'folio' cannot be null
[Method: POST, Route: ventas/guarda]
in SYSTEMPATH\Database\BaseConnection.php on line 684.
 1 SYSTEMPATH\Database\BaseBuilder.php(2345): CodeIgniter\Database\BaseConnection->query('INSERT INTO `ventas` (`folio`, `total`, `id_usuario`, `id_caja`, `id_cliente`, `forma_pago`, `fecha_alta`) VALUES (:folio:, :total:, :id_usuario:, :id_caja:, :id_cliente:, :forma_pago:, :fecha_alta:)', [...], false)
 2 SYSTEMPATH\Model.php(394): CodeIgniter\Database\BaseBuilder->insert()
 3 SYSTEMPATH\BaseModel.php(838): CodeIgniter\Model->doInsert([...])
 4 SYSTEMPATH\Model.php(797): CodeIgniter\BaseModel->insert([...], true)
 5 APPPATH\Models\VentasModel.php(34): CodeIgniter\Model->insert([...])
 6 APPPATH\Controllers\Ventas.php(63): App\Models\VentasModel->insertaVenta(null, 112.08, '2', '1', '1', '001')
 7 SYSTEMPATH\CodeIgniter.php(933): App\Controllers\Ventas->guarda()
 8 SYSTEMPATH\CodeIgniter.php(507): CodeIgniter\CodeIgniter->runController(Object(App\Controllers\Ventas))
 9 SYSTEMPATH\CodeIgniter.php(354): CodeIgniter\CodeIgniter->handleRequest(null, Object(Config\Cache), false)
10 SYSTEMPATH\Boot.php(363): CodeIgniter\CodeIgniter->run()
11 SYSTEMPATH\Boot.php(68): CodeIgniter\Boot::runCodeIgniter(Object(CodeIgniter\CodeIgniter))
12 FCPATH\index.php(59): CodeIgniter\Boot::bootWeb(Object(Config\Paths))
CRITICAL - 2025-11-26 20:41:53 --> [Caused by] CodeIgniter\Database\Exceptions\DatabaseException: Column 'folio' cannot be null
in SYSTEMPATH\Database\MySQLi\Connection.php on line 332.
 1 SYSTEMPATH\Database\BaseConnection.php(729): CodeIgniter\Database\MySQLi\Connection->execute('INSERT INTO `ventas` (`folio`, `total`, `id_usuario`, `id_caja`, `id_cliente`, `forma_pago`, `fecha_alta`) VALUES (NULL, 112.08, \'2\', \'1\', \'1\', \'001\', \'2025-11-26 20:41:53\')')
 2 SYSTEMPATH\Database\BaseConnection.php(646): CodeIgniter\Database\BaseConnection->simpleQuery('INSERT INTO `ventas` (`folio`, `total`, `id_usuario`, `id_caja`, `id_cliente`, `forma_pago`, `fecha_alta`) VALUES (NULL, 112.08, \'2\', \'1\', \'1\', \'001\', \'2025-11-26 20:41:53\')')
 3 SYSTEMPATH\Database\BaseBuilder.php(2345): CodeIgniter\Database\BaseConnection->query('INSERT INTO `ventas` (`folio`, `total`, `id_usuario`, `id_caja`, `id_cliente`, `forma_pago`, `fecha_alta`) VALUES (:folio:, :total:, :id_usuario:, :id_caja:, :id_cliente:, :forma_pago:, :fecha_alta:)', [...], false)
 4 SYSTEMPATH\Model.php(394): CodeIgniter\Database\BaseBuilder->insert()
 5 SYSTEMPATH\BaseModel.php(838): CodeIgniter\Model->doInsert([...])
 6 SYSTEMPATH\Model.php(797): CodeIgniter\BaseModel->insert([...], true)
 7 APPPATH\Models\VentasModel.php(34): CodeIgniter\Model->insert([...])
 8 APPPATH\Controllers\Ventas.php(63): App\Models\VentasModel->insertaVenta(null, 112.08, '2', '1', '1', '001')
 9 SYSTEMPATH\CodeIgniter.php(933): App\Controllers\Ventas->guarda()
10 SYSTEMPATH\CodeIgniter.php(507): CodeIgniter\CodeIgniter->runController(Object(App\Controllers\Ventas))
11 SYSTEMPATH\CodeIgniter.php(354): CodeIgniter\CodeIgniter->handleRequest(null, Object(Config\Cache), false)
12 SYSTEMPATH\Boot.php(363): CodeIgniter\CodeIgniter->run()
13 SYSTEMPATH\Boot.php(68): CodeIgniter\Boot::runCodeIgniter(Object(CodeIgniter\CodeIgniter))
14 FCPATH\index.php(59): CodeIgniter\Boot::bootWeb(Object(Config\Paths))
CRITICAL - 2025-11-26 20:41:53 --> [Caused by] mysqli_sql_exception: Column 'folio' cannot be null
in SYSTEMPATH\Database\MySQLi\Connection.php on line 327.
 1 SYSTEMPATH\Database\MySQLi\Connection.php(327): mysqli->query('INSERT INTO `ventas` (`folio`, `total`, `id_usuario`, `id_caja`, `id_cliente`, `forma_pago`, `fecha_alta`) VALUES (NULL, 112.08, \'2\', \'1\', \'1\', \'001\', \'2025-11-26 20:41:53\')', 0)
 2 SYSTEMPATH\Database\BaseConnection.php(729): CodeIgniter\Database\MySQLi\Connection->execute('INSERT INTO `ventas` (`folio`, `total`, `id_usuario`, `id_caja`, `id_cliente`, `forma_pago`, `fecha_alta`) VALUES (NULL, 112.08, \'2\', \'1\', \'1\', \'001\', \'2025-11-26 20:41:53\')')
 3 SYSTEMPATH\Database\BaseConnection.php(646): CodeIgniter\Database\BaseConnection->simpleQuery('INSERT INTO `ventas` (`folio`, `total`, `id_usuario`, `id_caja`, `id_cliente`, `forma_pago`, `fecha_alta`) VALUES (NULL, 112.08, \'2\', \'1\', \'1\', \'001\', \'2025-11-26 20:41:53\')')
 4 SYSTEMPATH\Database\BaseBuilder.php(2345): CodeIgniter\Database\BaseConnection->query('INSERT INTO `ventas` (`folio`, `total`, `id_usuario`, `id_caja`, `id_cliente`, `forma_pago`, `fecha_alta`) VALUES (:folio:, :total:, :id_usuario:, :id_caja:, :id_cliente:, :forma_pago:, :fecha_alta:)', [...], false)
 5 SYSTEMPATH\Model.php(394): CodeIgniter\Database\BaseBuilder->insert()
 6 SYSTEMPATH\BaseModel.php(838): CodeIgniter\Model->doInsert([...])
 7 SYSTEMPATH\Model.php(797): CodeIgniter\BaseModel->insert([...], true)
 8 APPPATH\Models\VentasModel.php(34): CodeIgniter\Model->insert([...])
 9 APPPATH\Controllers\Ventas.php(63): App\Models\VentasModel->insertaVenta(null, 112.08, '2', '1', '1', '001')
10 SYSTEMPATH\CodeIgniter.php(933): App\Controllers\Ventas->guarda()
11 SYSTEMPATH\CodeIgniter.php(507): CodeIgniter\CodeIgniter->runController(Object(App\Controllers\Ventas))
12 SYSTEMPATH\CodeIgniter.php(354): CodeIgniter\CodeIgniter->handleRequest(null, Object(Config\Cache), false)
13 SYSTEMPATH\Boot.php(363): CodeIgniter\CodeIgniter->run()
14 SYSTEMPATH\Boot.php(68): CodeIgniter\Boot::runCodeIgniter(Object(CodeIgniter\CodeIgniter))
15 FCPATH\index.php(59): CodeIgniter\Boot::bootWeb(Object(Config\Paths))
DEBUG - 2025-11-26 20:41:58 --> Session: Class initialized using 'CodeIgniter\Session\Handlers\FileHandler' driver.
DEBUG - 2025-11-26 20:42:19 --> Session: Class initialized using 'CodeIgniter\Session\Handlers\FileHandler' driver.
ERROR - 2025-11-26 20:42:19 --> mysqli_sql_exception: Column 'folio' cannot be null in C:\xampp\htdocs\pos\system\Database\MySQLi\Connection.php:327
Stack trace:
#0 C:\xampp\htdocs\pos\system\Database\MySQLi\Connection.php(327): mysqli->query('INSERT INTO `ve...', 0)
#1 C:\xampp\htdocs\pos\system\Database\BaseConnection.php(729): CodeIgniter\Database\MySQLi\Connection->execute('INSERT INTO `ve...')
#2 C:\xampp\htdocs\pos\system\Database\BaseConnection.php(646): CodeIgniter\Database\BaseConnection->simpleQuery('INSERT INTO `ve...')
#3 C:\xampp\htdocs\pos\system\Database\BaseBuilder.php(2345): CodeIgniter\Database\BaseConnection->query('INSERT INTO `ve...', Array, false)
#4 C:\xampp\htdocs\pos\system\Model.php(394): CodeIgniter\Database\BaseBuilder->insert()
#5 C:\xampp\htdocs\pos\system\BaseModel.php(838): CodeIgniter\Model->doInsert(Array)
#6 C:\xampp\htdocs\pos\system\Model.php(797): CodeIgniter\BaseModel->insert(Array, true)
#7 C:\xampp\htdocs\pos\app\Models\VentasModel.php(34): CodeIgniter\Model->insert(Array)
#8 C:\xampp\htdocs\pos\app\Controllers\Ventas.php(63): App\Models\VentasModel->insertaVenta(NULL, 112.08, '2', '1', '1', '001')
#9 C:\xampp\htdocs\pos\system\CodeIgniter.php(933): App\Controllers\Ventas->guarda()
#10 C:\xampp\htdocs\pos\system\CodeIgniter.php(507): CodeIgniter\CodeIgniter->runController(Object(App\Controllers\Ventas))
#11 C:\xampp\htdocs\pos\system\CodeIgniter.php(354): CodeIgniter\CodeIgniter->handleRequest(NULL, Object(Config\Cache), false)
#12 C:\xampp\htdocs\pos\system\Boot.php(363): CodeIgniter\CodeIgniter->run()
#13 C:\xampp\htdocs\pos\system\Boot.php(68): CodeIgniter\Boot::runCodeIgniter(Object(CodeIgniter\CodeIgniter))
#14 C:\xampp\htdocs\pos\public\index.php(59): CodeIgniter\Boot::bootWeb(Object(Config\Paths))
#15 {main}
CRITICAL - 2025-11-26 20:42:19 --> CodeIgniter\Database\Exceptions\DatabaseException: Column 'folio' cannot be null
[Method: POST, Route: ventas/guarda]
in SYSTEMPATH\Database\BaseConnection.php on line 684.
 1 SYSTEMPATH\Database\BaseBuilder.php(2345): CodeIgniter\Database\BaseConnection->query('INSERT INTO `ventas` (`folio`, `total`, `id_usuario`, `id_caja`, `id_cliente`, `forma_pago`, `fecha_alta`) VALUES (:folio:, :total:, :id_usuario:, :id_caja:, :id_cliente:, :forma_pago:, :fecha_alta:)', [...], false)
 2 SYSTEMPATH\Model.php(394): CodeIgniter\Database\BaseBuilder->insert()
 3 SYSTEMPATH\BaseModel.php(838): CodeIgniter\Model->doInsert([...])
 4 SYSTEMPATH\Model.php(797): CodeIgniter\BaseModel->insert([...], true)
 5 APPPATH\Models\VentasModel.php(34): CodeIgniter\Model->insert([...])
 6 APPPATH\Controllers\Ventas.php(63): App\Models\VentasModel->insertaVenta(null, 112.08, '2', '1', '1', '001')
 7 SYSTEMPATH\CodeIgniter.php(933): App\Controllers\Ventas->guarda()
 8 SYSTEMPATH\CodeIgniter.php(507): CodeIgniter\CodeIgniter->runController(Object(App\Controllers\Ventas))
 9 SYSTEMPATH\CodeIgniter.php(354): CodeIgniter\CodeIgniter->handleRequest(null, Object(Config\Cache), false)
10 SYSTEMPATH\Boot.php(363): CodeIgniter\CodeIgniter->run()
11 SYSTEMPATH\Boot.php(68): CodeIgniter\Boot::runCodeIgniter(Object(CodeIgniter\CodeIgniter))
12 FCPATH\index.php(59): CodeIgniter\Boot::bootWeb(Object(Config\Paths))
CRITICAL - 2025-11-26 20:42:19 --> [Caused by] CodeIgniter\Database\Exceptions\DatabaseException: Column 'folio' cannot be null
in SYSTEMPATH\Database\MySQLi\Connection.php on line 332.
 1 SYSTEMPATH\Database\BaseConnection.php(729): CodeIgniter\Database\MySQLi\Connection->execute('INSERT INTO `ventas` (`folio`, `total`, `id_usuario`, `id_caja`, `id_cliente`, `forma_pago`, `fecha_alta`) VALUES (NULL, 112.08, \'2\', \'1\', \'1\', \'001\', \'2025-11-26 20:42:19\')')
 2 SYSTEMPATH\Database\BaseConnection.php(646): CodeIgniter\Database\BaseConnection->simpleQuery('INSERT INTO `ventas` (`folio`, `total`, `id_usuario`, `id_caja`, `id_cliente`, `forma_pago`, `fecha_alta`) VALUES (NULL, 112.08, \'2\', \'1\', \'1\', \'001\', \'2025-11-26 20:42:19\')')
 3 SYSTEMPATH\Database\BaseBuilder.php(2345): CodeIgniter\Database\BaseConnection->query('INSERT INTO `ventas` (`folio`, `total`, `id_usuario`, `id_caja`, `id_cliente`, `forma_pago`, `fecha_alta`) VALUES (:folio:, :total:, :id_usuario:, :id_caja:, :id_cliente:, :forma_pago:, :fecha_alta:)', [...], false)
 4 SYSTEMPATH\Model.php(394): CodeIgniter\Database\BaseBuilder->insert()
 5 SYSTEMPATH\BaseModel.php(838): CodeIgniter\Model->doInsert([...])
 6 SYSTEMPATH\Model.php(797): CodeIgniter\BaseModel->insert([...], true)
 7 APPPATH\Models\VentasModel.php(34): CodeIgniter\Model->insert([...])
 8 APPPATH\Controllers\Ventas.php(63): App\Models\VentasModel->insertaVenta(null, 112.08, '2', '1', '1', '001')
 9 SYSTEMPATH\CodeIgniter.php(933): App\Controllers\Ventas->guarda()
10 SYSTEMPATH\CodeIgniter.php(507): CodeIgniter\CodeIgniter->runController(Object(App\Controllers\Ventas))
11 SYSTEMPATH\CodeIgniter.php(354): CodeIgniter\CodeIgniter->handleRequest(null, Object(Config\Cache), false)
12 SYSTEMPATH\Boot.php(363): CodeIgniter\CodeIgniter->run()
13 SYSTEMPATH\Boot.php(68): CodeIgniter\Boot::runCodeIgniter(Object(CodeIgniter\CodeIgniter))
14 FCPATH\index.php(59): CodeIgniter\Boot::bootWeb(Object(Config\Paths))
CRITICAL - 2025-11-26 20:42:19 --> [Caused by] mysqli_sql_exception: Column 'folio' cannot be null
in SYSTEMPATH\Database\MySQLi\Connection.php on line 327.
 1 SYSTEMPATH\Database\MySQLi\Connection.php(327): mysqli->query('INSERT INTO `ventas` (`folio`, `total`, `id_usuario`, `id_caja`, `id_cliente`, `forma_pago`, `fecha_alta`) VALUES (NULL, 112.08, \'2\', \'1\', \'1\', \'001\', \'2025-11-26 20:42:19\')', 0)
 2 SYSTEMPATH\Database\BaseConnection.php(729): CodeIgniter\Database\MySQLi\Connection->execute('INSERT INTO `ventas` (`folio`, `total`, `id_usuario`, `id_caja`, `id_cliente`, `forma_pago`, `fecha_alta`) VALUES (NULL, 112.08, \'2\', \'1\', \'1\', \'001\', \'2025-11-26 20:42:19\')')
 3 SYSTEMPATH\Database\BaseConnection.php(646): CodeIgniter\Database\BaseConnection->simpleQuery('INSERT INTO `ventas` (`folio`, `total`, `id_usuario`, `id_caja`, `id_cliente`, `forma_pago`, `fecha_alta`) VALUES (NULL, 112.08, \'2\', \'1\', \'1\', \'001\', \'2025-11-26 20:42:19\')')
 4 SYSTEMPATH\Database\BaseBuilder.php(2345): CodeIgniter\Database\BaseConnection->query('INSERT INTO `ventas` (`folio`, `total`, `id_usuario`, `id_caja`, `id_cliente`, `forma_pago`, `fecha_alta`) VALUES (:folio:, :total:, :id_usuario:, :id_caja:, :id_cliente:, :forma_pago:, :fecha_alta:)', [...], false)
 5 SYSTEMPATH\Model.php(394): CodeIgniter\Database\BaseBuilder->insert()
 6 SYSTEMPATH\BaseModel.php(838): CodeIgniter\Model->doInsert([...])
 7 SYSTEMPATH\Model.php(797): CodeIgniter\BaseModel->insert([...], true)
 8 APPPATH\Models\VentasModel.php(34): CodeIgniter\Model->insert([...])
 9 APPPATH\Controllers\Ventas.php(63): App\Models\VentasModel->insertaVenta(null, 112.08, '2', '1', '1', '001')
10 SYSTEMPATH\CodeIgniter.php(933): App\Controllers\Ventas->guarda()
11 SYSTEMPATH\CodeIgniter.php(507): CodeIgniter\CodeIgniter->runController(Object(App\Controllers\Ventas))
12 SYSTEMPATH\CodeIgniter.php(354): CodeIgniter\CodeIgniter->handleRequest(null, Object(Config\Cache), false)
13 SYSTEMPATH\Boot.php(363): CodeIgniter\CodeIgniter->run()
14 SYSTEMPATH\Boot.php(68): CodeIgniter\Boot::runCodeIgniter(Object(CodeIgniter\CodeIgniter))
15 FCPATH\index.php(59): CodeIgniter\Boot::bootWeb(Object(Config\Paths))
DEBUG - 2025-11-26 20:53:35 --> Session: Class initialized using 'CodeIgniter\Session\Handlers\FileHandler' driver.
ERROR - 2025-11-26 20:53:35 --> mysqli_sql_exception: Column 'folio' cannot be null in C:\xampp\htdocs\pos\system\Database\MySQLi\Connection.php:327
Stack trace:
#0 C:\xampp\htdocs\pos\system\Database\MySQLi\Connection.php(327): mysqli->query('INSERT INTO `ve...', 0)
#1 C:\xampp\htdocs\pos\system\Database\BaseConnection.php(729): CodeIgniter\Database\MySQLi\Connection->execute('INSERT INTO `ve...')
#2 C:\xampp\htdocs\pos\system\Database\BaseConnection.php(646): CodeIgniter\Database\BaseConnection->simpleQuery('INSERT INTO `ve...')
#3 C:\xampp\htdocs\pos\system\Database\BaseBuilder.php(2345): CodeIgniter\Database\BaseConnection->query('INSERT INTO `ve...', Array, false)
#4 C:\xampp\htdocs\pos\system\Model.php(394): CodeIgniter\Database\BaseBuilder->insert()
#5 C:\xampp\htdocs\pos\system\BaseModel.php(838): CodeIgniter\Model->doInsert(Array)
#6 C:\xampp\htdocs\pos\system\Model.php(797): CodeIgniter\BaseModel->insert(Array, true)
#7 C:\xampp\htdocs\pos\app\Models\VentasModel.php(34): CodeIgniter\Model->insert(Array)
#8 C:\xampp\htdocs\pos\app\Controllers\Ventas.php(63): App\Models\VentasModel->insertaVenta(NULL, 112.08, '2', '1', '1', '001')
#9 C:\xampp\htdocs\pos\system\CodeIgniter.php(933): App\Controllers\Ventas->guarda()
#10 C:\xampp\htdocs\pos\system\CodeIgniter.php(507): CodeIgniter\CodeIgniter->runController(Object(App\Controllers\Ventas))
#11 C:\xampp\htdocs\pos\system\CodeIgniter.php(354): CodeIgniter\CodeIgniter->handleRequest(NULL, Object(Config\Cache), false)
#12 C:\xampp\htdocs\pos\system\Boot.php(363): CodeIgniter\CodeIgniter->run()
#13 C:\xampp\htdocs\pos\system\Boot.php(68): CodeIgniter\Boot::runCodeIgniter(Object(CodeIgniter\CodeIgniter))
#14 C:\xampp\htdocs\pos\public\index.php(59): CodeIgniter\Boot::bootWeb(Object(Config\Paths))
#15 {main}
CRITICAL - 2025-11-26 20:53:35 --> CodeIgniter\Database\Exceptions\DatabaseException: Column 'folio' cannot be null
[Method: POST, Route: ventas/guarda]
in SYSTEMPATH\Database\BaseConnection.php on line 684.
 1 SYSTEMPATH\Database\BaseBuilder.php(2345): CodeIgniter\Database\BaseConnection->query('INSERT INTO `ventas` (`folio`, `total`, `id_usuario`, `id_caja`, `id_cliente`, `forma_pago`, `fecha_alta`) VALUES (:folio:, :total:, :id_usuario:, :id_caja:, :id_cliente:, :forma_pago:, :fecha_alta:)', [...], false)
 2 SYSTEMPATH\Model.php(394): CodeIgniter\Database\BaseBuilder->insert()
 3 SYSTEMPATH\BaseModel.php(838): CodeIgniter\Model->doInsert([...])
 4 SYSTEMPATH\Model.php(797): CodeIgniter\BaseModel->insert([...], true)
 5 APPPATH\Models\VentasModel.php(34): CodeIgniter\Model->insert([...])
 6 APPPATH\Controllers\Ventas.php(63): App\Models\VentasModel->insertaVenta(null, 112.08, '2', '1', '1', '001')
 7 SYSTEMPATH\CodeIgniter.php(933): App\Controllers\Ventas->guarda()
 8 SYSTEMPATH\CodeIgniter.php(507): CodeIgniter\CodeIgniter->runController(Object(App\Controllers\Ventas))
 9 SYSTEMPATH\CodeIgniter.php(354): CodeIgniter\CodeIgniter->handleRequest(null, Object(Config\Cache), false)
10 SYSTEMPATH\Boot.php(363): CodeIgniter\CodeIgniter->run()
11 SYSTEMPATH\Boot.php(68): CodeIgniter\Boot::runCodeIgniter(Object(CodeIgniter\CodeIgniter))
12 FCPATH\index.php(59): CodeIgniter\Boot::bootWeb(Object(Config\Paths))
CRITICAL - 2025-11-26 20:53:35 --> [Caused by] CodeIgniter\Database\Exceptions\DatabaseException: Column 'folio' cannot be null
in SYSTEMPATH\Database\MySQLi\Connection.php on line 332.
 1 SYSTEMPATH\Database\BaseConnection.php(729): CodeIgniter\Database\MySQLi\Connection->execute('INSERT INTO `ventas` (`folio`, `total`, `id_usuario`, `id_caja`, `id_cliente`, `forma_pago`, `fecha_alta`) VALUES (NULL, 112.08, \'2\', \'1\', \'1\', \'001\', \'2025-11-26 20:53:35\')')
 2 SYSTEMPATH\Database\BaseConnection.php(646): CodeIgniter\Database\BaseConnection->simpleQuery('INSERT INTO `ventas` (`folio`, `total`, `id_usuario`, `id_caja`, `id_cliente`, `forma_pago`, `fecha_alta`) VALUES (NULL, 112.08, \'2\', \'1\', \'1\', \'001\', \'2025-11-26 20:53:35\')')
 3 SYSTEMPATH\Database\BaseBuilder.php(2345): CodeIgniter\Database\BaseConnection->query('INSERT INTO `ventas` (`folio`, `total`, `id_usuario`, `id_caja`, `id_cliente`, `forma_pago`, `fecha_alta`) VALUES (:folio:, :total:, :id_usuario:, :id_caja:, :id_cliente:, :forma_pago:, :fecha_alta:)', [...], false)
 4 SYSTEMPATH\Model.php(394): CodeIgniter\Database\BaseBuilder->insert()
 5 SYSTEMPATH\BaseModel.php(838): CodeIgniter\Model->doInsert([...])
 6 SYSTEMPATH\Model.php(797): CodeIgniter\BaseModel->insert([...], true)
 7 APPPATH\Models\VentasModel.php(34): CodeIgniter\Model->insert([...])
 8 APPPATH\Controllers\Ventas.php(63): App\Models\VentasModel->insertaVenta(null, 112.08, '2', '1', '1', '001')
 9 SYSTEMPATH\CodeIgniter.php(933): App\Controllers\Ventas->guarda()
10 SYSTEMPATH\CodeIgniter.php(507): CodeIgniter\CodeIgniter->runController(Object(App\Controllers\Ventas))
11 SYSTEMPATH\CodeIgniter.php(354): CodeIgniter\CodeIgniter->handleRequest(null, Object(Config\Cache), false)
12 SYSTEMPATH\Boot.php(363): CodeIgniter\CodeIgniter->run()
13 SYSTEMPATH\Boot.php(68): CodeIgniter\Boot::runCodeIgniter(Object(CodeIgniter\CodeIgniter))
14 FCPATH\index.php(59): CodeIgniter\Boot::bootWeb(Object(Config\Paths))
CRITICAL - 2025-11-26 20:53:35 --> [Caused by] mysqli_sql_exception: Column 'folio' cannot be null
in SYSTEMPATH\Database\MySQLi\Connection.php on line 327.
 1 SYSTEMPATH\Database\MySQLi\Connection.php(327): mysqli->query('INSERT INTO `ventas` (`folio`, `total`, `id_usuario`, `id_caja`, `id_cliente`, `forma_pago`, `fecha_alta`) VALUES (NULL, 112.08, \'2\', \'1\', \'1\', \'001\', \'2025-11-26 20:53:35\')', 0)
 2 SYSTEMPATH\Database\BaseConnection.php(729): CodeIgniter\Database\MySQLi\Connection->execute('INSERT INTO `ventas` (`folio`, `total`, `id_usuario`, `id_caja`, `id_cliente`, `forma_pago`, `fecha_alta`) VALUES (NULL, 112.08, \'2\', \'1\', \'1\', \'001\', \'2025-11-26 20:53:35\')')
 3 SYSTEMPATH\Database\BaseConnection.php(646): CodeIgniter\Database\BaseConnection->simpleQuery('INSERT INTO `ventas` (`folio`, `total`, `id_usuario`, `id_caja`, `id_cliente`, `forma_pago`, `fecha_alta`) VALUES (NULL, 112.08, \'2\', \'1\', \'1\', \'001\', \'2025-11-26 20:53:35\')')
 4 SYSTEMPATH\Database\BaseBuilder.php(2345): CodeIgniter\Database\BaseConnection->query('INSERT INTO `ventas` (`folio`, `total`, `id_usuario`, `id_caja`, `id_cliente`, `forma_pago`, `fecha_alta`) VALUES (:folio:, :total:, :id_usuario:, :id_caja:, :id_cliente:, :forma_pago:, :fecha_alta:)', [...], false)
 5 SYSTEMPATH\Model.php(394): CodeIgniter\Database\BaseBuilder->insert()
 6 SYSTEMPATH\BaseModel.php(838): CodeIgniter\Model->doInsert([...])
 7 SYSTEMPATH\Model.php(797): CodeIgniter\BaseModel->insert([...], true)
 8 APPPATH\Models\VentasModel.php(34): CodeIgniter\Model->insert([...])
 9 APPPATH\Controllers\Ventas.php(63): App\Models\VentasModel->insertaVenta(null, 112.08, '2', '1', '1', '001')
10 SYSTEMPATH\CodeIgniter.php(933): App\Controllers\Ventas->guarda()
11 SYSTEMPATH\CodeIgniter.php(507): CodeIgniter\CodeIgniter->runController(Object(App\Controllers\Ventas))
12 SYSTEMPATH\CodeIgniter.php(354): CodeIgniter\CodeIgniter->handleRequest(null, Object(Config\Cache), false)
13 SYSTEMPATH\Boot.php(363): CodeIgniter\CodeIgniter->run()
14 SYSTEMPATH\Boot.php(68): CodeIgniter\Boot::runCodeIgniter(Object(CodeIgniter\CodeIgniter))
15 FCPATH\index.php(59): CodeIgniter\Boot::bootWeb(Object(Config\Paths))
DEBUG - 2025-11-26 20:53:42 --> Session: Class initialized using 'CodeIgniter\Session\Handlers\FileHandler' driver.
DEBUG - 2025-11-26 20:53:44 --> Session: Class initialized using 'CodeIgniter\Session\Handlers\FileHandler' driver.
DEBUG - 2025-11-26 20:53:51 --> Session: Class initialized using 'CodeIgniter\Session\Handlers\FileHandler' driver.
CRITICAL - 2025-11-26 20:53:51 --> Error: Call to a member function porCompra() on null
[Method: POST, Route: ventas/guarda]
in APPPATH\Controllers\Ventas.php on line 74.
 1 SYSTEMPATH\CodeIgniter.php(933): App\Controllers\Ventas->guarda()
 2 SYSTEMPATH\CodeIgniter.php(507): CodeIgniter\CodeIgniter->runController(Object(App\Controllers\Ventas))
 3 SYSTEMPATH\CodeIgniter.php(354): CodeIgniter\CodeIgniter->handleRequest(null, Object(Config\Cache), false)
 4 SYSTEMPATH\Boot.php(363): CodeIgniter\CodeIgniter->run()
 5 SYSTEMPATH\Boot.php(68): CodeIgniter\Boot::runCodeIgniter(Object(CodeIgniter\CodeIgniter))
 6 FCPATH\index.php(59): CodeIgniter\Boot::bootWeb(Object(Config\Paths))
DEBUG - 2025-11-26 20:56:49 --> Session: Class initialized using 'CodeIgniter\Session\Handlers\FileHandler' driver.
CRITICAL - 2025-11-26 20:56:49 --> Error: Call to a member function porCompra() on null
[Method: POST, Route: ventas/guarda]
in APPPATH\Controllers\Ventas.php on line 73.
 1 SYSTEMPATH\CodeIgniter.php(933): App\Controllers\Ventas->guarda()
 2 SYSTEMPATH\CodeIgniter.php(507): CodeIgniter\CodeIgniter->runController(Object(App\Controllers\Ventas))
 3 SYSTEMPATH\CodeIgniter.php(354): CodeIgniter\CodeIgniter->handleRequest(null, Object(Config\Cache), false)
 4 SYSTEMPATH\Boot.php(363): CodeIgniter\CodeIgniter->run()
 5 SYSTEMPATH\Boot.php(68): CodeIgniter\Boot::runCodeIgniter(Object(CodeIgniter\CodeIgniter))
 6 FCPATH\index.php(59): CodeIgniter\Boot::bootWeb(Object(Config\Paths))
DEBUG - 2025-11-26 20:58:10 --> Session: Class initialized using 'CodeIgniter\Session\Handlers\FileHandler' driver.
DEBUG - 2025-11-26 20:59:53 --> Session: Class initialized using 'CodeIgniter\Session\Handlers\FileHandler' driver.
DEBUG - 2025-11-26 20:59:57 --> Session: Class initialized using 'CodeIgniter\Session\Handlers\FileHandler' driver.
DEBUG - 2025-11-26 21:00:01 --> Session: Class initialized using 'CodeIgniter\Session\Handlers\FileHandler' driver.
DEBUG - 2025-11-26 21:00:23 --> Session: Class initialized using 'CodeIgniter\Session\Handlers\FileHandler' driver.
DEBUG - 2025-11-26 21:00:37 --> Session: Class initialized using 'CodeIgniter\Session\Handlers\FileHandler' driver.
DEBUG - 2025-11-26 21:00:40 --> Session: Class initialized using 'CodeIgniter\Session\Handlers\FileHandler' driver.
DEBUG - 2025-11-26 21:01:48 --> Session: Class initialized using 'CodeIgniter\Session\Handlers\FileHandler' driver.
DEBUG - 2025-11-26 21:01:51 --> Session: Class initialized using 'CodeIgniter\Session\Handlers\FileHandler' driver.
DEBUG - 2025-11-26 21:02:20 --> Session: Class initialized using 'CodeIgniter\Session\Handlers\FileHandler' driver.
DEBUG - 2025-11-26 21:02:22 --> Session: Class initialized using 'CodeIgniter\Session\Handlers\FileHandler' driver.
DEBUG - 2025-11-26 21:03:20 --> Session: Class initialized using 'CodeIgniter\Session\Handlers\FileHandler' driver.
DEBUG - 2025-11-26 21:08:30 --> Session: Class initialized using 'CodeIgniter\Session\Handlers\FileHandler' driver.
DEBUG - 2025-11-26 21:08:42 --> Session: Class initialized using 'CodeIgniter\Session\Handlers\FileHandler' driver.
DEBUG - 2025-11-26 21:08:52 --> Session: Class initialized using 'CodeIgniter\Session\Handlers\FileHandler' driver.
DEBUG - 2025-11-26 21:08:59 --> Session: Class initialized using 'CodeIgniter\Session\Handlers\FileHandler' driver.
DEBUG - 2025-11-26 21:11:50 --> Session: Class initialized using 'CodeIgniter\Session\Handlers\FileHandler' driver.
DEBUG - 2025-11-26 21:12:18 --> Session: Class initialized using 'CodeIgniter\Session\Handlers\FileHandler' driver.
DEBUG - 2025-11-26 21:16:47 --> Session: Class initialized using 'CodeIgniter\Session\Handlers\FileHandler' driver.
DEBUG - 2025-11-26 21:16:49 --> Session: Class initialized using 'CodeIgniter\Session\Handlers\FileHandler' driver.
DEBUG - 2025-11-26 21:21:41 --> Session: Class initialized using 'CodeIgniter\Session\Handlers\FileHandler' driver.
DEBUG - 2025-11-26 21:24:13 --> Session: Class initialized using 'CodeIgniter\Session\Handlers\FileHandler' driver.
DEBUG - 2025-11-26 21:24:45 --> Session: Class initialized using 'CodeIgniter\Session\Handlers\FileHandler' driver.
DEBUG - 2025-11-26 21:25:44 --> Session: Class initialized using 'CodeIgniter\Session\Handlers\FileHandler' driver.
DEBUG - 2025-11-26 21:26:08 --> Session: Class initialized using 'CodeIgniter\Session\Handlers\FileHandler' driver.
DEBUG - 2025-11-26 21:27:47 --> Session: Class initialized using 'CodeIgniter\Session\Handlers\FileHandler' driver.
DEBUG - 2025-11-26 21:28:26 --> Session: Class initialized using 'CodeIgniter\Session\Handlers\FileHandler' driver.
DEBUG - 2025-11-26 21:29:05 --> Session: Class initialized using 'CodeIgniter\Session\Handlers\FileHandler' driver.
DEBUG - 2025-11-26 21:45:24 --> Session: Class initialized using 'CodeIgniter\Session\Handlers\FileHandler' driver.
DEBUG - 2025-11-26 21:50:14 --> Session: Class initialized using 'CodeIgniter\Session\Handlers\FileHandler' driver.
DEBUG - 2025-11-26 22:01:41 --> Session: Class initialized using 'CodeIgniter\Session\Handlers\FileHandler' driver.
CRITICAL - 2025-11-26 22:01:41 --> Error: Call to a member function select() on null
[Method: GET, Route: ventas/generar-ticket-pdf/7]
in APPPATH\Controllers\Ventas.php on line 108.
 1 SYSTEMPATH\CodeIgniter.php(933): App\Controllers\Ventas->generarTicketPdf('7')
 2 SYSTEMPATH\CodeIgniter.php(507): CodeIgniter\CodeIgniter->runController(Object(App\Controllers\Ventas))
 3 SYSTEMPATH\CodeIgniter.php(354): CodeIgniter\CodeIgniter->handleRequest(null, Object(Config\Cache), false)
 4 SYSTEMPATH\Boot.php(363): CodeIgniter\CodeIgniter->run()
 5 SYSTEMPATH\Boot.php(68): CodeIgniter\Boot::runCodeIgniter(Object(CodeIgniter\CodeIgniter))
 6 FCPATH\index.php(59): CodeIgniter\Boot::bootWeb(Object(Config\Paths))
DEBUG - 2025-11-26 22:01:51 --> Session: Class initialized using 'CodeIgniter\Session\Handlers\FileHandler' driver.
CRITICAL - 2025-11-26 22:01:51 --> Error: Call to a member function select() on null
[Method: GET, Route: ventas/generar-ticket-pdf/7]
in APPPATH\Controllers\Ventas.php on line 108.
 1 SYSTEMPATH\CodeIgniter.php(933): App\Controllers\Ventas->generarTicketPdf('7')
 2 SYSTEMPATH\CodeIgniter.php(507): CodeIgniter\CodeIgniter->runController(Object(App\Controllers\Ventas))
 3 SYSTEMPATH\CodeIgniter.php(354): CodeIgniter\CodeIgniter->handleRequest(null, Object(Config\Cache), false)
 4 SYSTEMPATH\Boot.php(363): CodeIgniter\CodeIgniter->run()
 5 SYSTEMPATH\Boot.php(68): CodeIgniter\Boot::runCodeIgniter(Object(CodeIgniter\CodeIgniter))
 6 FCPATH\index.php(59): CodeIgniter\Boot::bootWeb(Object(Config\Paths))
DEBUG - 2025-11-26 22:01:53 --> Session: Class initialized using 'CodeIgniter\Session\Handlers\FileHandler' driver.
CRITICAL - 2025-11-26 22:01:54 --> Error: Call to a member function select() on null
[Method: GET, Route: ventas/generar-ticket-pdf/7]
in APPPATH\Controllers\Ventas.php on line 108.
 1 SYSTEMPATH\CodeIgniter.php(933): App\Controllers\Ventas->generarTicketPdf('7')
 2 SYSTEMPATH\CodeIgniter.php(507): CodeIgniter\CodeIgniter->runController(Object(App\Controllers\Ventas))
 3 SYSTEMPATH\CodeIgniter.php(354): CodeIgniter\CodeIgniter->handleRequest(null, Object(Config\Cache), false)
 4 SYSTEMPATH\Boot.php(363): CodeIgniter\CodeIgniter->run()
 5 SYSTEMPATH\Boot.php(68): CodeIgniter\Boot::runCodeIgniter(Object(CodeIgniter\CodeIgniter))
 6 FCPATH\index.php(59): CodeIgniter\Boot::bootWeb(Object(Config\Paths))
DEBUG - 2025-11-26 22:02:42 --> Session: Class initialized using 'CodeIgniter\Session\Handlers\FileHandler' driver.
WARNING - 2025-11-26 22:02:42 --> [DEPRECATED] Function utf8_decode() is deprecated in APPPATH\Controllers\Ventas.php on line 128.
 1 SYSTEMPATH\CodeIgniter.php(933): App\Controllers\Ventas->generarTicketPdf('7')
 2 SYSTEMPATH\CodeIgniter.php(507): CodeIgniter\CodeIgniter->runController(Object(App\Controllers\Ventas))
 3 SYSTEMPATH\CodeIgniter.php(354): CodeIgniter\CodeIgniter->handleRequest(null, Object(Config\Cache), false)
 4 SYSTEMPATH\Boot.php(363): CodeIgniter\CodeIgniter->run()
 5 SYSTEMPATH\Boot.php(68): CodeIgniter\Boot::runCodeIgniter(Object(CodeIgniter\CodeIgniter))
 6 FCPATH\index.php(59): CodeIgniter\Boot::bootWeb(Object(Config\Paths))
WARNING - 2025-11-26 22:02:42 --> [DEPRECATED] Function utf8_decode() is deprecated in APPPATH\Controllers\Ventas.php on line 132.
 1 SYSTEMPATH\CodeIgniter.php(933): App\Controllers\Ventas->generarTicketPdf('7')
 2 SYSTEMPATH\CodeIgniter.php(507): CodeIgniter\CodeIgniter->runController(Object(App\Controllers\Ventas))
 3 SYSTEMPATH\CodeIgniter.php(354): CodeIgniter\CodeIgniter->handleRequest(null, Object(Config\Cache), false)
 4 SYSTEMPATH\Boot.php(363): CodeIgniter\CodeIgniter->run()
 5 SYSTEMPATH\Boot.php(68): CodeIgniter\Boot::runCodeIgniter(Object(CodeIgniter\CodeIgniter))
 6 FCPATH\index.php(59): CodeIgniter\Boot::bootWeb(Object(Config\Paths))
DEBUG - 2025-11-26 22:06:57 --> Session: Class initialized using 'CodeIgniter\Session\Handlers\FileHandler' driver.
WARNING - 2025-11-26 22:06:57 --> [DEPRECATED] Function utf8_decode() is deprecated in APPPATH\Controllers\Ventas.php on line 130.
 1 SYSTEMPATH\CodeIgniter.php(933): App\Controllers\Ventas->generarTicketPdf('7')
 2 SYSTEMPATH\CodeIgniter.php(507): CodeIgniter\CodeIgniter->runController(Object(App\Controllers\Ventas))
 3 SYSTEMPATH\CodeIgniter.php(354): CodeIgniter\CodeIgniter->handleRequest(null, Object(Config\Cache), false)
 4 SYSTEMPATH\Boot.php(363): CodeIgniter\CodeIgniter->run()
 5 SYSTEMPATH\Boot.php(68): CodeIgniter\Boot::runCodeIgniter(Object(CodeIgniter\CodeIgniter))
 6 FCPATH\index.php(59): CodeIgniter\Boot::bootWeb(Object(Config\Paths))
DEBUG - 2025-11-26 22:07:12 --> Session: Class initialized using 'CodeIgniter\Session\Handlers\FileHandler' driver.
WARNING - 2025-11-26 22:07:12 --> [DEPRECATED] Function utf8_decode() is deprecated in APPPATH\Controllers\Ventas.php on line 130.
 1 SYSTEMPATH\CodeIgniter.php(933): App\Controllers\Ventas->generarTicketPdf('7')
 2 SYSTEMPATH\CodeIgniter.php(507): CodeIgniter\CodeIgniter->runController(Object(App\Controllers\Ventas))
 3 SYSTEMPATH\CodeIgniter.php(354): CodeIgniter\CodeIgniter->handleRequest(null, Object(Config\Cache), false)
 4 SYSTEMPATH\Boot.php(363): CodeIgniter\CodeIgniter->run()
 5 SYSTEMPATH\Boot.php(68): CodeIgniter\Boot::runCodeIgniter(Object(CodeIgniter\CodeIgniter))
 6 FCPATH\index.php(59): CodeIgniter\Boot::bootWeb(Object(Config\Paths))
DEBUG - 2025-11-26 22:07:24 --> Session: Class initialized using 'CodeIgniter\Session\Handlers\FileHandler' driver.
WARNING - 2025-11-26 22:07:24 --> [DEPRECATED] Function utf8_decode() is deprecated in APPPATH\Controllers\Ventas.php on line 130.
 1 SYSTEMPATH\CodeIgniter.php(933): App\Controllers\Ventas->generarTicketPdf('7')
 2 SYSTEMPATH\CodeIgniter.php(507): CodeIgniter\CodeIgniter->runController(Object(App\Controllers\Ventas))
 3 SYSTEMPATH\CodeIgniter.php(354): CodeIgniter\CodeIgniter->handleRequest(null, Object(Config\Cache), false)
 4 SYSTEMPATH\Boot.php(363): CodeIgniter\CodeIgniter->run()
 5 SYSTEMPATH\Boot.php(68): CodeIgniter\Boot::runCodeIgniter(Object(CodeIgniter\CodeIgniter))
 6 FCPATH\index.php(59): CodeIgniter\Boot::bootWeb(Object(Config\Paths))
DEBUG - 2025-11-26 22:07:57 --> Session: Class initialized using 'CodeIgniter\Session\Handlers\FileHandler' driver.
WARNING - 2025-11-26 22:07:57 --> [DEPRECATED] Function utf8_decode() is deprecated in APPPATH\Controllers\Ventas.php on line 130.
 1 SYSTEMPATH\CodeIgniter.php(933): App\Controllers\Ventas->generarTicketPdf('7')
 2 SYSTEMPATH\CodeIgniter.php(507): CodeIgniter\CodeIgniter->runController(Object(App\Controllers\Ventas))
 3 SYSTEMPATH\CodeIgniter.php(354): CodeIgniter\CodeIgniter->handleRequest(null, Object(Config\Cache), false)
 4 SYSTEMPATH\Boot.php(363): CodeIgniter\CodeIgniter->run()
 5 SYSTEMPATH\Boot.php(68): CodeIgniter\Boot::runCodeIgniter(Object(CodeIgniter\CodeIgniter))
 6 FCPATH\index.php(59): CodeIgniter\Boot::bootWeb(Object(Config\Paths))
DEBUG - 2025-11-26 22:11:07 --> Session: Class initialized using 'CodeIgniter\Session\Handlers\FileHandler' driver.
WARNING - 2025-11-26 22:11:07 --> [DEPRECATED] Function utf8_decode() is deprecated in APPPATH\Controllers\Ventas.php on line 130.
 1 SYSTEMPATH\CodeIgniter.php(933): App\Controllers\Ventas->generarTicketPdf('7')
 2 SYSTEMPATH\CodeIgniter.php(507): CodeIgniter\CodeIgniter->runController(Object(App\Controllers\Ventas))
 3 SYSTEMPATH\CodeIgniter.php(354): CodeIgniter\CodeIgniter->handleRequest(null, Object(Config\Cache), false)
 4 SYSTEMPATH\Boot.php(363): CodeIgniter\CodeIgniter->run()
 5 SYSTEMPATH\Boot.php(68): CodeIgniter\Boot::runCodeIgniter(Object(CodeIgniter\CodeIgniter))
 6 FCPATH\index.php(59): CodeIgniter\Boot::bootWeb(Object(Config\Paths))
WARNING - 2025-11-26 22:11:07 --> [DEPRECATED] Function utf8_decode() is deprecated in APPPATH\Controllers\Ventas.php on line 135.
 1 SYSTEMPATH\CodeIgniter.php(933): App\Controllers\Ventas->generarTicketPdf('7')
 2 SYSTEMPATH\CodeIgniter.php(507): CodeIgniter\CodeIgniter->runController(Object(App\Controllers\Ventas))
 3 SYSTEMPATH\CodeIgniter.php(354): CodeIgniter\CodeIgniter->handleRequest(null, Object(Config\Cache), false)
 4 SYSTEMPATH\Boot.php(363): CodeIgniter\CodeIgniter->run()
 5 SYSTEMPATH\Boot.php(68): CodeIgniter\Boot::runCodeIgniter(Object(CodeIgniter\CodeIgniter))
 6 FCPATH\index.php(59): CodeIgniter\Boot::bootWeb(Object(Config\Paths))
DEBUG - 2025-11-26 22:15:22 --> Session: Class initialized using 'CodeIgniter\Session\Handlers\FileHandler' driver.
WARNING - 2025-11-26 22:15:22 --> [DEPRECATED] Function utf8_decode() is deprecated in APPPATH\Controllers\Ventas.php on line 130.
 1 SYSTEMPATH\CodeIgniter.php(933): App\Controllers\Ventas->generarTicketPdf('7')
 2 SYSTEMPATH\CodeIgniter.php(507): CodeIgniter\CodeIgniter->runController(Object(App\Controllers\Ventas))
 3 SYSTEMPATH\CodeIgniter.php(354): CodeIgniter\CodeIgniter->handleRequest(null, Object(Config\Cache), false)
 4 SYSTEMPATH\Boot.php(363): CodeIgniter\CodeIgniter->run()
 5 SYSTEMPATH\Boot.php(68): CodeIgniter\Boot::runCodeIgniter(Object(CodeIgniter\CodeIgniter))
 6 FCPATH\index.php(59): CodeIgniter\Boot::bootWeb(Object(Config\Paths))
WARNING - 2025-11-26 22:15:22 --> [DEPRECATED] Function utf8_decode() is deprecated in APPPATH\Controllers\Ventas.php on line 135.
 1 SYSTEMPATH\CodeIgniter.php(933): App\Controllers\Ventas->generarTicketPdf('7')
 2 SYSTEMPATH\CodeIgniter.php(507): CodeIgniter\CodeIgniter->runController(Object(App\Controllers\Ventas))
 3 SYSTEMPATH\CodeIgniter.php(354): CodeIgniter\CodeIgniter->handleRequest(null, Object(Config\Cache), false)
 4 SYSTEMPATH\Boot.php(363): CodeIgniter\CodeIgniter->run()
 5 SYSTEMPATH\Boot.php(68): CodeIgniter\Boot::runCodeIgniter(Object(CodeIgniter\CodeIgniter))
 6 FCPATH\index.php(59): CodeIgniter\Boot::bootWeb(Object(Config\Paths))
DEBUG - 2025-11-26 22:15:52 --> Session: Class initialized using 'CodeIgniter\Session\Handlers\FileHandler' driver.
WARNING - 2025-11-26 22:15:52 --> [DEPRECATED] Function utf8_decode() is deprecated in APPPATH\Controllers\Ventas.php on line 130.
 1 SYSTEMPATH\CodeIgniter.php(933): App\Controllers\Ventas->generarTicketPdf('7')
 2 SYSTEMPATH\CodeIgniter.php(507): CodeIgniter\CodeIgniter->runController(Object(App\Controllers\Ventas))
 3 SYSTEMPATH\CodeIgniter.php(354): CodeIgniter\CodeIgniter->handleRequest(null, Object(Config\Cache), false)
 4 SYSTEMPATH\Boot.php(363): CodeIgniter\CodeIgniter->run()
 5 SYSTEMPATH\Boot.php(68): CodeIgniter\Boot::runCodeIgniter(Object(CodeIgniter\CodeIgniter))
 6 FCPATH\index.php(59): CodeIgniter\Boot::bootWeb(Object(Config\Paths))
WARNING - 2025-11-26 22:15:52 --> [DEPRECATED] Function utf8_decode() is deprecated in APPPATH\Controllers\Ventas.php on line 135.
 1 SYSTEMPATH\CodeIgniter.php(933): App\Controllers\Ventas->generarTicketPdf('7')
 2 SYSTEMPATH\CodeIgniter.php(507): CodeIgniter\CodeIgniter->runController(Object(App\Controllers\Ventas))
 3 SYSTEMPATH\CodeIgniter.php(354): CodeIgniter\CodeIgniter->handleRequest(null, Object(Config\Cache), false)
 4 SYSTEMPATH\Boot.php(363): CodeIgniter\CodeIgniter->run()
 5 SYSTEMPATH\Boot.php(68): CodeIgniter\Boot::runCodeIgniter(Object(CodeIgniter\CodeIgniter))
 6 FCPATH\index.php(59): CodeIgniter\Boot::bootWeb(Object(Config\Paths))
DEBUG - 2025-11-26 22:19:42 --> Session: Class initialized using 'CodeIgniter\Session\Handlers\FileHandler' driver.
WARNING - 2025-11-26 22:19:43 --> [DEPRECATED] Function utf8_decode() is deprecated in APPPATH\Controllers\Ventas.php on line 130.
 1 SYSTEMPATH\CodeIgniter.php(933): App\Controllers\Ventas->generarTicketPdf('7')
 2 SYSTEMPATH\CodeIgniter.php(507): CodeIgniter\CodeIgniter->runController(Object(App\Controllers\Ventas))
 3 SYSTEMPATH\CodeIgniter.php(354): CodeIgniter\CodeIgniter->handleRequest(null, Object(Config\Cache), false)
 4 SYSTEMPATH\Boot.php(363): CodeIgniter\CodeIgniter->run()
 5 SYSTEMPATH\Boot.php(68): CodeIgniter\Boot::runCodeIgniter(Object(CodeIgniter\CodeIgniter))
 6 FCPATH\index.php(59): CodeIgniter\Boot::bootWeb(Object(Config\Paths))
WARNING - 2025-11-26 22:19:43 --> [DEPRECATED] Function utf8_decode() is deprecated in APPPATH\Controllers\Ventas.php on line 135.
 1 SYSTEMPATH\CodeIgniter.php(933): App\Controllers\Ventas->generarTicketPdf('7')
 2 SYSTEMPATH\CodeIgniter.php(507): CodeIgniter\CodeIgniter->runController(Object(App\Controllers\Ventas))
 3 SYSTEMPATH\CodeIgniter.php(354): CodeIgniter\CodeIgniter->handleRequest(null, Object(Config\Cache), false)
 4 SYSTEMPATH\Boot.php(363): CodeIgniter\CodeIgniter->run()
 5 SYSTEMPATH\Boot.php(68): CodeIgniter\Boot::runCodeIgniter(Object(CodeIgniter\CodeIgniter))
 6 FCPATH\index.php(59): CodeIgniter\Boot::bootWeb(Object(Config\Paths))
DEBUG - 2025-11-26 22:22:15 --> Session: Class initialized using 'CodeIgniter\Session\Handlers\FileHandler' driver.
WARNING - 2025-11-26 22:22:16 --> [DEPRECATED] Function utf8_decode() is deprecated in APPPATH\Controllers\Ventas.php on line 130.
 1 SYSTEMPATH\CodeIgniter.php(933): App\Controllers\Ventas->generarTicketPdf('7')
 2 SYSTEMPATH\CodeIgniter.php(507): CodeIgniter\CodeIgniter->runController(Object(App\Controllers\Ventas))
 3 SYSTEMPATH\CodeIgniter.php(354): CodeIgniter\CodeIgniter->handleRequest(null, Object(Config\Cache), false)
 4 SYSTEMPATH\Boot.php(363): CodeIgniter\CodeIgniter->run()
 5 SYSTEMPATH\Boot.php(68): CodeIgniter\Boot::runCodeIgniter(Object(CodeIgniter\CodeIgniter))
 6 FCPATH\index.php(59): CodeIgniter\Boot::bootWeb(Object(Config\Paths))
WARNING - 2025-11-26 22:22:16 --> [DEPRECATED] Function utf8_decode() is deprecated in APPPATH\Controllers\Ventas.php on line 135.
 1 SYSTEMPATH\CodeIgniter.php(933): App\Controllers\Ventas->generarTicketPdf('7')
 2 SYSTEMPATH\CodeIgniter.php(507): CodeIgniter\CodeIgniter->runController(Object(App\Controllers\Ventas))
 3 SYSTEMPATH\CodeIgniter.php(354): CodeIgniter\CodeIgniter->handleRequest(null, Object(Config\Cache), false)
 4 SYSTEMPATH\Boot.php(363): CodeIgniter\CodeIgniter->run()
 5 SYSTEMPATH\Boot.php(68): CodeIgniter\Boot::runCodeIgniter(Object(CodeIgniter\CodeIgniter))
 6 FCPATH\index.php(59): CodeIgniter\Boot::bootWeb(Object(Config\Paths))
DEBUG - 2025-11-26 22:23:02 --> Session: Class initialized using 'CodeIgniter\Session\Handlers\FileHandler' driver.
WARNING - 2025-11-26 22:23:02 --> [DEPRECATED] Function utf8_decode() is deprecated in APPPATH\Controllers\Ventas.php on line 130.
 1 SYSTEMPATH\CodeIgniter.php(933): App\Controllers\Ventas->generarTicketPdf('7')
 2 SYSTEMPATH\CodeIgniter.php(507): CodeIgniter\CodeIgniter->runController(Object(App\Controllers\Ventas))
 3 SYSTEMPATH\CodeIgniter.php(354): CodeIgniter\CodeIgniter->handleRequest(null, Object(Config\Cache), false)
 4 SYSTEMPATH\Boot.php(363): CodeIgniter\CodeIgniter->run()
 5 SYSTEMPATH\Boot.php(68): CodeIgniter\Boot::runCodeIgniter(Object(CodeIgniter\CodeIgniter))
 6 FCPATH\index.php(59): CodeIgniter\Boot::bootWeb(Object(Config\Paths))
WARNING - 2025-11-26 22:23:02 --> [DEPRECATED] Function utf8_decode() is deprecated in APPPATH\Controllers\Ventas.php on line 135.
 1 SYSTEMPATH\CodeIgniter.php(933): App\Controllers\Ventas->generarTicketPdf('7')
 2 SYSTEMPATH\CodeIgniter.php(507): CodeIgniter\CodeIgniter->runController(Object(App\Controllers\Ventas))
 3 SYSTEMPATH\CodeIgniter.php(354): CodeIgniter\CodeIgniter->handleRequest(null, Object(Config\Cache), false)
 4 SYSTEMPATH\Boot.php(363): CodeIgniter\CodeIgniter->run()
 5 SYSTEMPATH\Boot.php(68): CodeIgniter\Boot::runCodeIgniter(Object(CodeIgniter\CodeIgniter))
 6 FCPATH\index.php(59): CodeIgniter\Boot::bootWeb(Object(Config\Paths))
DEBUG - 2025-11-26 22:24:14 --> Session: Class initialized using 'CodeIgniter\Session\Handlers\FileHandler' driver.
DEBUG - 2025-11-26 22:25:11 --> Session: Class initialized using 'CodeIgniter\Session\Handlers\FileHandler' driver.
DEBUG - 2025-11-26 22:25:12 --> Session: Class initialized using 'CodeIgniter\Session\Handlers\FileHandler' driver.
WARNING - 2025-11-26 22:25:12 --> [DEPRECATED] Function utf8_decode() is deprecated in APPPATH\Controllers\Ventas.php on line 130.
 1 SYSTEMPATH\CodeIgniter.php(933): App\Controllers\Ventas->generarTicketPdf('8')
 2 SYSTEMPATH\CodeIgniter.php(507): CodeIgniter\CodeIgniter->runController(Object(App\Controllers\Ventas))
 3 SYSTEMPATH\CodeIgniter.php(354): CodeIgniter\CodeIgniter->handleRequest(null, Object(Config\Cache), false)
 4 SYSTEMPATH\Boot.php(363): CodeIgniter\CodeIgniter->run()
 5 SYSTEMPATH\Boot.php(68): CodeIgniter\Boot::runCodeIgniter(Object(CodeIgniter\CodeIgniter))
 6 FCPATH\index.php(59): CodeIgniter\Boot::bootWeb(Object(Config\Paths))
WARNING - 2025-11-26 22:25:12 --> [DEPRECATED] Function utf8_decode() is deprecated in APPPATH\Controllers\Ventas.php on line 135.
 1 SYSTEMPATH\CodeIgniter.php(933): App\Controllers\Ventas->generarTicketPdf('8')
 2 SYSTEMPATH\CodeIgniter.php(507): CodeIgniter\CodeIgniter->runController(Object(App\Controllers\Ventas))
 3 SYSTEMPATH\CodeIgniter.php(354): CodeIgniter\CodeIgniter->handleRequest(null, Object(Config\Cache), false)
 4 SYSTEMPATH\Boot.php(363): CodeIgniter\CodeIgniter->run()
 5 SYSTEMPATH\Boot.php(68): CodeIgniter\Boot::runCodeIgniter(Object(CodeIgniter\CodeIgniter))
 6 FCPATH\index.php(59): CodeIgniter\Boot::bootWeb(Object(Config\Paths))
DEBUG - 2025-11-26 22:29:59 --> Session: Class initialized using 'CodeIgniter\Session\Handlers\FileHandler' driver.
WARNING - 2025-11-26 22:29:59 --> [DEPRECATED] Function utf8_decode() is deprecated in APPPATH\Controllers\Ventas.php on line 134.
 1 SYSTEMPATH\CodeIgniter.php(933): App\Controllers\Ventas->generarTicketPdf('8')
 2 SYSTEMPATH\CodeIgniter.php(507): CodeIgniter\CodeIgniter->runController(Object(App\Controllers\Ventas))
 3 SYSTEMPATH\CodeIgniter.php(354): CodeIgniter\CodeIgniter->handleRequest(null, Object(Config\Cache), false)
 4 SYSTEMPATH\Boot.php(363): CodeIgniter\CodeIgniter->run()
 5 SYSTEMPATH\Boot.php(68): CodeIgniter\Boot::runCodeIgniter(Object(CodeIgniter\CodeIgniter))
 6 FCPATH\index.php(59): CodeIgniter\Boot::bootWeb(Object(Config\Paths))
WARNING - 2025-11-26 22:29:59 --> [DEPRECATED] Function utf8_decode() is deprecated in APPPATH\Controllers\Ventas.php on line 139.
 1 SYSTEMPATH\CodeIgniter.php(933): App\Controllers\Ventas->generarTicketPdf('8')
 2 SYSTEMPATH\CodeIgniter.php(507): CodeIgniter\CodeIgniter->runController(Object(App\Controllers\Ventas))
 3 SYSTEMPATH\CodeIgniter.php(354): CodeIgniter\CodeIgniter->handleRequest(null, Object(Config\Cache), false)
 4 SYSTEMPATH\Boot.php(363): CodeIgniter\CodeIgniter->run()
 5 SYSTEMPATH\Boot.php(68): CodeIgniter\Boot::runCodeIgniter(Object(CodeIgniter\CodeIgniter))
 6 FCPATH\index.php(59): CodeIgniter\Boot::bootWeb(Object(Config\Paths))
DEBUG - 2025-11-26 22:30:09 --> Session: Class initialized using 'CodeIgniter\Session\Handlers\FileHandler' driver.
DEBUG - 2025-11-26 22:30:17 --> Session: Class initialized using 'CodeIgniter\Session\Handlers\FileHandler' driver.
DEBUG - 2025-11-26 22:30:17 --> Session: Class initialized using 'CodeIgniter\Session\Handlers\FileHandler' driver.
DEBUG - 2025-11-26 22:30:47 --> Session: Class initialized using 'CodeIgniter\Session\Handlers\FileHandler' driver.
WARNING - 2025-11-26 22:30:48 --> [DEPRECATED] Function utf8_decode() is deprecated in APPPATH\Controllers\Ventas.php on line 134.
 1 SYSTEMPATH\CodeIgniter.php(933): App\Controllers\Ventas->generarTicketPdf('8')
 2 SYSTEMPATH\CodeIgniter.php(507): CodeIgniter\CodeIgniter->runController(Object(App\Controllers\Ventas))
 3 SYSTEMPATH\CodeIgniter.php(354): CodeIgniter\CodeIgniter->handleRequest(null, Object(Config\Cache), false)
 4 SYSTEMPATH\Boot.php(363): CodeIgniter\CodeIgniter->run()
 5 SYSTEMPATH\Boot.php(68): CodeIgniter\Boot::runCodeIgniter(Object(CodeIgniter\CodeIgniter))
 6 FCPATH\index.php(59): CodeIgniter\Boot::bootWeb(Object(Config\Paths))
WARNING - 2025-11-26 22:30:48 --> [DEPRECATED] Function utf8_decode() is deprecated in APPPATH\Controllers\Ventas.php on line 139.
 1 SYSTEMPATH\CodeIgniter.php(933): App\Controllers\Ventas->generarTicketPdf('8')
 2 SYSTEMPATH\CodeIgniter.php(507): CodeIgniter\CodeIgniter->runController(Object(App\Controllers\Ventas))
 3 SYSTEMPATH\CodeIgniter.php(354): CodeIgniter\CodeIgniter->handleRequest(null, Object(Config\Cache), false)
 4 SYSTEMPATH\Boot.php(363): CodeIgniter\CodeIgniter->run()
 5 SYSTEMPATH\Boot.php(68): CodeIgniter\Boot::runCodeIgniter(Object(CodeIgniter\CodeIgniter))
 6 FCPATH\index.php(59): CodeIgniter\Boot::bootWeb(Object(Config\Paths))
DEBUG - 2025-11-26 22:31:13 --> Session: Class initialized using 'CodeIgniter\Session\Handlers\FileHandler' driver.
DEBUG - 2025-11-26 22:31:17 --> Session: Class initialized using 'CodeIgniter\Session\Handlers\FileHandler' driver.
WARNING - 2025-11-26 22:31:18 --> [DEPRECATED] Function utf8_decode() is deprecated in APPPATH\Controllers\Ventas.php on line 134.
 1 SYSTEMPATH\CodeIgniter.php(933): App\Controllers\Ventas->generarTicketPdf('8')
 2 SYSTEMPATH\CodeIgniter.php(507): CodeIgniter\CodeIgniter->runController(Object(App\Controllers\Ventas))
 3 SYSTEMPATH\CodeIgniter.php(354): CodeIgniter\CodeIgniter->handleRequest(null, Object(Config\Cache), false)
 4 SYSTEMPATH\Boot.php(363): CodeIgniter\CodeIgniter->run()
 5 SYSTEMPATH\Boot.php(68): CodeIgniter\Boot::runCodeIgniter(Object(CodeIgniter\CodeIgniter))
 6 FCPATH\index.php(59): CodeIgniter\Boot::bootWeb(Object(Config\Paths))
WARNING - 2025-11-26 22:31:18 --> [DEPRECATED] Function utf8_decode() is deprecated in APPPATH\Controllers\Ventas.php on line 139.
 1 SYSTEMPATH\CodeIgniter.php(933): App\Controllers\Ventas->generarTicketPdf('8')
 2 SYSTEMPATH\CodeIgniter.php(507): CodeIgniter\CodeIgniter->runController(Object(App\Controllers\Ventas))
 3 SYSTEMPATH\CodeIgniter.php(354): CodeIgniter\CodeIgniter->handleRequest(null, Object(Config\Cache), false)
 4 SYSTEMPATH\Boot.php(363): CodeIgniter\CodeIgniter->run()
 5 SYSTEMPATH\Boot.php(68): CodeIgniter\Boot::runCodeIgniter(Object(CodeIgniter\CodeIgniter))
 6 FCPATH\index.php(59): CodeIgniter\Boot::bootWeb(Object(Config\Paths))
DEBUG - 2025-11-26 22:31:35 --> Session: Class initialized using 'CodeIgniter\Session\Handlers\FileHandler' driver.
WARNING - 2025-11-26 22:31:35 --> [DEPRECATED] Function utf8_decode() is deprecated in APPPATH\Controllers\Ventas.php on line 134.
 1 SYSTEMPATH\CodeIgniter.php(933): App\Controllers\Ventas->generarTicketPdf('8')
 2 SYSTEMPATH\CodeIgniter.php(507): CodeIgniter\CodeIgniter->runController(Object(App\Controllers\Ventas))
 3 SYSTEMPATH\CodeIgniter.php(354): CodeIgniter\CodeIgniter->handleRequest(null, Object(Config\Cache), false)
 4 SYSTEMPATH\Boot.php(363): CodeIgniter\CodeIgniter->run()
 5 SYSTEMPATH\Boot.php(68): CodeIgniter\Boot::runCodeIgniter(Object(CodeIgniter\CodeIgniter))
 6 FCPATH\index.php(59): CodeIgniter\Boot::bootWeb(Object(Config\Paths))
WARNING - 2025-11-26 22:31:35 --> [DEPRECATED] Function utf8_decode() is deprecated in APPPATH\Controllers\Ventas.php on line 139.
 1 SYSTEMPATH\CodeIgniter.php(933): App\Controllers\Ventas->generarTicketPdf('8')
 2 SYSTEMPATH\CodeIgniter.php(507): CodeIgniter\CodeIgniter->runController(Object(App\Controllers\Ventas))
 3 SYSTEMPATH\CodeIgniter.php(354): CodeIgniter\CodeIgniter->handleRequest(null, Object(Config\Cache), false)
 4 SYSTEMPATH\Boot.php(363): CodeIgniter\CodeIgniter->run()
 5 SYSTEMPATH\Boot.php(68): CodeIgniter\Boot::runCodeIgniter(Object(CodeIgniter\CodeIgniter))
 6 FCPATH\index.php(59): CodeIgniter\Boot::bootWeb(Object(Config\Paths))
DEBUG - 2025-11-26 22:31:38 --> Session: Class initialized using 'CodeIgniter\Session\Handlers\FileHandler' driver.
DEBUG - 2025-11-26 22:31:41 --> Session: Class initialized using 'CodeIgniter\Session\Handlers\FileHandler' driver.
WARNING - 2025-11-26 22:31:41 --> [DEPRECATED] Function utf8_decode() is deprecated in APPPATH\Controllers\Ventas.php on line 134.
 1 SYSTEMPATH\CodeIgniter.php(933): App\Controllers\Ventas->generarTicketPdf('8')
 2 SYSTEMPATH\CodeIgniter.php(507): CodeIgniter\CodeIgniter->runController(Object(App\Controllers\Ventas))
 3 SYSTEMPATH\CodeIgniter.php(354): CodeIgniter\CodeIgniter->handleRequest(null, Object(Config\Cache), false)
 4 SYSTEMPATH\Boot.php(363): CodeIgniter\CodeIgniter->run()
 5 SYSTEMPATH\Boot.php(68): CodeIgniter\Boot::runCodeIgniter(Object(CodeIgniter\CodeIgniter))
 6 FCPATH\index.php(59): CodeIgniter\Boot::bootWeb(Object(Config\Paths))
WARNING - 2025-11-26 22:31:41 --> [DEPRECATED] Function utf8_decode() is deprecated in APPPATH\Controllers\Ventas.php on line 139.
 1 SYSTEMPATH\CodeIgniter.php(933): App\Controllers\Ventas->generarTicketPdf('8')
 2 SYSTEMPATH\CodeIgniter.php(507): CodeIgniter\CodeIgniter->runController(Object(App\Controllers\Ventas))
 3 SYSTEMPATH\CodeIgniter.php(354): CodeIgniter\CodeIgniter->handleRequest(null, Object(Config\Cache), false)
 4 SYSTEMPATH\Boot.php(363): CodeIgniter\CodeIgniter->run()
 5 SYSTEMPATH\Boot.php(68): CodeIgniter\Boot::runCodeIgniter(Object(CodeIgniter\CodeIgniter))
 6 FCPATH\index.php(59): CodeIgniter\Boot::bootWeb(Object(Config\Paths))
